2025-11-11 17:37:41,485 [Worker-6: Loading available Gradle versions] INFO  o.e.b.c.i.u.g.PublishedGradleVersions - Gradle version information cache is up-to-date. Trying to read.
2025-11-11 23:45:57,505 [Worker-4: Loading available Gradle versions] INFO  o.e.b.c.i.u.g.PublishedGradleVersions - Gradle version information cache is up-to-date. Trying to read.
2025-11-13 08:56:05,839 [Worker-4: Loading available Gradle versions] INFO  o.e.b.c.i.u.g.PublishedGradleVersions - Gradle version information cache is out-of-date. Trying to update.
2025-11-13 13:56:13,842 [Worker-7: Loading available Gradle versions] INFO  o.e.b.c.i.u.g.PublishedGradleVersions - Gradle version information cache is up-to-date. Trying to read.
2025-11-13 15:39:17,480 [Worker-4: Loading available Gradle versions] INFO  o.e.b.c.i.u.g.PublishedGradleVersions - Gradle version information cache is up-to-date. Trying to read.
2025-11-13 16:55:20,035 [Worker-4: Loading available Gradle versions] INFO  o.e.b.c.i.u.g.PublishedGradleVersions - Gradle version information cache is up-to-date. Trying to read.
2025-11-13 17:13:10,453 [Worker-34: Enabling Maven Dependency Management] INFO  o.e.m.c.i.e.AbstractTransferListenerAdapter - Downloading https://repo.maven.apache.org/maven2/org/apache/maven/plugins/maven-clean-plugin/3.2.0/maven-clean-plugin-3.2.0.jar
2025-11-13 17:13:10,988 [Worker-34: Enabling Maven Dependency Management] INFO  o.e.m.c.i.e.AbstractTransferListenerAdapter - Downloaded https://repo.maven.apache.org/maven2/org/apache/maven/plugins/maven-clean-plugin/3.2.0/maven-clean-plugin-3.2.0.jar
2025-11-13 17:13:11,673 [Worker-34: Enabling Maven Dependency Management] INFO  o.e.m.c.i.e.AbstractTransferListenerAdapter - Downloading https://repo.maven.apache.org/maven2/org/apache/maven/plugins/maven-compiler-plugin/3.8.1/maven-compiler-plugin-3.8.1.jar
2025-11-13 17:13:11,728 [Worker-34: Enabling Maven Dependency Management] INFO  o.e.m.c.i.e.AbstractTransferListenerAdapter - Downloaded https://repo.maven.apache.org/maven2/org/apache/maven/plugins/maven-compiler-plugin/3.8.1/maven-compiler-plugin-3.8.1.jar
2025-11-13 17:13:11,877 [Worker-34: Enabling Maven Dependency Management] INFO  o.e.m.c.i.e.AbstractTransferListenerAdapter - Downloading https://repo.maven.apache.org/maven2/org/apache/maven/plugins/maven-surefire-plugin/3.2.5/maven-surefire-plugin-3.2.5.jar
2025-11-13 17:13:12,176 [Worker-34: Enabling Maven Dependency Management] INFO  o.e.m.c.i.e.AbstractTransferListenerAdapter - Downloaded https://repo.maven.apache.org/maven2/org/apache/maven/plugins/maven-surefire-plugin/3.2.5/maven-surefire-plugin-3.2.5.jar
2025-11-13 17:13:12,359 [Worker-34: Enabling Maven Dependency Management] INFO  o.e.m.c.i.e.AbstractTransferListenerAdapter - Downloading https://repo.maven.apache.org/maven2/org/apache/maven/plugins/maven-war-plugin/3.2.3/maven-war-plugin-3.2.3.jar
2025-11-13 17:13:12,401 [Worker-34: Enabling Maven Dependency Management] INFO  o.e.m.c.i.e.AbstractTransferListenerAdapter - Downloaded https://repo.maven.apache.org/maven2/org/apache/maven/plugins/maven-war-plugin/3.2.3/maven-war-plugin-3.2.3.jar
2025-11-13 17:13:12,505 [Worker-34: Enabling Maven Dependency Management] INFO  o.e.m.c.i.e.AbstractTransferListenerAdapter - Downloading https://repo.maven.apache.org/maven2/org/apache/maven/plugins/maven-install-plugin/3.1.1/maven-install-plugin-3.1.1.jar
2025-11-13 17:13:12,753 [Worker-34: Enabling Maven Dependency Management] INFO  o.e.m.c.i.e.AbstractTransferListenerAdapter - Downloaded https://repo.maven.apache.org/maven2/org/apache/maven/plugins/maven-install-plugin/3.1.1/maven-install-plugin-3.1.1.jar
2025-11-13 17:13:12,922 [Worker-34: Enabling Maven Dependency Management] INFO  o.e.m.c.i.e.AbstractTransferListenerAdapter - Downloading https://repo.maven.apache.org/maven2/org/apache/maven/plugins/maven-deploy-plugin/3.1.1/maven-deploy-plugin-3.1.1.jar
2025-11-13 17:13:13,195 [Worker-34: Enabling Maven Dependency Management] INFO  o.e.m.c.i.e.AbstractTransferListenerAdapter - Downloaded https://repo.maven.apache.org/maven2/org/apache/maven/plugins/maven-deploy-plugin/3.1.1/maven-deploy-plugin-3.1.1.jar
2025-11-13 17:13:13,446 [Worker-34: Enabling Maven Dependency Management] INFO  o.e.m.c.i.e.AbstractTransferListenerAdapter - Downloading https://repo.maven.apache.org/maven2/org/apache/maven/plugins/maven-compiler-plugin/3.8.1/maven-compiler-plugin-3.8.1.pom
2025-11-13 17:13:13,483 [Worker-34: Enabling Maven Dependency Management] INFO  o.e.m.c.i.e.AbstractTransferListenerAdapter - Downloaded https://repo.maven.apache.org/maven2/org/apache/maven/plugins/maven-compiler-plugin/3.8.1/maven-compiler-plugin-3.8.1.pom
2025-11-13 17:13:13,651 [Worker-34: Enabling Maven Dependency Management] INFO  o.e.m.c.i.e.AbstractTransferListenerAdapter - Downloading https://repo.maven.apache.org/maven2/org/apache/maven/plugins/maven-plugins/33/maven-plugins-33.pom
2025-11-13 17:13:13,702 [Worker-34: Enabling Maven Dependency Management] INFO  o.e.m.c.i.e.AbstractTransferListenerAdapter - Downloaded https://repo.maven.apache.org/maven2/org/apache/maven/plugins/maven-plugins/33/maven-plugins-33.pom
2025-11-13 17:13:13,862 [Worker-34: Enabling Maven Dependency Management] INFO  o.e.m.c.i.e.AbstractTransferListenerAdapter - Downloading https://repo.maven.apache.org/maven2/org/apache/maven/maven-plugin-api/3.0/maven-plugin-api-3.0.pom
2025-11-13 17:13:13,928 [Worker-34: Enabling Maven Dependency Management] INFO  o.e.m.c.i.e.AbstractTransferListenerAdapter - Downloaded https://repo.maven.apache.org/maven2/org/apache/maven/maven-plugin-api/3.0/maven-plugin-api-3.0.pom
2025-11-13 17:13:14,176 [Worker-34: Enabling Maven Dependency Management] INFO  o.e.m.c.i.e.AbstractTransferListenerAdapter - Downloading https://repo.maven.apache.org/maven2/org/apache/maven/maven-model/3.0/maven-model-3.0.pom
2025-11-13 17:13:14,246 [Worker-34: Enabling Maven Dependency Management] INFO  o.e.m.c.i.e.AbstractTransferListenerAdapter - Downloaded https://repo.maven.apache.org/maven2/org/apache/maven/maven-model/3.0/maven-model-3.0.pom
2025-11-13 17:13:14,384 [Worker-34: Enabling Maven Dependency Management] INFO  o.e.m.c.i.e.AbstractTransferListenerAdapter - Downloading https://repo.maven.apache.org/maven2/org/codehaus/plexus/plexus-utils/2.0.4/plexus-utils-2.0.4.pom
2025-11-13 17:13:14,459 [Worker-34: Enabling Maven Dependency Management] INFO  o.e.m.c.i.e.AbstractTransferListenerAdapter - Downloaded https://repo.maven.apache.org/maven2/org/codehaus/plexus/plexus-utils/2.0.4/plexus-utils-2.0.4.pom
2025-11-13 17:13:14,596 [Worker-34: Enabling Maven Dependency Management] INFO  o.e.m.c.i.e.AbstractTransferListenerAdapter - Downloading https://repo.maven.apache.org/maven2/org/codehaus/plexus/plexus/2.0.6/plexus-2.0.6.pom
2025-11-13 17:13:14,674 [Worker-34: Enabling Maven Dependency Management] INFO  o.e.m.c.i.e.AbstractTransferListenerAdapter - Downloaded https://repo.maven.apache.org/maven2/org/codehaus/plexus/plexus/2.0.6/plexus-2.0.6.pom
2025-11-13 17:13:14,906 [Worker-34: Enabling Maven Dependency Management] INFO  o.e.m.c.i.e.AbstractTransferListenerAdapter - Downloading https://repo.maven.apache.org/maven2/org/sonatype/sisu/sisu-inject-plexus/1.4.2/sisu-inject-plexus-1.4.2.pom
2025-11-13 17:13:14,978 [Worker-34: Enabling Maven Dependency Management] INFO  o.e.m.c.i.e.AbstractTransferListenerAdapter - Downloaded https://repo.maven.apache.org/maven2/org/sonatype/sisu/sisu-inject-plexus/1.4.2/sisu-inject-plexus-1.4.2.pom
2025-11-13 17:13:15,116 [Worker-34: Enabling Maven Dependency Management] INFO  o.e.m.c.i.e.AbstractTransferListenerAdapter - Downloading https://repo.maven.apache.org/maven2/org/sonatype/sisu/inject/guice-plexus/1.4.2/guice-plexus-1.4.2.pom
2025-11-13 17:13:15,198 [Worker-34: Enabling Maven Dependency Management] INFO  o.e.m.c.i.e.AbstractTransferListenerAdapter - Downloaded https://repo.maven.apache.org/maven2/org/sonatype/sisu/inject/guice-plexus/1.4.2/guice-plexus-1.4.2.pom
2025-11-13 17:13:15,323 [Worker-34: Enabling Maven Dependency Management] INFO  o.e.m.c.i.e.AbstractTransferListenerAdapter - Downloading https://repo.maven.apache.org/maven2/org/sonatype/sisu/inject/guice-bean/1.4.2/guice-bean-1.4.2.pom
2025-11-13 17:13:15,363 [Worker-34: Enabling Maven Dependency Management] INFO  o.e.m.c.i.e.AbstractTransferListenerAdapter - Downloaded https://repo.maven.apache.org/maven2/org/sonatype/sisu/inject/guice-bean/1.4.2/guice-bean-1.4.2.pom
2025-11-13 17:13:15,429 [Worker-34: Enabling Maven Dependency Management] INFO  o.e.m.c.i.e.AbstractTransferListenerAdapter - Downloading https://repo.maven.apache.org/maven2/org/sonatype/sisu/sisu-inject/1.4.2/sisu-inject-1.4.2.pom
2025-11-13 17:13:15,469 [Worker-34: Enabling Maven Dependency Management] INFO  o.e.m.c.i.e.AbstractTransferListenerAdapter - Downloaded https://repo.maven.apache.org/maven2/org/sonatype/sisu/sisu-inject/1.4.2/sisu-inject-1.4.2.pom
2025-11-13 17:13:15,532 [Worker-34: Enabling Maven Dependency Management] INFO  o.e.m.c.i.e.AbstractTransferListenerAdapter - Downloading https://repo.maven.apache.org/maven2/org/sonatype/sisu/sisu-parent/1.4.2/sisu-parent-1.4.2.pom
2025-11-13 17:13:15,579 [Worker-34: Enabling Maven Dependency Management] INFO  o.e.m.c.i.e.AbstractTransferListenerAdapter - Downloaded https://repo.maven.apache.org/maven2/org/sonatype/sisu/sisu-parent/1.4.2/sisu-parent-1.4.2.pom
2025-11-13 17:13:15,637 [Worker-34: Enabling Maven Dependency Management] INFO  o.e.m.c.i.e.AbstractTransferListenerAdapter - Downloading https://repo.maven.apache.org/maven2/org/sonatype/forge/forge-parent/6/forge-parent-6.pom
2025-11-13 17:13:15,710 [Worker-34: Enabling Maven Dependency Management] INFO  o.e.m.c.i.e.AbstractTransferListenerAdapter - Downloaded https://repo.maven.apache.org/maven2/org/sonatype/forge/forge-parent/6/forge-parent-6.pom
2025-11-13 17:13:15,951 [Worker-34: Enabling Maven Dependency Management] INFO  o.e.m.c.i.e.AbstractTransferListenerAdapter - Downloading https://repo.maven.apache.org/maven2/org/codehaus/plexus/plexus-component-annotations/1.7.1/plexus-component-annotations-1.7.1.pom
2025-11-13 17:13:16,022 [Worker-34: Enabling Maven Dependency Management] INFO  o.e.m.c.i.e.AbstractTransferListenerAdapter - Downloaded https://repo.maven.apache.org/maven2/org/codehaus/plexus/plexus-component-annotations/1.7.1/plexus-component-annotations-1.7.1.pom
2025-11-13 17:13:16,159 [Worker-34: Enabling Maven Dependency Management] INFO  o.e.m.c.i.e.AbstractTransferListenerAdapter - Downloading https://repo.maven.apache.org/maven2/org/codehaus/plexus/plexus-containers/1.7.1/plexus-containers-1.7.1.pom
2025-11-13 17:13:16,204 [Worker-34: Enabling Maven Dependency Management] INFO  o.e.m.c.i.e.AbstractTransferListenerAdapter - Downloaded https://repo.maven.apache.org/maven2/org/codehaus/plexus/plexus-containers/1.7.1/plexus-containers-1.7.1.pom
2025-11-13 17:13:16,473 [Worker-34: Enabling Maven Dependency Management] INFO  o.e.m.c.i.e.AbstractTransferListenerAdapter - Downloading https://repo.maven.apache.org/maven2/org/codehaus/plexus/plexus-classworlds/2.2.3/plexus-classworlds-2.2.3.pom
2025-11-13 17:13:16,517 [Worker-34: Enabling Maven Dependency Management] INFO  o.e.m.c.i.e.AbstractTransferListenerAdapter - Downloaded https://repo.maven.apache.org/maven2/org/codehaus/plexus/plexus-classworlds/2.2.3/plexus-classworlds-2.2.3.pom
2025-11-13 17:13:16,578 [Worker-34: Enabling Maven Dependency Management] INFO  o.e.m.c.i.e.AbstractTransferListenerAdapter - Downloading https://repo.maven.apache.org/maven2/org/codehaus/plexus/plexus-utils/2.0.5/plexus-utils-2.0.5.pom
2025-11-13 17:13:16,624 [Worker-34: Enabling Maven Dependency Management] INFO  o.e.m.c.i.e.AbstractTransferListenerAdapter - Downloaded https://repo.maven.apache.org/maven2/org/codehaus/plexus/plexus-utils/2.0.5/plexus-utils-2.0.5.pom
2025-11-13 17:13:16,682 [Worker-34: Enabling Maven Dependency Management] INFO  o.e.m.c.i.e.AbstractTransferListenerAdapter - Downloading https://repo.maven.apache.org/maven2/org/sonatype/sisu/sisu-inject-bean/1.4.2/sisu-inject-bean-1.4.2.pom
2025-11-13 17:13:16,725 [Worker-34: Enabling Maven Dependency Management] INFO  o.e.m.c.i.e.AbstractTransferListenerAdapter - Downloaded https://repo.maven.apache.org/maven2/org/sonatype/sisu/sisu-inject-bean/1.4.2/sisu-inject-bean-1.4.2.pom
2025-11-13 17:13:16,786 [Worker-34: Enabling Maven Dependency Management] INFO  o.e.m.c.i.e.AbstractTransferListenerAdapter - Downloading https://repo.maven.apache.org/maven2/org/sonatype/sisu/sisu-guice/2.1.7/sisu-guice-2.1.7.pom
2025-11-13 17:13:16,834 [Worker-34: Enabling Maven Dependency Management] INFO  o.e.m.c.i.e.AbstractTransferListenerAdapter - Downloaded https://repo.maven.apache.org/maven2/org/sonatype/sisu/sisu-guice/2.1.7/sisu-guice-2.1.7.pom
2025-11-13 17:13:16,995 [Worker-34: Enabling Maven Dependency Management] INFO  o.e.m.c.i.e.AbstractTransferListenerAdapter - Downloading https://repo.maven.apache.org/maven2/org/apache/maven/maven-core/3.0/maven-core-3.0.pom
2025-11-13 17:13:17,068 [Worker-34: Enabling Maven Dependency Management] INFO  o.e.m.c.i.e.AbstractTransferListenerAdapter - Downloaded https://repo.maven.apache.org/maven2/org/apache/maven/maven-core/3.0/maven-core-3.0.pom
2025-11-13 17:13:17,204 [Worker-34: Enabling Maven Dependency Management] INFO  o.e.m.c.i.e.AbstractTransferListenerAdapter - Downloading https://repo.maven.apache.org/maven2/org/apache/maven/maven-settings/3.0/maven-settings-3.0.pom
2025-11-13 17:13:17,274 [Worker-34: Enabling Maven Dependency Management] INFO  o.e.m.c.i.e.AbstractTransferListenerAdapter - Downloaded https://repo.maven.apache.org/maven2/org/apache/maven/maven-settings/3.0/maven-settings-3.0.pom
2025-11-13 17:13:17,412 [Worker-34: Enabling Maven Dependency Management] INFO  o.e.m.c.i.e.AbstractTransferListenerAdapter - Downloading https://repo.maven.apache.org/maven2/org/apache/maven/maven-settings-builder/3.0/maven-settings-builder-3.0.pom
2025-11-13 17:13:17,485 [Worker-34: Enabling Maven Dependency Management] INFO  o.e.m.c.i.e.AbstractTransferListenerAdapter - Downloaded https://repo.maven.apache.org/maven2/org/apache/maven/maven-settings-builder/3.0/maven-settings-builder-3.0.pom
2025-11-13 17:13:17,621 [Worker-34: Enabling Maven Dependency Management] INFO  o.e.m.c.i.e.AbstractTransferListenerAdapter - Downloading https://repo.maven.apache.org/maven2/org/codehaus/plexus/plexus-interpolation/1.14/plexus-interpolation-1.14.pom
2025-11-13 17:13:17,695 [Worker-34: Enabling Maven Dependency Management] INFO  o.e.m.c.i.e.AbstractTransferListenerAdapter - Downloaded https://repo.maven.apache.org/maven2/org/codehaus/plexus/plexus-interpolation/1.14/plexus-interpolation-1.14.pom
2025-11-13 17:13:17,830 [Worker-34: Enabling Maven Dependency Management] INFO  o.e.m.c.i.e.AbstractTransferListenerAdapter - Downloading https://repo.maven.apache.org/maven2/org/codehaus/plexus/plexus-components/1.1.18/plexus-components-1.1.18.pom
2025-11-13 17:13:17,910 [Worker-34: Enabling Maven Dependency Management] INFO  o.e.m.c.i.e.AbstractTransferListenerAdapter - Downloaded https://repo.maven.apache.org/maven2/org/codehaus/plexus/plexus-components/1.1.18/plexus-components-1.1.18.pom
2025-11-13 17:13:18,039 [Worker-34: Enabling Maven Dependency Management] INFO  o.e.m.c.i.e.AbstractTransferListenerAdapter - Downloading https://repo.maven.apache.org/maven2/org/codehaus/plexus/plexus/2.0.7/plexus-2.0.7.pom
2025-11-13 17:13:18,119 [Worker-34: Enabling Maven Dependency Management] INFO  o.e.m.c.i.e.AbstractTransferListenerAdapter - Downloaded https://repo.maven.apache.org/maven2/org/codehaus/plexus/plexus/2.0.7/plexus-2.0.7.pom
2025-11-13 17:13:18,353 [Worker-34: Enabling Maven Dependency Management] INFO  o.e.m.c.i.e.AbstractTransferListenerAdapter - Downloading https://repo.maven.apache.org/maven2/org/codehaus/plexus/plexus-utils/1.5.5/plexus-utils-1.5.5.pom
2025-11-13 17:13:18,426 [Worker-34: Enabling Maven Dependency Management] INFO  o.e.m.c.i.e.AbstractTransferListenerAdapter - Downloaded https://repo.maven.apache.org/maven2/org/codehaus/plexus/plexus-utils/1.5.5/plexus-utils-1.5.5.pom
2025-11-13 17:13:18,562 [Worker-34: Enabling Maven Dependency Management] INFO  o.e.m.c.i.e.AbstractTransferListenerAdapter - Downloading https://repo.maven.apache.org/maven2/org/apache/maven/maven-repository-metadata/3.0/maven-repository-metadata-3.0.pom
2025-11-13 17:13:18,604 [Worker-34: Enabling Maven Dependency Management] INFO  o.e.m.c.i.e.AbstractTransferListenerAdapter - Downloaded https://repo.maven.apache.org/maven2/org/apache/maven/maven-repository-metadata/3.0/maven-repository-metadata-3.0.pom
2025-11-13 17:13:18,770 [Worker-34: Enabling Maven Dependency Management] INFO  o.e.m.c.i.e.AbstractTransferListenerAdapter - Downloading https://repo.maven.apache.org/maven2/org/apache/maven/maven-model-builder/3.0/maven-model-builder-3.0.pom
2025-11-13 17:13:18,844 [Worker-34: Enabling Maven Dependency Management] INFO  o.e.m.c.i.e.AbstractTransferListenerAdapter - Downloaded https://repo.maven.apache.org/maven2/org/apache/maven/maven-model-builder/3.0/maven-model-builder-3.0.pom
2025-11-13 17:13:18,980 [Worker-34: Enabling Maven Dependency Management] INFO  o.e.m.c.i.e.AbstractTransferListenerAdapter - Downloading https://repo.maven.apache.org/maven2/org/apache/maven/maven-aether-provider/3.0/maven-aether-provider-3.0.pom
2025-11-13 17:13:19,052 [Worker-34: Enabling Maven Dependency Management] INFO  o.e.m.c.i.e.AbstractTransferListenerAdapter - Downloaded https://repo.maven.apache.org/maven2/org/apache/maven/maven-aether-provider/3.0/maven-aether-provider-3.0.pom
2025-11-13 17:13:19,189 [Worker-34: Enabling Maven Dependency Management] INFO  o.e.m.c.i.e.AbstractTransferListenerAdapter - Downloading https://repo.maven.apache.org/maven2/org/sonatype/aether/aether-api/1.7/aether-api-1.7.pom
2025-11-13 17:13:19,231 [Worker-34: Enabling Maven Dependency Management] INFO  o.e.m.c.i.e.AbstractTransferListenerAdapter - Downloaded https://repo.maven.apache.org/maven2/org/sonatype/aether/aether-api/1.7/aether-api-1.7.pom
2025-11-13 17:13:19,295 [Worker-34: Enabling Maven Dependency Management] INFO  o.e.m.c.i.e.AbstractTransferListenerAdapter - Downloading https://repo.maven.apache.org/maven2/org/sonatype/aether/aether-parent/1.7/aether-parent-1.7.pom
2025-11-13 17:13:19,337 [Worker-34: Enabling Maven Dependency Management] INFO  o.e.m.c.i.e.AbstractTransferListenerAdapter - Downloaded https://repo.maven.apache.org/maven2/org/sonatype/aether/aether-parent/1.7/aether-parent-1.7.pom
2025-11-13 17:13:19,397 [Worker-34: Enabling Maven Dependency Management] INFO  o.e.m.c.i.e.AbstractTransferListenerAdapter - Downloading https://repo.maven.apache.org/maven2/org/sonatype/aether/aether-util/1.7/aether-util-1.7.pom
2025-11-13 17:13:19,438 [Worker-34: Enabling Maven Dependency Management] INFO  o.e.m.c.i.e.AbstractTransferListenerAdapter - Downloaded https://repo.maven.apache.org/maven2/org/sonatype/aether/aether-util/1.7/aether-util-1.7.pom
2025-11-13 17:13:19,515 [Worker-34: Enabling Maven Dependency Management] INFO  o.e.m.c.i.e.AbstractTransferListenerAdapter - Downloading https://repo.maven.apache.org/maven2/org/sonatype/aether/aether-impl/1.7/aether-impl-1.7.pom
2025-11-13 17:13:19,554 [Worker-34: Enabling Maven Dependency Management] INFO  o.e.m.c.i.e.AbstractTransferListenerAdapter - Downloaded https://repo.maven.apache.org/maven2/org/sonatype/aether/aether-impl/1.7/aether-impl-1.7.pom
2025-11-13 17:13:19,711 [Worker-34: Enabling Maven Dependency Management] INFO  o.e.m.c.i.e.AbstractTransferListenerAdapter - Downloading https://repo.maven.apache.org/maven2/org/sonatype/aether/aether-spi/1.7/aether-spi-1.7.pom
2025-11-13 17:13:19,783 [Worker-34: Enabling Maven Dependency Management] INFO  o.e.m.c.i.e.AbstractTransferListenerAdapter - Downloaded https://repo.maven.apache.org/maven2/org/sonatype/aether/aether-spi/1.7/aether-spi-1.7.pom
2025-11-13 17:13:19,921 [Worker-34: Enabling Maven Dependency Management] INFO  o.e.m.c.i.e.AbstractTransferListenerAdapter - Downloading https://repo.maven.apache.org/maven2/org/apache/maven/shared/maven-shared-utils/3.2.1/maven-shared-utils-3.2.1.pom
2025-11-13 17:13:19,996 [Worker-34: Enabling Maven Dependency Management] INFO  o.e.m.c.i.e.AbstractTransferListenerAdapter - Downloaded https://repo.maven.apache.org/maven2/org/apache/maven/shared/maven-shared-utils/3.2.1/maven-shared-utils-3.2.1.pom
2025-11-13 17:13:20,102 [Worker-34: Enabling Maven Dependency Management] INFO  o.e.m.c.i.e.AbstractTransferListenerAdapter - Downloading https://repo.maven.apache.org/maven2/org/apache/maven/shared/maven-shared-components/30/maven-shared-components-30.pom
2025-11-13 17:13:20,185 [Worker-34: Enabling Maven Dependency Management] INFO  o.e.m.c.i.e.AbstractTransferListenerAdapter - Downloaded https://repo.maven.apache.org/maven2/org/apache/maven/shared/maven-shared-components/30/maven-shared-components-30.pom
2025-11-13 17:13:20,339 [Worker-34: Enabling Maven Dependency Management] INFO  o.e.m.c.i.e.AbstractTransferListenerAdapter - Downloading https://repo.maven.apache.org/maven2/org/apache/maven/maven-parent/30/maven-parent-30.pom
2025-11-13 17:13:20,418 [Worker-34: Enabling Maven Dependency Management] INFO  o.e.m.c.i.e.AbstractTransferListenerAdapter - Downloaded https://repo.maven.apache.org/maven2/org/apache/maven/maven-parent/30/maven-parent-30.pom
2025-11-13 17:13:20,546 [Worker-34: Enabling Maven Dependency Management] INFO  o.e.m.c.i.e.AbstractTransferListenerAdapter - Downloading https://repo.maven.apache.org/maven2/commons-io/commons-io/2.5/commons-io-2.5.pom
2025-11-13 17:13:20,594 [Worker-34: Enabling Maven Dependency Management] INFO  o.e.m.c.i.e.AbstractTransferListenerAdapter - Downloaded https://repo.maven.apache.org/maven2/commons-io/commons-io/2.5/commons-io-2.5.pom
2025-11-13 17:13:21,068 [Worker-34: Enabling Maven Dependency Management] INFO  o.e.m.c.i.e.AbstractTransferListenerAdapter - Downloading https://repo.maven.apache.org/maven2/org/apache/maven/maven-core/2.2.1/maven-core-2.2.1.pom
2025-11-13 17:13:21,146 [Worker-34: Enabling Maven Dependency Management] INFO  o.e.m.c.i.e.AbstractTransferListenerAdapter - Downloaded https://repo.maven.apache.org/maven2/org/apache/maven/maven-core/2.2.1/maven-core-2.2.1.pom
2025-11-13 17:13:21,280 [Worker-34: Enabling Maven Dependency Management] INFO  o.e.m.c.i.e.AbstractTransferListenerAdapter - Downloading https://repo.maven.apache.org/maven2/org/apache/maven/maven-settings/2.2.1/maven-settings-2.2.1.pom
2025-11-13 17:13:21,355 [Worker-34: Enabling Maven Dependency Management] INFO  o.e.m.c.i.e.AbstractTransferListenerAdapter - Downloaded https://repo.maven.apache.org/maven2/org/apache/maven/maven-settings/2.2.1/maven-settings-2.2.1.pom
2025-11-13 17:13:21,487 [Worker-34: Enabling Maven Dependency Management] INFO  o.e.m.c.i.e.AbstractTransferListenerAdapter - Downloading https://repo.maven.apache.org/maven2/org/codehaus/plexus/plexus-utils/1.5.15/plexus-utils-1.5.15.pom
2025-11-13 17:13:21,562 [Worker-34: Enabling Maven Dependency Management] INFO  o.e.m.c.i.e.AbstractTransferListenerAdapter - Downloaded https://repo.maven.apache.org/maven2/org/codehaus/plexus/plexus-utils/1.5.15/plexus-utils-1.5.15.pom
2025-11-13 17:13:21,695 [Worker-34: Enabling Maven Dependency Management] INFO  o.e.m.c.i.e.AbstractTransferListenerAdapter - Downloading https://repo.maven.apache.org/maven2/org/codehaus/plexus/plexus/2.0.2/plexus-2.0.2.pom
2025-11-13 17:13:21,778 [Worker-34: Enabling Maven Dependency Management] INFO  o.e.m.c.i.e.AbstractTransferListenerAdapter - Downloaded https://repo.maven.apache.org/maven2/org/codehaus/plexus/plexus/2.0.2/plexus-2.0.2.pom
2025-11-13 17:13:21,904 [Worker-34: Enabling Maven Dependency Management] INFO  o.e.m.c.i.e.AbstractTransferListenerAdapter - Downloading https://repo.maven.apache.org/maven2/org/codehaus/plexus/plexus-interpolation/1.11/plexus-interpolation-1.11.pom
2025-11-13 17:13:21,945 [Worker-34: Enabling Maven Dependency Management] INFO  o.e.m.c.i.e.AbstractTransferListenerAdapter - Downloaded https://repo.maven.apache.org/maven2/org/codehaus/plexus/plexus-interpolation/1.11/plexus-interpolation-1.11.pom
2025-11-13 17:13:22,005 [Worker-34: Enabling Maven Dependency Management] INFO  o.e.m.c.i.e.AbstractTransferListenerAdapter - Downloading https://repo.maven.apache.org/maven2/org/codehaus/plexus/plexus-components/1.1.14/plexus-components-1.1.14.pom
2025-11-13 17:13:22,048 [Worker-34: Enabling Maven Dependency Management] INFO  o.e.m.c.i.e.AbstractTransferListenerAdapter - Downloaded https://repo.maven.apache.org/maven2/org/codehaus/plexus/plexus-components/1.1.14/plexus-components-1.1.14.pom
2025-11-13 17:13:22,114 [Worker-34: Enabling Maven Dependency Management] INFO  o.e.m.c.i.e.AbstractTransferListenerAdapter - Downloading https://repo.maven.apache.org/maven2/org/apache/maven/maven-plugin-parameter-documenter/2.2.1/maven-plugin-parameter-documenter-2.2.1.pom
2025-11-13 17:13:22,156 [Worker-34: Enabling Maven Dependency Management] INFO  o.e.m.c.i.e.AbstractTransferListenerAdapter - Downloaded https://repo.maven.apache.org/maven2/org/apache/maven/maven-plugin-parameter-documenter/2.2.1/maven-plugin-parameter-documenter-2.2.1.pom
2025-11-13 17:13:22,322 [Worker-34: Enabling Maven Dependency Management] INFO  o.e.m.c.i.e.AbstractTransferListenerAdapter - Downloading https://repo.maven.apache.org/maven2/org/slf4j/slf4j-jdk14/1.5.6/slf4j-jdk14-1.5.6.pom
2025-11-13 17:13:22,393 [Worker-34: Enabling Maven Dependency Management] INFO  o.e.m.c.i.e.AbstractTransferListenerAdapter - Downloaded https://repo.maven.apache.org/maven2/org/slf4j/slf4j-jdk14/1.5.6/slf4j-jdk14-1.5.6.pom
2025-11-13 17:13:22,531 [Worker-34: Enabling Maven Dependency Management] INFO  o.e.m.c.i.e.AbstractTransferListenerAdapter - Downloading https://repo.maven.apache.org/maven2/org/slf4j/slf4j-parent/1.5.6/slf4j-parent-1.5.6.pom
2025-11-13 17:13:22,606 [Worker-34: Enabling Maven Dependency Management] INFO  o.e.m.c.i.e.AbstractTransferListenerAdapter - Downloaded https://repo.maven.apache.org/maven2/org/slf4j/slf4j-parent/1.5.6/slf4j-parent-1.5.6.pom
2025-11-13 17:13:22,739 [Worker-34: Enabling Maven Dependency Management] INFO  o.e.m.c.i.e.AbstractTransferListenerAdapter - Downloading https://repo.maven.apache.org/maven2/org/slf4j/slf4j-api/1.5.6/slf4j-api-1.5.6.pom
2025-11-13 17:13:22,812 [Worker-34: Enabling Maven Dependency Management] INFO  o.e.m.c.i.e.AbstractTransferListenerAdapter - Downloaded https://repo.maven.apache.org/maven2/org/slf4j/slf4j-api/1.5.6/slf4j-api-1.5.6.pom
2025-11-13 17:13:22,862 [Worker-34: Enabling Maven Dependency Management] INFO  o.e.m.c.i.e.AbstractTransferListenerAdapter - Downloading https://repo.maven.apache.org/maven2/org/slf4j/jcl-over-slf4j/1.5.6/jcl-over-slf4j-1.5.6.pom
2025-11-13 17:13:22,905 [Worker-34: Enabling Maven Dependency Management] INFO  o.e.m.c.i.e.AbstractTransferListenerAdapter - Downloaded https://repo.maven.apache.org/maven2/org/slf4j/jcl-over-slf4j/1.5.6/jcl-over-slf4j-1.5.6.pom
2025-11-13 17:13:23,051 [Worker-34: Enabling Maven Dependency Management] INFO  o.e.m.c.i.e.AbstractTransferListenerAdapter - Downloading https://repo.maven.apache.org/maven2/org/apache/maven/maven-profile/2.2.1/maven-profile-2.2.1.pom
2025-11-13 17:13:23,124 [Worker-34: Enabling Maven Dependency Management] INFO  o.e.m.c.i.e.AbstractTransferListenerAdapter - Downloaded https://repo.maven.apache.org/maven2/org/apache/maven/maven-profile/2.2.1/maven-profile-2.2.1.pom
2025-11-13 17:13:23,262 [Worker-34: Enabling Maven Dependency Management] INFO  o.e.m.c.i.e.AbstractTransferListenerAdapter - Downloading https://repo.maven.apache.org/maven2/org/apache/maven/maven-repository-metadata/2.2.1/maven-repository-metadata-2.2.1.pom
2025-11-13 17:13:23,304 [Worker-34: Enabling Maven Dependency Management] INFO  o.e.m.c.i.e.AbstractTransferListenerAdapter - Downloaded https://repo.maven.apache.org/maven2/org/apache/maven/maven-repository-metadata/2.2.1/maven-repository-metadata-2.2.1.pom
2025-11-13 17:13:23,370 [Worker-34: Enabling Maven Dependency Management] INFO  o.e.m.c.i.e.AbstractTransferListenerAdapter - Downloading https://repo.maven.apache.org/maven2/org/apache/maven/maven-error-diagnostics/2.2.1/maven-error-diagnostics-2.2.1.pom
2025-11-13 17:13:23,409 [Worker-34: Enabling Maven Dependency Management] INFO  o.e.m.c.i.e.AbstractTransferListenerAdapter - Downloaded https://repo.maven.apache.org/maven2/org/apache/maven/maven-error-diagnostics/2.2.1/maven-error-diagnostics-2.2.1.pom
2025-11-13 17:13:23,698 [Worker-34: Enabling Maven Dependency Management] INFO  o.e.m.c.i.e.AbstractTransferListenerAdapter - Downloading https://repo.maven.apache.org/maven2/org/apache/maven/maven-project/2.2.1/maven-project-2.2.1.pom
2025-11-13 17:13:23,773 [Worker-34: Enabling Maven Dependency Management] INFO  o.e.m.c.i.e.AbstractTransferListenerAdapter - Downloaded https://repo.maven.apache.org/maven2/org/apache/maven/maven-project/2.2.1/maven-project-2.2.1.pom
2025-11-13 17:13:23,871 [Worker-34: Enabling Maven Dependency Management] INFO  o.e.m.c.i.e.AbstractTransferListenerAdapter - Downloading https://repo.maven.apache.org/maven2/org/apache/maven/maven-artifact-manager/2.2.1/maven-artifact-manager-2.2.1.pom
2025-11-13 17:13:23,913 [Worker-34: Enabling Maven Dependency Management] INFO  o.e.m.c.i.e.AbstractTransferListenerAdapter - Downloaded https://repo.maven.apache.org/maven2/org/apache/maven/maven-artifact-manager/2.2.1/maven-artifact-manager-2.2.1.pom
2025-11-13 17:13:23,994 [Worker-34: Enabling Maven Dependency Management] INFO  o.e.m.c.i.e.AbstractTransferListenerAdapter - Downloading https://repo.maven.apache.org/maven2/backport-util-concurrent/backport-util-concurrent/3.1/backport-util-concurrent-3.1.pom
2025-11-13 17:13:24,031 [Worker-34: Enabling Maven Dependency Management] INFO  o.e.m.c.i.e.AbstractTransferListenerAdapter - Downloaded https://repo.maven.apache.org/maven2/backport-util-concurrent/backport-util-concurrent/3.1/backport-util-concurrent-3.1.pom
2025-11-13 17:13:24,099 [Worker-34: Enabling Maven Dependency Management] INFO  o.e.m.c.i.e.AbstractTransferListenerAdapter - Downloading https://repo.maven.apache.org/maven2/org/apache/maven/maven-plugin-registry/2.2.1/maven-plugin-registry-2.2.1.pom
2025-11-13 17:13:24,142 [Worker-34: Enabling Maven Dependency Management] INFO  o.e.m.c.i.e.AbstractTransferListenerAdapter - Downloaded https://repo.maven.apache.org/maven2/org/apache/maven/maven-plugin-registry/2.2.1/maven-plugin-registry-2.2.1.pom
2025-11-13 17:13:24,340 [Worker-34: Enabling Maven Dependency Management] INFO  o.e.m.c.i.e.AbstractTransferListenerAdapter - Downloading https://repo.maven.apache.org/maven2/org/apache/maven/maven-plugin-descriptor/2.2.1/maven-plugin-descriptor-2.2.1.pom
2025-11-13 17:13:24,380 [Worker-34: Enabling Maven Dependency Management] INFO  o.e.m.c.i.e.AbstractTransferListenerAdapter - Downloaded https://repo.maven.apache.org/maven2/org/apache/maven/maven-plugin-descriptor/2.2.1/maven-plugin-descriptor-2.2.1.pom
2025-11-13 17:13:24,515 [Worker-34: Enabling Maven Dependency Management] INFO  o.e.m.c.i.e.AbstractTransferListenerAdapter - Downloading https://repo.maven.apache.org/maven2/org/apache/maven/maven-monitor/2.2.1/maven-monitor-2.2.1.pom
2025-11-13 17:13:24,586 [Worker-34: Enabling Maven Dependency Management] INFO  o.e.m.c.i.e.AbstractTransferListenerAdapter - Downloaded https://repo.maven.apache.org/maven2/org/apache/maven/maven-monitor/2.2.1/maven-monitor-2.2.1.pom
2025-11-13 17:13:24,725 [Worker-34: Enabling Maven Dependency Management] INFO  o.e.m.c.i.e.AbstractTransferListenerAdapter - Downloading https://repo.maven.apache.org/maven2/org/apache/maven/shared/maven-shared-utils/0.1/maven-shared-utils-0.1.pom
2025-11-13 17:13:24,801 [Worker-34: Enabling Maven Dependency Management] INFO  o.e.m.c.i.e.AbstractTransferListenerAdapter - Downloaded https://repo.maven.apache.org/maven2/org/apache/maven/shared/maven-shared-utils/0.1/maven-shared-utils-0.1.pom
2025-11-13 17:13:24,934 [Worker-34: Enabling Maven Dependency Management] INFO  o.e.m.c.i.e.AbstractTransferListenerAdapter - Downloading https://repo.maven.apache.org/maven2/org/apache/maven/shared/maven-shared-components/18/maven-shared-components-18.pom
2025-11-13 17:13:25,012 [Worker-34: Enabling Maven Dependency Management] INFO  o.e.m.c.i.e.AbstractTransferListenerAdapter - Downloaded https://repo.maven.apache.org/maven2/org/apache/maven/shared/maven-shared-components/18/maven-shared-components-18.pom
2025-11-13 17:13:25,151 [Worker-34: Enabling Maven Dependency Management] INFO  o.e.m.c.i.e.AbstractTransferListenerAdapter - Downloading https://repo.maven.apache.org/maven2/org/apache/maven/maven-parent/22/maven-parent-22.pom
2025-11-13 17:13:25,231 [Worker-34: Enabling Maven Dependency Management] INFO  o.e.m.c.i.e.AbstractTransferListenerAdapter - Downloaded https://repo.maven.apache.org/maven2/org/apache/maven/maven-parent/22/maven-parent-22.pom
2025-11-13 17:13:25,351 [Worker-34: Enabling Maven Dependency Management] INFO  o.e.m.c.i.e.AbstractTransferListenerAdapter - Downloading https://repo.maven.apache.org/maven2/org/apache/apache/11/apache-11.pom
2025-11-13 17:13:25,433 [Worker-34: Enabling Maven Dependency Management] INFO  o.e.m.c.i.e.AbstractTransferListenerAdapter - Downloaded https://repo.maven.apache.org/maven2/org/apache/apache/11/apache-11.pom
2025-11-13 17:13:25,561 [Worker-34: Enabling Maven Dependency Management] INFO  o.e.m.c.i.e.AbstractTransferListenerAdapter - Downloading https://repo.maven.apache.org/maven2/com/google/code/findbugs/jsr305/2.0.1/jsr305-2.0.1.pom
2025-11-13 17:13:25,604 [Worker-34: Enabling Maven Dependency Management] INFO  o.e.m.c.i.e.AbstractTransferListenerAdapter - Downloaded https://repo.maven.apache.org/maven2/com/google/code/findbugs/jsr305/2.0.1/jsr305-2.0.1.pom
2025-11-13 17:13:25,665 [Worker-34: Enabling Maven Dependency Management] INFO  o.e.m.c.i.e.AbstractTransferListenerAdapter - Downloading https://repo.maven.apache.org/maven2/org/codehaus/plexus/plexus-java/0.9.10/plexus-java-0.9.10.pom
2025-11-13 17:13:25,706 [Worker-34: Enabling Maven Dependency Management] INFO  o.e.m.c.i.e.AbstractTransferListenerAdapter - Downloaded https://repo.maven.apache.org/maven2/org/codehaus/plexus/plexus-java/0.9.10/plexus-java-0.9.10.pom
2025-11-13 17:13:25,768 [Worker-34: Enabling Maven Dependency Management] INFO  o.e.m.c.i.e.AbstractTransferListenerAdapter - Downloading https://repo.maven.apache.org/maven2/org/codehaus/plexus/plexus-languages/0.9.10/plexus-languages-0.9.10.pom
2025-11-13 17:13:25,811 [Worker-34: Enabling Maven Dependency Management] INFO  o.e.m.c.i.e.AbstractTransferListenerAdapter - Downloaded https://repo.maven.apache.org/maven2/org/codehaus/plexus/plexus-languages/0.9.10/plexus-languages-0.9.10.pom
2025-11-13 17:13:25,856 [Worker-34: Enabling Maven Dependency Management] INFO  o.e.m.c.i.e.AbstractTransferListenerAdapter - Downloading https://repo.maven.apache.org/maven2/org/ow2/asm/asm/6.2/asm-6.2.pom
2025-11-13 17:13:25,898 [Worker-34: Enabling Maven Dependency Management] INFO  o.e.m.c.i.e.AbstractTransferListenerAdapter - Downloaded https://repo.maven.apache.org/maven2/org/ow2/asm/asm/6.2/asm-6.2.pom
2025-11-13 17:13:25,981 [Worker-34: Enabling Maven Dependency Management] INFO  o.e.m.c.i.e.AbstractTransferListenerAdapter - Downloading https://repo.maven.apache.org/maven2/org/ow2/ow2/1.5/ow2-1.5.pom
2025-11-13 17:13:26,026 [Worker-34: Enabling Maven Dependency Management] INFO  o.e.m.c.i.e.AbstractTransferListenerAdapter - Downloaded https://repo.maven.apache.org/maven2/org/ow2/ow2/1.5/ow2-1.5.pom
2025-11-13 17:13:26,190 [Worker-34: Enabling Maven Dependency Management] INFO  o.e.m.c.i.e.AbstractTransferListenerAdapter - Downloading https://repo.maven.apache.org/maven2/com/thoughtworks/qdox/qdox/2.0-M9/qdox-2.0-M9.pom
2025-11-13 17:13:26,266 [Worker-34: Enabling Maven Dependency Management] INFO  o.e.m.c.i.e.AbstractTransferListenerAdapter - Downloaded https://repo.maven.apache.org/maven2/com/thoughtworks/qdox/qdox/2.0-M9/qdox-2.0-M9.pom
2025-11-13 17:13:26,396 [Worker-34: Enabling Maven Dependency Management] INFO  o.e.m.c.i.e.AbstractTransferListenerAdapter - Downloading https://repo.maven.apache.org/maven2/org/codehaus/plexus/plexus-compiler-api/2.8.4/plexus-compiler-api-2.8.4.pom
2025-11-13 17:13:26,436 [Worker-34: Enabling Maven Dependency Management] INFO  o.e.m.c.i.e.AbstractTransferListenerAdapter - Downloaded https://repo.maven.apache.org/maven2/org/codehaus/plexus/plexus-compiler-api/2.8.4/plexus-compiler-api-2.8.4.pom
2025-11-13 17:13:26,501 [Worker-34: Enabling Maven Dependency Management] INFO  o.e.m.c.i.e.AbstractTransferListenerAdapter - Downloading https://repo.maven.apache.org/maven2/org/codehaus/plexus/plexus-compiler/2.8.4/plexus-compiler-2.8.4.pom
2025-11-13 17:13:26,544 [Worker-34: Enabling Maven Dependency Management] INFO  o.e.m.c.i.e.AbstractTransferListenerAdapter - Downloaded https://repo.maven.apache.org/maven2/org/codehaus/plexus/plexus-compiler/2.8.4/plexus-compiler-2.8.4.pom
2025-11-13 17:13:26,708 [Worker-34: Enabling Maven Dependency Management] INFO  o.e.m.c.i.e.AbstractTransferListenerAdapter - Downloading https://repo.maven.apache.org/maven2/org/codehaus/plexus/plexus-utils/3.0.22/plexus-utils-3.0.22.pom
2025-11-13 17:13:26,784 [Worker-34: Enabling Maven Dependency Management] INFO  o.e.m.c.i.e.AbstractTransferListenerAdapter - Downloaded https://repo.maven.apache.org/maven2/org/codehaus/plexus/plexus-utils/3.0.22/plexus-utils-3.0.22.pom
2025-11-13 17:13:26,924 [Worker-34: Enabling Maven Dependency Management] INFO  o.e.m.c.i.e.AbstractTransferListenerAdapter - Downloading https://repo.maven.apache.org/maven2/org/codehaus/plexus/plexus-compiler-manager/2.8.4/plexus-compiler-manager-2.8.4.pom
2025-11-13 17:13:26,962 [Worker-34: Enabling Maven Dependency Management] INFO  o.e.m.c.i.e.AbstractTransferListenerAdapter - Downloaded https://repo.maven.apache.org/maven2/org/codehaus/plexus/plexus-compiler-manager/2.8.4/plexus-compiler-manager-2.8.4.pom
2025-11-13 17:13:27,023 [Worker-34: Enabling Maven Dependency Management] INFO  o.e.m.c.i.e.AbstractTransferListenerAdapter - Downloading https://repo.maven.apache.org/maven2/org/codehaus/plexus/plexus-compiler-javac/2.8.4/plexus-compiler-javac-2.8.4.pom
2025-11-13 17:13:27,067 [Worker-34: Enabling Maven Dependency Management] INFO  o.e.m.c.i.e.AbstractTransferListenerAdapter - Downloaded https://repo.maven.apache.org/maven2/org/codehaus/plexus/plexus-compiler-javac/2.8.4/plexus-compiler-javac-2.8.4.pom
2025-11-13 17:13:27,126 [Worker-34: Enabling Maven Dependency Management] INFO  o.e.m.c.i.e.AbstractTransferListenerAdapter - Downloading https://repo.maven.apache.org/maven2/org/codehaus/plexus/plexus-compilers/2.8.4/plexus-compilers-2.8.4.pom
2025-11-13 17:13:27,170 [Worker-34: Enabling Maven Dependency Management] INFO  o.e.m.c.i.e.AbstractTransferListenerAdapter - Downloaded https://repo.maven.apache.org/maven2/org/codehaus/plexus/plexus-compilers/2.8.4/plexus-compilers-2.8.4.pom
2025-11-13 17:13:27,338 [Worker-34: Enabling Maven Dependency Management] INFO  o.e.m.c.i.e.AbstractTransferListenerAdapter - Downloading https://repo.maven.apache.org/maven2/org/apache/maven/maven-plugin-api/3.0/maven-plugin-api-3.0.jar
2025-11-13 17:13:27,904 [Worker-34: Enabling Maven Dependency Management] INFO  o.e.m.c.i.e.AbstractTransferListenerAdapter - Downloaded https://repo.maven.apache.org/maven2/org/apache/maven/maven-plugin-api/3.0/maven-plugin-api-3.0.jar
2025-11-13 17:13:27,956 [BasicRepositoryConnector-repo.maven.apache.org-0-0] INFO  o.e.m.c.i.e.AbstractTransferListenerAdapter - Downloading https://repo.maven.apache.org/maven2/org/apache/maven/maven-model/3.0/maven-model-3.0.jar
2025-11-13 17:13:27,975 [BasicRepositoryConnector-repo.maven.apache.org-0-4] INFO  o.e.m.c.i.e.AbstractTransferListenerAdapter - Downloading https://repo.maven.apache.org/maven2/org/apache/maven/maven-artifact/3.0/maven-artifact-3.0.jar
2025-11-13 17:13:28,021 [BasicRepositoryConnector-repo.maven.apache.org-0-1] INFO  o.e.m.c.i.e.AbstractTransferListenerAdapter - Downloading https://repo.maven.apache.org/maven2/org/sonatype/sisu/sisu-inject-plexus/1.4.2/sisu-inject-plexus-1.4.2.jar
2025-11-13 17:13:28,021 [BasicRepositoryConnector-repo.maven.apache.org-0-2] INFO  o.e.m.c.i.e.AbstractTransferListenerAdapter - Downloading https://repo.maven.apache.org/maven2/org/sonatype/sisu/sisu-inject-bean/1.4.2/sisu-inject-bean-1.4.2.jar
2025-11-13 17:13:28,021 [BasicRepositoryConnector-repo.maven.apache.org-0-3] INFO  o.e.m.c.i.e.AbstractTransferListenerAdapter - Downloading https://repo.maven.apache.org/maven2/org/sonatype/sisu/sisu-guice/2.1.7/sisu-guice-2.1.7-noaop.jar
2025-11-13 17:13:28,069 [BasicRepositoryConnector-repo.maven.apache.org-0-0] INFO  o.e.m.c.i.e.AbstractTransferListenerAdapter - Downloaded https://repo.maven.apache.org/maven2/org/apache/maven/maven-model/3.0/maven-model-3.0.jar
2025-11-13 17:13:28,080 [BasicRepositoryConnector-repo.maven.apache.org-0-4] INFO  o.e.m.c.i.e.AbstractTransferListenerAdapter - Downloaded https://repo.maven.apache.org/maven2/org/apache/maven/maven-artifact/3.0/maven-artifact-3.0.jar
2025-11-13 17:13:28,108 [BasicRepositoryConnector-repo.maven.apache.org-0-1] INFO  o.e.m.c.i.e.AbstractTransferListenerAdapter - Downloaded https://repo.maven.apache.org/maven2/org/sonatype/sisu/sisu-inject-plexus/1.4.2/sisu-inject-plexus-1.4.2.jar
2025-11-13 17:13:28,109 [BasicRepositoryConnector-repo.maven.apache.org-0-0] INFO  o.e.m.c.i.e.AbstractTransferListenerAdapter - Downloading https://repo.maven.apache.org/maven2/org/codehaus/plexus/plexus-utils/2.0.4/plexus-utils-2.0.4.jar
2025-11-13 17:13:28,114 [BasicRepositoryConnector-repo.maven.apache.org-0-2] INFO  o.e.m.c.i.e.AbstractTransferListenerAdapter - Downloaded https://repo.maven.apache.org/maven2/org/sonatype/sisu/sisu-inject-bean/1.4.2/sisu-inject-bean-1.4.2.jar
2025-11-13 17:13:28,138 [BasicRepositoryConnector-repo.maven.apache.org-0-3] INFO  o.e.m.c.i.e.AbstractTransferListenerAdapter - Downloaded https://repo.maven.apache.org/maven2/org/sonatype/sisu/sisu-guice/2.1.7/sisu-guice-2.1.7-noaop.jar
2025-11-13 17:13:28,141 [BasicRepositoryConnector-repo.maven.apache.org-0-4] INFO  o.e.m.c.i.e.AbstractTransferListenerAdapter - Downloading https://repo.maven.apache.org/maven2/org/apache/maven/maven-core/3.0/maven-core-3.0.jar
2025-11-13 17:13:28,148 [BasicRepositoryConnector-repo.maven.apache.org-0-2] INFO  o.e.m.c.i.e.AbstractTransferListenerAdapter - Downloading https://repo.maven.apache.org/maven2/org/apache/maven/maven-settings-builder/3.0/maven-settings-builder-3.0.jar
2025-11-13 17:13:28,186 [BasicRepositoryConnector-repo.maven.apache.org-0-0] INFO  o.e.m.c.i.e.AbstractTransferListenerAdapter - Downloaded https://repo.maven.apache.org/maven2/org/codehaus/plexus/plexus-utils/2.0.4/plexus-utils-2.0.4.jar
2025-11-13 17:13:28,220 [BasicRepositoryConnector-repo.maven.apache.org-0-4] INFO  o.e.m.c.i.e.AbstractTransferListenerAdapter - Downloaded https://repo.maven.apache.org/maven2/org/apache/maven/maven-core/3.0/maven-core-3.0.jar
2025-11-13 17:13:28,456 [BasicRepositoryConnector-repo.maven.apache.org-0-0] INFO  o.e.m.c.i.e.AbstractTransferListenerAdapter - Downloading https://repo.maven.apache.org/maven2/org/apache/maven/maven-model-builder/3.0/maven-model-builder-3.0.jar
2025-11-13 17:13:28,497 [BasicRepositoryConnector-repo.maven.apache.org-0-4] INFO  o.e.m.c.i.e.AbstractTransferListenerAdapter - Downloading https://repo.maven.apache.org/maven2/org/apache/maven/maven-aether-provider/3.0/maven-aether-provider-3.0.jar
2025-11-13 17:13:28,497 [BasicRepositoryConnector-repo.maven.apache.org-0-1] INFO  o.e.m.c.i.e.AbstractTransferListenerAdapter - Downloading https://repo.maven.apache.org/maven2/org/apache/maven/maven-settings/3.0/maven-settings-3.0.jar
2025-11-13 17:13:28,515 [BasicRepositoryConnector-repo.maven.apache.org-0-3] INFO  o.e.m.c.i.e.AbstractTransferListenerAdapter - Downloading https://repo.maven.apache.org/maven2/org/apache/maven/maven-repository-metadata/3.0/maven-repository-metadata-3.0.jar
2025-11-13 17:13:28,539 [BasicRepositoryConnector-repo.maven.apache.org-0-0] INFO  o.e.m.c.i.e.AbstractTransferListenerAdapter - Downloaded https://repo.maven.apache.org/maven2/org/apache/maven/maven-model-builder/3.0/maven-model-builder-3.0.jar
2025-11-13 17:13:28,553 [BasicRepositoryConnector-repo.maven.apache.org-0-4] INFO  o.e.m.c.i.e.AbstractTransferListenerAdapter - Downloaded https://repo.maven.apache.org/maven2/org/apache/maven/maven-aether-provider/3.0/maven-aether-provider-3.0.jar
2025-11-13 17:13:28,587 [BasicRepositoryConnector-repo.maven.apache.org-0-0] INFO  o.e.m.c.i.e.AbstractTransferListenerAdapter - Downloading https://repo.maven.apache.org/maven2/org/sonatype/aether/aether-impl/1.7/aether-impl-1.7.jar
2025-11-13 17:13:28,589 [BasicRepositoryConnector-repo.maven.apache.org-0-4] INFO  o.e.m.c.i.e.AbstractTransferListenerAdapter - Downloading https://repo.maven.apache.org/maven2/org/sonatype/aether/aether-spi/1.7/aether-spi-1.7.jar
2025-11-13 17:13:28,637 [BasicRepositoryConnector-repo.maven.apache.org-0-0] INFO  o.e.m.c.i.e.AbstractTransferListenerAdapter - Downloaded https://repo.maven.apache.org/maven2/org/sonatype/aether/aether-impl/1.7/aether-impl-1.7.jar
2025-11-13 17:13:28,697 [BasicRepositoryConnector-repo.maven.apache.org-0-0] INFO  o.e.m.c.i.e.AbstractTransferListenerAdapter - Downloading https://repo.maven.apache.org/maven2/org/sonatype/aether/aether-api/1.7/aether-api-1.7.jar
2025-11-13 17:13:28,749 [BasicRepositoryConnector-repo.maven.apache.org-0-0] INFO  o.e.m.c.i.e.AbstractTransferListenerAdapter - Downloaded https://repo.maven.apache.org/maven2/org/sonatype/aether/aether-api/1.7/aether-api-1.7.jar
2025-11-13 17:13:28,798 [BasicRepositoryConnector-repo.maven.apache.org-0-0] INFO  o.e.m.c.i.e.AbstractTransferListenerAdapter - Downloading https://repo.maven.apache.org/maven2/org/sonatype/aether/aether-util/1.7/aether-util-1.7.jar
2025-11-13 17:13:28,842 [BasicRepositoryConnector-repo.maven.apache.org-0-0] INFO  o.e.m.c.i.e.AbstractTransferListenerAdapter - Downloaded https://repo.maven.apache.org/maven2/org/sonatype/aether/aether-util/1.7/aether-util-1.7.jar
2025-11-13 17:13:28,872 [BasicRepositoryConnector-repo.maven.apache.org-0-3] INFO  o.e.m.c.i.e.AbstractTransferListenerAdapter - Downloaded https://repo.maven.apache.org/maven2/org/apache/maven/maven-repository-metadata/3.0/maven-repository-metadata-3.0.jar
2025-11-13 17:13:28,876 [BasicRepositoryConnector-repo.maven.apache.org-0-2] INFO  o.e.m.c.i.e.AbstractTransferListenerAdapter - Downloaded https://repo.maven.apache.org/maven2/org/apache/maven/maven-settings-builder/3.0/maven-settings-builder-3.0.jar
2025-11-13 17:13:28,897 [BasicRepositoryConnector-repo.maven.apache.org-0-0] INFO  o.e.m.c.i.e.AbstractTransferListenerAdapter - Downloading https://repo.maven.apache.org/maven2/org/codehaus/plexus/plexus-interpolation/1.14/plexus-interpolation-1.14.jar
2025-11-13 17:13:28,915 [BasicRepositoryConnector-repo.maven.apache.org-0-2] INFO  o.e.m.c.i.e.AbstractTransferListenerAdapter - Downloading https://repo.maven.apache.org/maven2/org/codehaus/plexus/plexus-component-annotations/1.7.1/plexus-component-annotations-1.7.1.jar
2025-11-13 17:13:28,921 [BasicRepositoryConnector-repo.maven.apache.org-0-3] INFO  o.e.m.c.i.e.AbstractTransferListenerAdapter - Downloading https://repo.maven.apache.org/maven2/org/codehaus/plexus/plexus-classworlds/2.2.3/plexus-classworlds-2.2.3.jar
2025-11-13 17:13:28,928 [BasicRepositoryConnector-repo.maven.apache.org-0-4] INFO  o.e.m.c.i.e.AbstractTransferListenerAdapter - Downloaded https://repo.maven.apache.org/maven2/org/sonatype/aether/aether-spi/1.7/aether-spi-1.7.jar
2025-11-13 17:13:28,946 [BasicRepositoryConnector-repo.maven.apache.org-0-0] INFO  o.e.m.c.i.e.AbstractTransferListenerAdapter - Downloaded https://repo.maven.apache.org/maven2/org/codehaus/plexus/plexus-interpolation/1.14/plexus-interpolation-1.14.jar
2025-11-13 17:13:28,976 [BasicRepositoryConnector-repo.maven.apache.org-0-4] INFO  o.e.m.c.i.e.AbstractTransferListenerAdapter - Downloading https://repo.maven.apache.org/maven2/org/sonatype/plexus/plexus-sec-dispatcher/1.3/plexus-sec-dispatcher-1.3.jar
2025-11-13 17:13:28,979 [BasicRepositoryConnector-repo.maven.apache.org-0-0] INFO  o.e.m.c.i.e.AbstractTransferListenerAdapter - Downloading https://repo.maven.apache.org/maven2/org/sonatype/plexus/plexus-cipher/1.4/plexus-cipher-1.4.jar
2025-11-13 17:13:29,008 [BasicRepositoryConnector-repo.maven.apache.org-0-2] INFO  o.e.m.c.i.e.AbstractTransferListenerAdapter - Downloaded https://repo.maven.apache.org/maven2/org/codehaus/plexus/plexus-component-annotations/1.7.1/plexus-component-annotations-1.7.1.jar
2025-11-13 17:13:29,057 [BasicRepositoryConnector-repo.maven.apache.org-0-1] INFO  o.e.m.c.i.e.AbstractTransferListenerAdapter - Downloaded https://repo.maven.apache.org/maven2/org/apache/maven/maven-settings/3.0/maven-settings-3.0.jar
2025-11-13 17:13:29,075 [BasicRepositoryConnector-repo.maven.apache.org-0-2] INFO  o.e.m.c.i.e.AbstractTransferListenerAdapter - Downloading https://repo.maven.apache.org/maven2/org/apache/maven/shared/maven-shared-utils/3.2.1/maven-shared-utils-3.2.1.jar
2025-11-13 17:13:29,104 [BasicRepositoryConnector-repo.maven.apache.org-0-1] INFO  o.e.m.c.i.e.AbstractTransferListenerAdapter - Downloading https://repo.maven.apache.org/maven2/commons-io/commons-io/2.5/commons-io-2.5.jar
2025-11-13 17:13:29,139 [BasicRepositoryConnector-repo.maven.apache.org-0-1] INFO  o.e.m.c.i.e.AbstractTransferListenerAdapter - Downloaded https://repo.maven.apache.org/maven2/commons-io/commons-io/2.5/commons-io-2.5.jar
2025-11-13 17:13:29,145 [BasicRepositoryConnector-repo.maven.apache.org-0-2] INFO  o.e.m.c.i.e.AbstractTransferListenerAdapter - Downloaded https://repo.maven.apache.org/maven2/org/apache/maven/shared/maven-shared-utils/3.2.1/maven-shared-utils-3.2.1.jar
2025-11-13 17:13:29,201 [BasicRepositoryConnector-repo.maven.apache.org-0-0] INFO  o.e.m.c.i.e.AbstractTransferListenerAdapter - Downloaded https://repo.maven.apache.org/maven2/org/sonatype/plexus/plexus-cipher/1.4/plexus-cipher-1.4.jar
2025-11-13 17:13:29,225 [BasicRepositoryConnector-repo.maven.apache.org-0-1] INFO  o.e.m.c.i.e.AbstractTransferListenerAdapter - Downloading https://repo.maven.apache.org/maven2/org/apache/maven/shared/maven-shared-incremental/1.1/maven-shared-incremental-1.1.jar
2025-11-13 17:13:29,226 [BasicRepositoryConnector-repo.maven.apache.org-0-2] INFO  o.e.m.c.i.e.AbstractTransferListenerAdapter - Downloading https://repo.maven.apache.org/maven2/org/codehaus/plexus/plexus-java/0.9.10/plexus-java-0.9.10.jar
2025-11-13 17:13:29,311 [BasicRepositoryConnector-repo.maven.apache.org-0-4] INFO  o.e.m.c.i.e.AbstractTransferListenerAdapter - Downloaded https://repo.maven.apache.org/maven2/org/sonatype/plexus/plexus-sec-dispatcher/1.3/plexus-sec-dispatcher-1.3.jar
2025-11-13 17:13:29,321 [BasicRepositoryConnector-repo.maven.apache.org-0-0] INFO  o.e.m.c.i.e.AbstractTransferListenerAdapter - Downloading https://repo.maven.apache.org/maven2/org/ow2/asm/asm/6.2/asm-6.2.jar
2025-11-13 17:13:29,351 [BasicRepositoryConnector-repo.maven.apache.org-0-4] INFO  o.e.m.c.i.e.AbstractTransferListenerAdapter - Downloading https://repo.maven.apache.org/maven2/com/thoughtworks/qdox/qdox/2.0-M9/qdox-2.0-M9.jar
2025-11-13 17:13:29,378 [BasicRepositoryConnector-repo.maven.apache.org-0-0] INFO  o.e.m.c.i.e.AbstractTransferListenerAdapter - Downloaded https://repo.maven.apache.org/maven2/org/ow2/asm/asm/6.2/asm-6.2.jar
2025-11-13 17:13:29,442 [BasicRepositoryConnector-repo.maven.apache.org-0-0] INFO  o.e.m.c.i.e.AbstractTransferListenerAdapter - Downloading https://repo.maven.apache.org/maven2/org/codehaus/plexus/plexus-compiler-api/2.8.4/plexus-compiler-api-2.8.4.jar
2025-11-13 17:13:29,454 [BasicRepositoryConnector-repo.maven.apache.org-0-4] INFO  o.e.m.c.i.e.AbstractTransferListenerAdapter - Downloaded https://repo.maven.apache.org/maven2/com/thoughtworks/qdox/qdox/2.0-M9/qdox-2.0-M9.jar
2025-11-13 17:13:29,476 [BasicRepositoryConnector-repo.maven.apache.org-0-1] INFO  o.e.m.c.i.e.AbstractTransferListenerAdapter - Downloaded https://repo.maven.apache.org/maven2/org/apache/maven/shared/maven-shared-incremental/1.1/maven-shared-incremental-1.1.jar
2025-11-13 17:13:29,490 [BasicRepositoryConnector-repo.maven.apache.org-0-4] INFO  o.e.m.c.i.e.AbstractTransferListenerAdapter - Downloading https://repo.maven.apache.org/maven2/org/codehaus/plexus/plexus-compiler-manager/2.8.4/plexus-compiler-manager-2.8.4.jar
2025-11-13 17:13:29,536 [BasicRepositoryConnector-repo.maven.apache.org-0-1] INFO  o.e.m.c.i.e.AbstractTransferListenerAdapter - Downloading https://repo.maven.apache.org/maven2/org/codehaus/plexus/plexus-compiler-javac/2.8.4/plexus-compiler-javac-2.8.4.jar
2025-11-13 17:13:29,574 [BasicRepositoryConnector-repo.maven.apache.org-0-4] INFO  o.e.m.c.i.e.AbstractTransferListenerAdapter - Downloaded https://repo.maven.apache.org/maven2/org/codehaus/plexus/plexus-compiler-manager/2.8.4/plexus-compiler-manager-2.8.4.jar
2025-11-13 17:13:29,654 [BasicRepositoryConnector-repo.maven.apache.org-0-3] INFO  o.e.m.c.i.e.AbstractTransferListenerAdapter - Downloaded https://repo.maven.apache.org/maven2/org/codehaus/plexus/plexus-classworlds/2.2.3/plexus-classworlds-2.2.3.jar
2025-11-13 17:13:29,742 [BasicRepositoryConnector-repo.maven.apache.org-0-1] INFO  o.e.m.c.i.e.AbstractTransferListenerAdapter - Downloaded https://repo.maven.apache.org/maven2/org/codehaus/plexus/plexus-compiler-javac/2.8.4/plexus-compiler-javac-2.8.4.jar
2025-11-13 17:13:29,780 [BasicRepositoryConnector-repo.maven.apache.org-0-2] INFO  o.e.m.c.i.e.AbstractTransferListenerAdapter - Downloaded https://repo.maven.apache.org/maven2/org/codehaus/plexus/plexus-java/0.9.10/plexus-java-0.9.10.jar
2025-11-13 17:13:29,854 [BasicRepositoryConnector-repo.maven.apache.org-0-0] INFO  o.e.m.c.i.e.AbstractTransferListenerAdapter - Downloaded https://repo.maven.apache.org/maven2/org/codehaus/plexus/plexus-compiler-api/2.8.4/plexus-compiler-api-2.8.4.jar
2025-11-13 17:13:30,224 [Worker-34: Enabling Maven Dependency Management] INFO  o.e.m.c.i.l.LifecycleMappingFactory - Using org.maven.ide.eclipse.wtp.WarLifecycleMapping lifecycle mapping for MavenProject: gimalProject:gimalProject:0.0.1-SNAPSHOT @ C:\Users\Public\gimalProject\gimalProject\pom.xml.
2025-11-13 17:13:30,364 [Worker-34: Enabling Maven Dependency Management] INFO  o.e.m.c.i.e.AbstractTransferListenerAdapter - Downloading https://repo.maven.apache.org/maven2/org/apache/maven/plugins/maven-war-plugin/3.2.3/maven-war-plugin-3.2.3.pom
2025-11-13 17:13:30,436 [Worker-34: Enabling Maven Dependency Management] INFO  o.e.m.c.i.e.AbstractTransferListenerAdapter - Downloaded https://repo.maven.apache.org/maven2/org/apache/maven/plugins/maven-war-plugin/3.2.3/maven-war-plugin-3.2.3.pom
2025-11-13 17:13:30,782 [Worker-34: Enabling Maven Dependency Management] INFO  o.e.m.c.i.e.AbstractTransferListenerAdapter - Downloading https://repo.maven.apache.org/maven2/org/apache/maven/plugins/maven-surefire-plugin/3.2.5/maven-surefire-plugin-3.2.5.pom
2025-11-13 17:13:30,852 [Worker-34: Enabling Maven Dependency Management] INFO  o.e.m.c.i.e.AbstractTransferListenerAdapter - Downloaded https://repo.maven.apache.org/maven2/org/apache/maven/plugins/maven-surefire-plugin/3.2.5/maven-surefire-plugin-3.2.5.pom
2025-11-13 17:13:30,990 [Worker-34: Enabling Maven Dependency Management] INFO  o.e.m.c.i.e.AbstractTransferListenerAdapter - Downloading https://repo.maven.apache.org/maven2/org/apache/maven/surefire/surefire/3.2.5/surefire-3.2.5.pom
2025-11-13 17:13:31,073 [Worker-34: Enabling Maven Dependency Management] INFO  o.e.m.c.i.e.AbstractTransferListenerAdapter - Downloaded https://repo.maven.apache.org/maven2/org/apache/maven/surefire/surefire/3.2.5/surefire-3.2.5.pom
2025-11-13 17:13:31,305 [Worker-34: Enabling Maven Dependency Management] INFO  o.e.m.c.i.e.AbstractTransferListenerAdapter - Downloading https://repo.maven.apache.org/maven2/org/junit/junit-bom/5.9.3/junit-bom-5.9.3.pom
2025-11-13 17:13:31,375 [Worker-34: Enabling Maven Dependency Management] INFO  o.e.m.c.i.e.AbstractTransferListenerAdapter - Downloaded https://repo.maven.apache.org/maven2/org/junit/junit-bom/5.9.3/junit-bom-5.9.3.pom
2025-11-13 17:13:31,514 [Worker-34: Enabling Maven Dependency Management] INFO  o.e.m.c.i.e.AbstractTransferListenerAdapter - Downloading https://repo.maven.apache.org/maven2/org/apache/maven/maven-archiver/3.4.0/maven-archiver-3.4.0.pom
2025-11-13 17:13:31,556 [Worker-34: Enabling Maven Dependency Management] INFO  o.e.m.c.i.e.AbstractTransferListenerAdapter - Downloaded https://repo.maven.apache.org/maven2/org/apache/maven/maven-archiver/3.4.0/maven-archiver-3.4.0.pom
2025-11-13 17:13:31,618 [Worker-34: Enabling Maven Dependency Management] INFO  o.e.m.c.i.e.AbstractTransferListenerAdapter - Downloading https://repo.maven.apache.org/maven2/org/apache/maven/shared/maven-shared-components/33/maven-shared-components-33.pom
2025-11-13 17:13:31,660 [Worker-34: Enabling Maven Dependency Management] INFO  o.e.m.c.i.e.AbstractTransferListenerAdapter - Downloaded https://repo.maven.apache.org/maven2/org/apache/maven/shared/maven-shared-components/33/maven-shared-components-33.pom
2025-11-13 17:13:31,723 [Worker-34: Enabling Maven Dependency Management] INFO  o.e.m.c.i.e.AbstractTransferListenerAdapter - Downloading https://repo.maven.apache.org/maven2/org/codehaus/plexus/plexus-archiver/4.1.0/plexus-archiver-4.1.0.pom
2025-11-13 17:13:31,764 [Worker-34: Enabling Maven Dependency Management] INFO  o.e.m.c.i.e.AbstractTransferListenerAdapter - Downloaded https://repo.maven.apache.org/maven2/org/codehaus/plexus/plexus-archiver/4.1.0/plexus-archiver-4.1.0.pom
2025-11-13 17:13:31,931 [Worker-34: Enabling Maven Dependency Management] INFO  o.e.m.c.i.e.AbstractTransferListenerAdapter - Downloading https://repo.maven.apache.org/maven2/org/codehaus/plexus/plexus-utils/3.1.1/plexus-utils-3.1.1.pom
2025-11-13 17:13:32,003 [Worker-34: Enabling Maven Dependency Management] INFO  o.e.m.c.i.e.AbstractTransferListenerAdapter - Downloaded https://repo.maven.apache.org/maven2/org/codehaus/plexus/plexus-utils/3.1.1/plexus-utils-3.1.1.pom
2025-11-13 17:13:32,170 [Worker-34: Enabling Maven Dependency Management] INFO  o.e.m.c.i.e.AbstractTransferListenerAdapter - Downloading https://repo.maven.apache.org/maven2/org/codehaus/plexus/plexus-io/3.1.1/plexus-io-3.1.1.pom
2025-11-13 17:13:32,215 [Worker-34: Enabling Maven Dependency Management] INFO  o.e.m.c.i.e.AbstractTransferListenerAdapter - Downloaded https://repo.maven.apache.org/maven2/org/codehaus/plexus/plexus-io/3.1.1/plexus-io-3.1.1.pom
2025-11-13 17:13:32,378 [Worker-34: Enabling Maven Dependency Management] INFO  o.e.m.c.i.e.AbstractTransferListenerAdapter - Downloading https://repo.maven.apache.org/maven2/org/codehaus/plexus/plexus-utils/3.1.0/plexus-utils-3.1.0.pom
2025-11-13 17:13:32,421 [Worker-34: Enabling Maven Dependency Management] INFO  o.e.m.c.i.e.AbstractTransferListenerAdapter - Downloaded https://repo.maven.apache.org/maven2/org/codehaus/plexus/plexus-utils/3.1.0/plexus-utils-3.1.0.pom
2025-11-13 17:13:32,544 [Worker-34: Enabling Maven Dependency Management] INFO  o.e.m.c.i.e.AbstractTransferListenerAdapter - Downloading https://repo.maven.apache.org/maven2/org/apache/commons/commons-compress/1.18/commons-compress-1.18.pom
2025-11-13 17:13:32,589 [Worker-34: Enabling Maven Dependency Management] INFO  o.e.m.c.i.e.AbstractTransferListenerAdapter - Downloaded https://repo.maven.apache.org/maven2/org/apache/commons/commons-compress/1.18/commons-compress-1.18.pom
2025-11-13 17:13:32,873 [Worker-34: Enabling Maven Dependency Management] INFO  o.e.m.c.i.e.AbstractTransferListenerAdapter - Downloading https://repo.maven.apache.org/maven2/org/tukaani/xz/1.8/xz-1.8.pom
2025-11-13 17:13:32,947 [Worker-34: Enabling Maven Dependency Management] INFO  o.e.m.c.i.e.AbstractTransferListenerAdapter - Downloaded https://repo.maven.apache.org/maven2/org/tukaani/xz/1.8/xz-1.8.pom
2025-11-13 17:13:33,112 [Worker-34: Enabling Maven Dependency Management] INFO  o.e.m.c.i.e.AbstractTransferListenerAdapter - Downloading https://repo.maven.apache.org/maven2/org/codehaus/plexus/plexus-interpolation/1.25/plexus-interpolation-1.25.pom
2025-11-13 17:13:33,155 [Worker-34: Enabling Maven Dependency Management] INFO  o.e.m.c.i.e.AbstractTransferListenerAdapter - Downloaded https://repo.maven.apache.org/maven2/org/codehaus/plexus/plexus-interpolation/1.25/plexus-interpolation-1.25.pom
2025-11-13 17:13:33,290 [Worker-34: Enabling Maven Dependency Management] INFO  o.e.m.c.i.e.AbstractTransferListenerAdapter - Downloading https://repo.maven.apache.org/maven2/com/thoughtworks/xstream/xstream/1.4.10/xstream-1.4.10.pom
2025-11-13 17:13:33,365 [Worker-34: Enabling Maven Dependency Management] INFO  o.e.m.c.i.e.AbstractTransferListenerAdapter - Downloaded https://repo.maven.apache.org/maven2/com/thoughtworks/xstream/xstream/1.4.10/xstream-1.4.10.pom
2025-11-13 17:13:33,530 [Worker-34: Enabling Maven Dependency Management] INFO  o.e.m.c.i.e.AbstractTransferListenerAdapter - Downloading https://repo.maven.apache.org/maven2/com/thoughtworks/xstream/xstream-parent/1.4.10/xstream-parent-1.4.10.pom
2025-11-13 17:13:33,580 [Worker-34: Enabling Maven Dependency Management] INFO  o.e.m.c.i.e.AbstractTransferListenerAdapter - Downloaded https://repo.maven.apache.org/maven2/com/thoughtworks/xstream/xstream-parent/1.4.10/xstream-parent-1.4.10.pom
2025-11-13 17:13:33,707 [Worker-34: Enabling Maven Dependency Management] INFO  o.e.m.c.i.e.AbstractTransferListenerAdapter - Downloading https://repo.maven.apache.org/maven2/xmlpull/xmlpull/1.1.3.1/xmlpull-1.1.3.1.pom
2025-11-13 17:13:33,777 [Worker-34: Enabling Maven Dependency Management] INFO  o.e.m.c.i.e.AbstractTransferListenerAdapter - Downloaded https://repo.maven.apache.org/maven2/xmlpull/xmlpull/1.1.3.1/xmlpull-1.1.3.1.pom
2025-11-13 17:13:33,916 [Worker-34: Enabling Maven Dependency Management] INFO  o.e.m.c.i.e.AbstractTransferListenerAdapter - Downloading https://repo.maven.apache.org/maven2/xpp3/xpp3_min/1.1.4c/xpp3_min-1.1.4c.pom
2025-11-13 17:13:33,987 [Worker-34: Enabling Maven Dependency Management] INFO  o.e.m.c.i.e.AbstractTransferListenerAdapter - Downloaded https://repo.maven.apache.org/maven2/xpp3/xpp3_min/1.1.4c/xpp3_min-1.1.4c.pom
2025-11-13 17:13:34,034 [Worker-34: Enabling Maven Dependency Management] INFO  o.e.m.c.i.e.AbstractTransferListenerAdapter - Downloading https://repo.maven.apache.org/maven2/org/codehaus/plexus/plexus-utils/3.2.0/plexus-utils-3.2.0.pom
2025-11-13 17:13:34,077 [Worker-34: Enabling Maven Dependency Management] INFO  o.e.m.c.i.e.AbstractTransferListenerAdapter - Downloaded https://repo.maven.apache.org/maven2/org/codehaus/plexus/plexus-utils/3.2.0/plexus-utils-3.2.0.pom
2025-11-13 17:13:34,117 [Worker-34: Enabling Maven Dependency Management] INFO  o.e.m.c.i.e.AbstractTransferListenerAdapter - Downloading https://repo.maven.apache.org/maven2/org/apache/maven/shared/maven-filtering/3.1.1/maven-filtering-3.1.1.pom
2025-11-13 17:13:34,161 [Worker-34: Enabling Maven Dependency Management] INFO  o.e.m.c.i.e.AbstractTransferListenerAdapter - Downloaded https://repo.maven.apache.org/maven2/org/apache/maven/shared/maven-filtering/3.1.1/maven-filtering-3.1.1.pom
2025-11-13 17:13:34,231 [Worker-34: Enabling Maven Dependency Management] INFO  o.e.m.c.i.e.AbstractTransferListenerAdapter - Downloading https://repo.maven.apache.org/maven2/org/apache/maven/shared/maven-shared-utils/3.0.0/maven-shared-utils-3.0.0.pom
2025-11-13 17:13:34,274 [Worker-34: Enabling Maven Dependency Management] INFO  o.e.m.c.i.e.AbstractTransferListenerAdapter - Downloaded https://repo.maven.apache.org/maven2/org/apache/maven/shared/maven-shared-utils/3.0.0/maven-shared-utils-3.0.0.pom
2025-11-13 17:13:34,335 [Worker-34: Enabling Maven Dependency Management] INFO  o.e.m.c.i.e.AbstractTransferListenerAdapter - Downloading https://repo.maven.apache.org/maven2/org/apache/maven/shared/maven-shared-components/21/maven-shared-components-21.pom
2025-11-13 17:13:34,379 [Worker-34: Enabling Maven Dependency Management] INFO  o.e.m.c.i.e.AbstractTransferListenerAdapter - Downloaded https://repo.maven.apache.org/maven2/org/apache/maven/shared/maven-shared-components/21/maven-shared-components-21.pom
2025-11-13 17:13:34,543 [Worker-34: Enabling Maven Dependency Management] INFO  o.e.m.c.i.e.AbstractTransferListenerAdapter - Downloading https://repo.maven.apache.org/maven2/commons-io/commons-io/2.4/commons-io-2.4.pom
2025-11-13 17:13:34,587 [Worker-34: Enabling Maven Dependency Management] INFO  o.e.m.c.i.e.AbstractTransferListenerAdapter - Downloaded https://repo.maven.apache.org/maven2/commons-io/commons-io/2.4/commons-io-2.4.pom
2025-11-13 17:13:34,750 [Worker-34: Enabling Maven Dependency Management] INFO  o.e.m.c.i.e.AbstractTransferListenerAdapter - Downloading https://repo.maven.apache.org/maven2/org/apache/commons/commons-parent/25/commons-parent-25.pom
2025-11-13 17:13:34,836 [Worker-34: Enabling Maven Dependency Management] INFO  o.e.m.c.i.e.AbstractTransferListenerAdapter - Downloaded https://repo.maven.apache.org/maven2/org/apache/commons/commons-parent/25/commons-parent-25.pom
2025-11-13 17:13:34,960 [Worker-34: Enabling Maven Dependency Management] INFO  o.e.m.c.i.e.AbstractTransferListenerAdapter - Downloading https://repo.maven.apache.org/maven2/org/apache/apache/9/apache-9.pom
2025-11-13 17:13:35,004 [Worker-34: Enabling Maven Dependency Management] INFO  o.e.m.c.i.e.AbstractTransferListenerAdapter - Downloaded https://repo.maven.apache.org/maven2/org/apache/apache/9/apache-9.pom
2025-11-13 17:13:35,171 [Worker-34: Enabling Maven Dependency Management] INFO  o.e.m.c.i.e.AbstractTransferListenerAdapter - Downloading https://repo.maven.apache.org/maven2/org/codehaus/plexus/plexus-utils/3.0.24/plexus-utils-3.0.24.pom
2025-11-13 17:13:35,245 [Worker-34: Enabling Maven Dependency Management] INFO  o.e.m.c.i.e.AbstractTransferListenerAdapter - Downloaded https://repo.maven.apache.org/maven2/org/codehaus/plexus/plexus-utils/3.0.24/plexus-utils-3.0.24.pom
2025-11-13 17:13:35,378 [Worker-34: Enabling Maven Dependency Management] INFO  o.e.m.c.i.e.AbstractTransferListenerAdapter - Downloading https://repo.maven.apache.org/maven2/org/codehaus/plexus/plexus-interpolation/1.22/plexus-interpolation-1.22.pom
2025-11-13 17:13:35,448 [Worker-34: Enabling Maven Dependency Management] INFO  o.e.m.c.i.e.AbstractTransferListenerAdapter - Downloaded https://repo.maven.apache.org/maven2/org/codehaus/plexus/plexus-interpolation/1.22/plexus-interpolation-1.22.pom
2025-11-13 17:13:35,692 [Worker-34: Enabling Maven Dependency Management] INFO  o.e.m.c.i.e.AbstractTransferListenerAdapter - Downloading https://repo.maven.apache.org/maven2/org/codehaus/plexus/plexus-utils/1.5.8/plexus-utils-1.5.8.pom
2025-11-13 17:13:35,765 [Worker-34: Enabling Maven Dependency Management] INFO  o.e.m.c.i.e.AbstractTransferListenerAdapter - Downloaded https://repo.maven.apache.org/maven2/org/codehaus/plexus/plexus-utils/1.5.8/plexus-utils-1.5.8.pom
2025-11-13 17:13:35,815 [Worker-34: Enabling Maven Dependency Management] INFO  o.e.m.c.i.e.AbstractTransferListenerAdapter - Downloading https://repo.maven.apache.org/maven2/org/apache/maven/shared/maven-mapping/3.0.0/maven-mapping-3.0.0.pom
2025-11-13 17:13:35,858 [Worker-34: Enabling Maven Dependency Management] INFO  o.e.m.c.i.e.AbstractTransferListenerAdapter - Downloaded https://repo.maven.apache.org/maven2/org/apache/maven/shared/maven-mapping/3.0.0/maven-mapping-3.0.0.pom
2025-11-13 17:13:36,008 [Worker-34: Enabling Maven Dependency Management] INFO  o.e.m.c.i.e.AbstractTransferListenerAdapter - Downloading https://repo.maven.apache.org/maven2/org/apache/maven/shared/maven-shared-components/22/maven-shared-components-22.pom
2025-11-13 17:13:36,079 [Worker-34: Enabling Maven Dependency Management] INFO  o.e.m.c.i.e.AbstractTransferListenerAdapter - Downloaded https://repo.maven.apache.org/maven2/org/apache/maven/shared/maven-shared-components/22/maven-shared-components-22.pom
2025-11-13 17:13:36,216 [Worker-34: Enabling Maven Dependency Management] INFO  o.e.m.c.i.e.AbstractTransferListenerAdapter - Downloading https://repo.maven.apache.org/maven2/org/apache/maven/maven-parent/27/maven-parent-27.pom
2025-11-13 17:13:36,290 [Worker-34: Enabling Maven Dependency Management] INFO  o.e.m.c.i.e.AbstractTransferListenerAdapter - Downloaded https://repo.maven.apache.org/maven2/org/apache/maven/maven-parent/27/maven-parent-27.pom
2025-11-13 17:13:36,424 [Worker-34: Enabling Maven Dependency Management] INFO  o.e.m.c.i.e.AbstractTransferListenerAdapter - Downloading https://repo.maven.apache.org/maven2/org/apache/apache/17/apache-17.pom
2025-11-13 17:13:36,499 [Worker-34: Enabling Maven Dependency Management] INFO  o.e.m.c.i.e.AbstractTransferListenerAdapter - Downloaded https://repo.maven.apache.org/maven2/org/apache/apache/17/apache-17.pom
2025-11-13 17:13:36,739 [Worker-34: Enabling Maven Dependency Management] INFO  o.e.m.c.i.e.AbstractTransferListenerAdapter - Downloading https://repo.maven.apache.org/maven2/org/apache/maven/maven-archiver/3.4.0/maven-archiver-3.4.0.jar
2025-11-13 17:13:37,036 [Worker-34: Enabling Maven Dependency Management] INFO  o.e.m.c.i.e.AbstractTransferListenerAdapter - Downloaded https://repo.maven.apache.org/maven2/org/apache/maven/maven-archiver/3.4.0/maven-archiver-3.4.0.jar
2025-11-13 17:13:37,175 [BasicRepositoryConnector-repo.maven.apache.org-1-3] INFO  o.e.m.c.i.e.AbstractTransferListenerAdapter - Downloading https://repo.maven.apache.org/maven2/org/iq80/snappy/snappy/0.4/snappy-0.4.jar
2025-11-13 17:13:37,175 [BasicRepositoryConnector-repo.maven.apache.org-1-0] INFO  o.e.m.c.i.e.AbstractTransferListenerAdapter - Downloading https://repo.maven.apache.org/maven2/org/codehaus/plexus/plexus-archiver/4.1.0/plexus-archiver-4.1.0.jar
2025-11-13 17:13:37,185 [BasicRepositoryConnector-repo.maven.apache.org-1-4] INFO  o.e.m.c.i.e.AbstractTransferListenerAdapter - Downloading https://repo.maven.apache.org/maven2/org/tukaani/xz/1.8/xz-1.8.jar
2025-11-13 17:13:37,195 [BasicRepositoryConnector-repo.maven.apache.org-1-2] INFO  o.e.m.c.i.e.AbstractTransferListenerAdapter - Downloading https://repo.maven.apache.org/maven2/org/apache/commons/commons-compress/1.18/commons-compress-1.18.jar
2025-11-13 17:13:37,218 [BasicRepositoryConnector-repo.maven.apache.org-1-1] INFO  o.e.m.c.i.e.AbstractTransferListenerAdapter - Downloading https://repo.maven.apache.org/maven2/org/codehaus/plexus/plexus-io/3.1.1/plexus-io-3.1.1.jar
2025-11-13 17:13:37,232 [BasicRepositoryConnector-repo.maven.apache.org-1-3] INFO  o.e.m.c.i.e.AbstractTransferListenerAdapter - Downloaded https://repo.maven.apache.org/maven2/org/iq80/snappy/snappy/0.4/snappy-0.4.jar
2025-11-13 17:13:37,248 [BasicRepositoryConnector-repo.maven.apache.org-1-4] INFO  o.e.m.c.i.e.AbstractTransferListenerAdapter - Downloaded https://repo.maven.apache.org/maven2/org/tukaani/xz/1.8/xz-1.8.jar
2025-11-13 17:13:37,271 [BasicRepositoryConnector-repo.maven.apache.org-1-1] INFO  o.e.m.c.i.e.AbstractTransferListenerAdapter - Downloaded https://repo.maven.apache.org/maven2/org/codehaus/plexus/plexus-io/3.1.1/plexus-io-3.1.1.jar
2025-11-13 17:13:37,281 [BasicRepositoryConnector-repo.maven.apache.org-1-3] INFO  o.e.m.c.i.e.AbstractTransferListenerAdapter - Downloading https://repo.maven.apache.org/maven2/org/codehaus/plexus/plexus-interpolation/1.25/plexus-interpolation-1.25.jar
2025-11-13 17:13:37,284 [BasicRepositoryConnector-repo.maven.apache.org-1-4] INFO  o.e.m.c.i.e.AbstractTransferListenerAdapter - Downloading https://repo.maven.apache.org/maven2/com/thoughtworks/xstream/xstream/1.4.10/xstream-1.4.10.jar
2025-11-13 17:13:37,307 [BasicRepositoryConnector-repo.maven.apache.org-1-0] INFO  o.e.m.c.i.e.AbstractTransferListenerAdapter - Downloaded https://repo.maven.apache.org/maven2/org/codehaus/plexus/plexus-archiver/4.1.0/plexus-archiver-4.1.0.jar
2025-11-13 17:13:37,332 [BasicRepositoryConnector-repo.maven.apache.org-1-3] INFO  o.e.m.c.i.e.AbstractTransferListenerAdapter - Downloaded https://repo.maven.apache.org/maven2/org/codehaus/plexus/plexus-interpolation/1.25/plexus-interpolation-1.25.jar
2025-11-13 17:13:37,334 [BasicRepositoryConnector-repo.maven.apache.org-1-2] INFO  o.e.m.c.i.e.AbstractTransferListenerAdapter - Downloaded https://repo.maven.apache.org/maven2/org/apache/commons/commons-compress/1.18/commons-compress-1.18.jar
2025-11-13 17:13:37,338 [BasicRepositoryConnector-repo.maven.apache.org-1-1] INFO  o.e.m.c.i.e.AbstractTransferListenerAdapter - Downloading https://repo.maven.apache.org/maven2/xmlpull/xmlpull/1.1.3.1/xmlpull-1.1.3.1.jar
2025-11-13 17:13:37,354 [BasicRepositoryConnector-repo.maven.apache.org-1-0] INFO  o.e.m.c.i.e.AbstractTransferListenerAdapter - Downloading https://repo.maven.apache.org/maven2/xpp3/xpp3_min/1.1.4c/xpp3_min-1.1.4c.jar
2025-11-13 17:13:37,399 [BasicRepositoryConnector-repo.maven.apache.org-1-3] INFO  o.e.m.c.i.e.AbstractTransferListenerAdapter - Downloading https://repo.maven.apache.org/maven2/org/codehaus/plexus/plexus-utils/3.2.0/plexus-utils-3.2.0.jar
2025-11-13 17:13:37,401 [BasicRepositoryConnector-repo.maven.apache.org-1-0] INFO  o.e.m.c.i.e.AbstractTransferListenerAdapter - Downloaded https://repo.maven.apache.org/maven2/xpp3/xpp3_min/1.1.4c/xpp3_min-1.1.4c.jar
2025-11-13 17:13:37,401 [BasicRepositoryConnector-repo.maven.apache.org-1-2] INFO  o.e.m.c.i.e.AbstractTransferListenerAdapter - Downloading https://repo.maven.apache.org/maven2/org/apache/maven/shared/maven-filtering/3.1.1/maven-filtering-3.1.1.jar
2025-11-13 17:13:37,403 [BasicRepositoryConnector-repo.maven.apache.org-1-4] INFO  o.e.m.c.i.e.AbstractTransferListenerAdapter - Downloaded https://repo.maven.apache.org/maven2/com/thoughtworks/xstream/xstream/1.4.10/xstream-1.4.10.jar
2025-11-13 17:13:37,430 [BasicRepositoryConnector-repo.maven.apache.org-1-0] INFO  o.e.m.c.i.e.AbstractTransferListenerAdapter - Downloading https://repo.maven.apache.org/maven2/org/sonatype/plexus/plexus-build-api/0.0.7/plexus-build-api-0.0.7.jar
2025-11-13 17:13:37,453 [BasicRepositoryConnector-repo.maven.apache.org-1-2] INFO  o.e.m.c.i.e.AbstractTransferListenerAdapter - Downloaded https://repo.maven.apache.org/maven2/org/apache/maven/shared/maven-filtering/3.1.1/maven-filtering-3.1.1.jar
2025-11-13 17:13:37,458 [BasicRepositoryConnector-repo.maven.apache.org-1-3] INFO  o.e.m.c.i.e.AbstractTransferListenerAdapter - Downloaded https://repo.maven.apache.org/maven2/org/codehaus/plexus/plexus-utils/3.2.0/plexus-utils-3.2.0.jar
2025-11-13 17:13:37,461 [BasicRepositoryConnector-repo.maven.apache.org-1-4] INFO  o.e.m.c.i.e.AbstractTransferListenerAdapter - Downloading https://repo.maven.apache.org/maven2/org/apache/maven/shared/maven-mapping/3.0.0/maven-mapping-3.0.0.jar
2025-11-13 17:13:37,518 [BasicRepositoryConnector-repo.maven.apache.org-1-1] INFO  o.e.m.c.i.e.AbstractTransferListenerAdapter - Downloaded https://repo.maven.apache.org/maven2/xmlpull/xmlpull/1.1.3.1/xmlpull-1.1.3.1.jar
2025-11-13 17:13:37,632 [BasicRepositoryConnector-repo.maven.apache.org-1-0] INFO  o.e.m.c.i.e.AbstractTransferListenerAdapter - Downloaded https://repo.maven.apache.org/maven2/org/sonatype/plexus/plexus-build-api/0.0.7/plexus-build-api-0.0.7.jar
2025-11-13 17:13:37,683 [BasicRepositoryConnector-repo.maven.apache.org-1-4] INFO  o.e.m.c.i.e.AbstractTransferListenerAdapter - Downloaded https://repo.maven.apache.org/maven2/org/apache/maven/shared/maven-mapping/3.0.0/maven-mapping-3.0.0.jar
2025-11-13 17:13:47,939 [Worker-34: Enabling Maven Dependency Management] INFO  o.e.m.c.i.e.AbstractTransferListenerAdapter - Downloading https://repo.maven.apache.org/maven2/org/codehaus/plexus/plexus-interpolation/1.26/plexus-interpolation-1.26.jar
2025-11-13 17:13:48,025 [Worker-34: Enabling Maven Dependency Management] INFO  o.e.m.c.i.e.AbstractTransferListenerAdapter - Downloaded https://repo.maven.apache.org/maven2/org/codehaus/plexus/plexus-interpolation/1.26/plexus-interpolation-1.26.jar
2025-11-13 17:13:48,181 [BasicRepositoryConnector-repo.maven.apache.org-2-4] INFO  o.e.m.c.i.e.AbstractTransferListenerAdapter - Downloading https://repo.maven.apache.org/maven2/commons-io/commons-io/2.11.0/commons-io-2.11.0.jar
2025-11-13 17:13:48,214 [BasicRepositoryConnector-repo.maven.apache.org-2-0] INFO  o.e.m.c.i.e.AbstractTransferListenerAdapter - Downloading https://repo.maven.apache.org/maven2/org/codehaus/plexus/plexus-utils/3.5.1/plexus-utils-3.5.1.jar
2025-11-13 17:13:48,214 [BasicRepositoryConnector-repo.maven.apache.org-2-2] INFO  o.e.m.c.i.e.AbstractTransferListenerAdapter - Downloading https://repo.maven.apache.org/maven2/javax/inject/javax.inject/1/javax.inject-1.jar
2025-11-13 17:13:48,216 [BasicRepositoryConnector-repo.maven.apache.org-2-1] INFO  o.e.m.c.i.e.AbstractTransferListenerAdapter - Downloading https://repo.maven.apache.org/maven2/org/apache/maven/shared/maven-filtering/3.3.1/maven-filtering-3.3.1.jar
2025-11-13 17:13:48,216 [BasicRepositoryConnector-repo.maven.apache.org-2-3] INFO  o.e.m.c.i.e.AbstractTransferListenerAdapter - Downloading https://repo.maven.apache.org/maven2/org/slf4j/slf4j-api/1.7.36/slf4j-api-1.7.36.jar
2025-11-13 17:13:48,246 [BasicRepositoryConnector-repo.maven.apache.org-2-2] INFO  o.e.m.c.i.e.AbstractTransferListenerAdapter - Downloaded https://repo.maven.apache.org/maven2/javax/inject/javax.inject/1/javax.inject-1.jar
2025-11-13 17:13:48,252 [BasicRepositoryConnector-repo.maven.apache.org-2-4] INFO  o.e.m.c.i.e.AbstractTransferListenerAdapter - Downloaded https://repo.maven.apache.org/maven2/commons-io/commons-io/2.11.0/commons-io-2.11.0.jar
2025-11-13 17:13:48,270 [BasicRepositoryConnector-repo.maven.apache.org-2-1] INFO  o.e.m.c.i.e.AbstractTransferListenerAdapter - Downloaded https://repo.maven.apache.org/maven2/org/apache/maven/shared/maven-filtering/3.3.1/maven-filtering-3.3.1.jar
2025-11-13 17:13:48,277 [BasicRepositoryConnector-repo.maven.apache.org-2-2] INFO  o.e.m.c.i.e.AbstractTransferListenerAdapter - Downloading https://repo.maven.apache.org/maven2/org/apache/commons/commons-lang3/3.12.0/commons-lang3-3.12.0.jar
2025-11-13 17:13:48,353 [BasicRepositoryConnector-repo.maven.apache.org-2-2] INFO  o.e.m.c.i.e.AbstractTransferListenerAdapter - Downloaded https://repo.maven.apache.org/maven2/org/apache/commons/commons-lang3/3.12.0/commons-lang3-3.12.0.jar
2025-11-13 17:13:48,420 [BasicRepositoryConnector-repo.maven.apache.org-2-0] INFO  o.e.m.c.i.e.AbstractTransferListenerAdapter - Downloaded https://repo.maven.apache.org/maven2/org/codehaus/plexus/plexus-utils/3.5.1/plexus-utils-3.5.1.jar
2025-11-13 17:13:49,128 [BasicRepositoryConnector-repo.maven.apache.org-2-3] INFO  o.e.m.c.i.e.AbstractTransferListenerAdapter - Downloaded https://repo.maven.apache.org/maven2/org/slf4j/slf4j-api/1.7.36/slf4j-api-1.7.36.jar
2025-11-13 17:13:49,213 [Worker-42: Building] WARN  o.a.m.s.f.DefaultMavenResourcesFiltering - Using platform encoding (UTF-8 actually) to copy filtered resources, i.e. build is platform dependent!
2025-11-13 17:13:49,220 [Worker-42: Building] INFO  o.a.m.s.f.DefaultMavenResourcesFiltering - Copying 2 resources from src\main\resources to target\classes
2025-11-13 17:13:49,223 [Worker-42: Building] WARN  o.a.m.s.f.DefaultMavenResourcesFiltering - Using platform encoding (UTF-8 actually) to copy filtered resources, i.e. build is platform dependent!
2025-11-13 17:13:49,236 [Worker-42: Building] INFO  o.a.m.s.f.DefaultMavenResourcesFiltering - skip non existing resourceDirectory C:\Users\Public\gimalProject\gimalProject\src\test\resources
2025-11-13 17:13:49,854 [Worker-34: Enabling Maven Dependency Management] INFO  o.e.m.j.i.AbstractJavaProjectConfigurator - Adding source folder /gimalProject/src/main/java
2025-11-13 17:13:49,856 [Worker-34: Enabling Maven Dependency Management] INFO  o.e.m.j.i.AbstractJavaProjectConfigurator - Adding resource folder /gimalProject/src/main/resources
2025-11-13 17:13:49,857 [Worker-34: Enabling Maven Dependency Management] INFO  o.e.m.j.i.AbstractJavaProjectConfigurator - Adding source folder /gimalProject/src/test/java
2025-11-13 17:13:49,857 [Worker-34: Enabling Maven Dependency Management] INFO  o.e.m.j.i.AbstractJavaProjectConfigurator - Adding resource folder /gimalProject/src/test/resources
2025-11-13 17:13:50,446 [Worker-34: Enabling Maven Dependency Management] INFO  o.e.m.c.i.p.ProjectConfigurationManager - Update started
2025-11-13 17:13:50,926 [Worker-34: Enabling Maven Dependency Management] INFO  o.e.m.c.i.l.LifecycleMappingFactory - Using org.maven.ide.eclipse.wtp.WarLifecycleMapping lifecycle mapping for MavenProject: gimalProject:gimalProject:0.0.1-SNAPSHOT @ C:\Users\Public\gimalProject\gimalProject\pom.xml.
2025-11-13 17:13:51,475 [Worker-34: Enabling Maven Dependency Management] INFO  o.e.m.j.i.AbstractJavaProjectConfigurator - Adding source folder /gimalProject/src/main/java
2025-11-13 17:13:51,478 [Worker-34: Enabling Maven Dependency Management] INFO  o.e.m.j.i.AbstractJavaProjectConfigurator - Adding resource folder /gimalProject/src/main/resources
2025-11-13 17:13:51,478 [Worker-34: Enabling Maven Dependency Management] INFO  o.e.m.j.i.AbstractJavaProjectConfigurator - Adding source folder /gimalProject/src/test/java
2025-11-13 17:13:51,478 [Worker-34: Enabling Maven Dependency Management] INFO  o.e.m.j.i.AbstractJavaProjectConfigurator - Adding resource folder /gimalProject/src/test/resources
2025-11-13 17:13:51,607 [Worker-34: Enabling Maven Dependency Management] INFO  o.e.m.w.i.f.ResourceFilteringBuildParticipant - Cleaning filtered folder for gimalProject
2025-11-13 17:13:51,637 [Worker-34: Enabling Maven Dependency Management] INFO  o.e.m.c.i.p.ProjectConfigurationManager - Update completed for 1 poms: local refresh takes 0.00 sec, refresh facades takes 0.00 sec, update config takes 0.00 sec 
2025-11-13 17:13:53,324 [Worker-37: Building] WARN  o.a.m.s.f.DefaultMavenResourcesFiltering - Using platform encoding (UTF-8 actually) to copy filtered resources, i.e. build is platform dependent!
2025-11-13 17:13:53,332 [Worker-37: Building] INFO  o.a.m.s.f.DefaultMavenResourcesFiltering - Copying 2 resources from src\main\resources to target\classes
2025-11-13 17:13:53,342 [Worker-37: Building] WARN  o.a.m.s.f.DefaultMavenResourcesFiltering - Using platform encoding (UTF-8 actually) to copy filtered resources, i.e. build is platform dependent!
2025-11-13 17:13:53,344 [Worker-37: Building] INFO  o.a.m.s.f.DefaultMavenResourcesFiltering - skip non existing resourceDirectory C:\Users\Public\gimalProject\gimalProject\src\test\resources
2025-11-13 17:13:53,344 [Worker-37: Building] INFO  o.e.m.w.i.f.ResourceFilteringBuildParticipant - Changed resources require a complete clean of filtered resources of gimalProject
2025-11-13 17:13:53,344 [Worker-37: Building] INFO  o.e.m.w.i.f.ResourceFilteringBuildParticipant - Executing resource filtering for gimalProject
2025-11-13 17:15:10,662 [Worker-42: Building] INFO  o.e.m.c.i.l.LifecycleMappingFactory - Using org.maven.ide.eclipse.wtp.WarLifecycleMapping lifecycle mapping for MavenProject: gimalProject:gimalProject:0.0.1-SNAPSHOT @ C:\Users\Public\gimalProject\gimalProject\pom.xml.
2025-11-13 17:15:11,306 [Worker-42: Building] WARN  o.a.m.s.f.DefaultMavenResourcesFiltering - Using platform encoding (UTF-8 actually) to copy filtered resources, i.e. build is platform dependent!
2025-11-13 17:15:11,312 [Worker-42: Building] INFO  o.a.m.s.f.DefaultMavenResourcesFiltering - Copying 0 resource from src\main\resources to target\classes
2025-11-13 17:15:11,320 [Worker-42: Building] WARN  o.a.m.s.f.DefaultMavenResourcesFiltering - Using platform encoding (UTF-8 actually) to copy filtered resources, i.e. build is platform dependent!
2025-11-13 17:15:11,321 [Worker-42: Building] INFO  o.a.m.s.f.DefaultMavenResourcesFiltering - skip non existing resourceDirectory C:\Users\Public\gimalProject\gimalProject\src\test\resources
2025-11-13 17:15:11,322 [Worker-42: Building] INFO  o.e.m.w.i.f.ResourceFilteringBuildParticipant - Changed resources require a complete clean of filtered resources of gimalProject
2025-11-13 17:15:11,322 [Worker-42: Building] INFO  o.e.m.w.i.f.ResourceFilteringBuildParticipant - Executing resource filtering for gimalProject
2025-11-13 17:16:25,851 [Worker-41: Building] INFO  o.e.m.c.i.l.LifecycleMappingFactory - Using org.maven.ide.eclipse.wtp.WarLifecycleMapping lifecycle mapping for MavenProject: gimalProject:gimalProject:0.0.1-SNAPSHOT @ C:\Users\Public\gimalProject\gimalProject\pom.xml.
2025-11-13 17:16:25,946 [Worker-41: Building] INFO  o.e.m.c.i.e.AbstractTransferListenerAdapter - Downloading https://repo.maven.apache.org/maven2/io/jsonwebtoken/jjwt-api/0.11.5/jjwt-api-0.11.5.pom
2025-11-13 17:16:25,990 [Worker-41: Building] INFO  o.e.m.c.i.e.AbstractTransferListenerAdapter - Downloaded https://repo.maven.apache.org/maven2/io/jsonwebtoken/jjwt-api/0.11.5/jjwt-api-0.11.5.pom
2025-11-13 17:16:26,055 [Worker-41: Building] INFO  o.e.m.c.i.e.AbstractTransferListenerAdapter - Downloading https://repo.maven.apache.org/maven2/io/jsonwebtoken/jjwt-root/0.11.5/jjwt-root-0.11.5.pom
2025-11-13 17:16:26,105 [Worker-41: Building] INFO  o.e.m.c.i.e.AbstractTransferListenerAdapter - Downloaded https://repo.maven.apache.org/maven2/io/jsonwebtoken/jjwt-root/0.11.5/jjwt-root-0.11.5.pom
2025-11-13 17:16:26,172 [Worker-41: Building] INFO  o.e.m.c.i.e.AbstractTransferListenerAdapter - Downloading https://repo.maven.apache.org/maven2/io/jsonwebtoken/jjwt-impl/0.11.5/jjwt-impl-0.11.5.pom
2025-11-13 17:16:26,212 [Worker-41: Building] INFO  o.e.m.c.i.e.AbstractTransferListenerAdapter - Downloaded https://repo.maven.apache.org/maven2/io/jsonwebtoken/jjwt-impl/0.11.5/jjwt-impl-0.11.5.pom
2025-11-13 17:16:26,365 [Worker-41: Building] INFO  o.e.m.c.i.e.AbstractTransferListenerAdapter - Downloading https://repo.maven.apache.org/maven2/io/jsonwebtoken/jjwt-jackson/0.11.5/jjwt-jackson-0.11.5.pom
2025-11-13 17:16:26,437 [Worker-41: Building] INFO  o.e.m.c.i.e.AbstractTransferListenerAdapter - Downloaded https://repo.maven.apache.org/maven2/io/jsonwebtoken/jjwt-jackson/0.11.5/jjwt-jackson-0.11.5.pom
2025-11-13 17:16:26,561 [Worker-41: Building] INFO  o.e.m.c.i.e.AbstractTransferListenerAdapter - Downloading https://repo.maven.apache.org/maven2/com/fasterxml/jackson/core/jackson-databind/2.12.6.1/jackson-databind-2.12.6.1.pom
2025-11-13 17:16:26,604 [Worker-41: Building] INFO  o.e.m.c.i.e.AbstractTransferListenerAdapter - Downloaded https://repo.maven.apache.org/maven2/com/fasterxml/jackson/core/jackson-databind/2.12.6.1/jackson-databind-2.12.6.1.pom
2025-11-13 17:16:26,747 [Worker-41: Building] INFO  o.e.m.c.i.e.AbstractTransferListenerAdapter - Downloading https://repo.maven.apache.org/maven2/com/fasterxml/jackson/jackson-base/2.12.6/jackson-base-2.12.6.pom
2025-11-13 17:16:26,795 [Worker-41: Building] INFO  o.e.m.c.i.e.AbstractTransferListenerAdapter - Downloaded https://repo.maven.apache.org/maven2/com/fasterxml/jackson/jackson-base/2.12.6/jackson-base-2.12.6.pom
2025-11-13 17:16:26,890 [Worker-41: Building] INFO  o.e.m.c.i.e.AbstractTransferListenerAdapter - Downloading https://repo.maven.apache.org/maven2/com/fasterxml/jackson/jackson-bom/2.12.6/jackson-bom-2.12.6.pom
2025-11-13 17:16:26,930 [Worker-41: Building] INFO  o.e.m.c.i.e.AbstractTransferListenerAdapter - Downloaded https://repo.maven.apache.org/maven2/com/fasterxml/jackson/jackson-bom/2.12.6/jackson-bom-2.12.6.pom
2025-11-13 17:16:27,096 [Worker-41: Building] INFO  o.e.m.c.i.e.AbstractTransferListenerAdapter - Downloading https://repo.maven.apache.org/maven2/com/fasterxml/jackson/jackson-parent/2.12/jackson-parent-2.12.pom
2025-11-13 17:16:27,129 [Worker-41: Building] INFO  o.e.m.c.i.e.AbstractTransferListenerAdapter - Downloaded https://repo.maven.apache.org/maven2/com/fasterxml/jackson/jackson-parent/2.12/jackson-parent-2.12.pom
2025-11-13 17:16:27,247 [Worker-41: Building] INFO  o.e.m.c.i.e.AbstractTransferListenerAdapter - Downloading https://repo.maven.apache.org/maven2/com/fasterxml/oss-parent/41/oss-parent-41.pom
2025-11-13 17:16:27,293 [Worker-41: Building] INFO  o.e.m.c.i.e.AbstractTransferListenerAdapter - Downloaded https://repo.maven.apache.org/maven2/com/fasterxml/oss-parent/41/oss-parent-41.pom
2025-11-13 17:16:27,423 [Worker-41: Building] INFO  o.e.m.c.i.e.AbstractTransferListenerAdapter - Downloading https://repo.maven.apache.org/maven2/com/fasterxml/jackson/core/jackson-annotations/2.12.6/jackson-annotations-2.12.6.pom
2025-11-13 17:16:27,468 [Worker-41: Building] INFO  o.e.m.c.i.e.AbstractTransferListenerAdapter - Downloaded https://repo.maven.apache.org/maven2/com/fasterxml/jackson/core/jackson-annotations/2.12.6/jackson-annotations-2.12.6.pom
2025-11-13 17:16:27,556 [Worker-41: Building] INFO  o.e.m.c.i.e.AbstractTransferListenerAdapter - Downloading https://repo.maven.apache.org/maven2/com/fasterxml/jackson/core/jackson-core/2.12.6/jackson-core-2.12.6.pom
2025-11-13 17:16:27,592 [Worker-41: Building] INFO  o.e.m.c.i.e.AbstractTransferListenerAdapter - Downloaded https://repo.maven.apache.org/maven2/com/fasterxml/jackson/core/jackson-core/2.12.6/jackson-core-2.12.6.pom
2025-11-13 17:16:27,664 [Worker-41: Building] INFO  o.e.m.c.i.e.AbstractTransferListenerAdapter - Downloading https://repo.maven.apache.org/maven2/com/fasterxml/jackson/core/jackson-annotations/2.15.2/jackson-annotations-2.15.2.pom
2025-11-13 17:16:27,698 [Worker-41: Building] INFO  o.e.m.c.i.e.AbstractTransferListenerAdapter - Downloaded https://repo.maven.apache.org/maven2/com/fasterxml/jackson/core/jackson-annotations/2.15.2/jackson-annotations-2.15.2.pom
2025-11-13 17:16:27,808 [Worker-41: Building] INFO  o.e.m.c.i.e.AbstractTransferListenerAdapter - Downloading https://repo.maven.apache.org/maven2/com/fasterxml/jackson/jackson-parent/2.15/jackson-parent-2.15.pom
2025-11-13 17:16:27,852 [Worker-41: Building] INFO  o.e.m.c.i.e.AbstractTransferListenerAdapter - Downloaded https://repo.maven.apache.org/maven2/com/fasterxml/jackson/jackson-parent/2.15/jackson-parent-2.15.pom
2025-11-13 17:16:27,930 [Worker-41: Building] INFO  o.e.m.c.i.e.AbstractTransferListenerAdapter - Downloading https://repo.maven.apache.org/maven2/com/fasterxml/oss-parent/50/oss-parent-50.pom
2025-11-13 17:16:27,984 [Worker-41: Building] INFO  o.e.m.c.i.e.AbstractTransferListenerAdapter - Downloaded https://repo.maven.apache.org/maven2/com/fasterxml/oss-parent/50/oss-parent-50.pom
2025-11-13 17:16:28,246 [Worker-41: Building] INFO  o.e.m.c.i.e.AbstractTransferListenerAdapter - Downloading https://repo.maven.apache.org/maven2/com/fasterxml/jackson/core/jackson-core/2.15.2/jackson-core-2.15.2.pom
2025-11-13 17:16:28,319 [Worker-41: Building] INFO  o.e.m.c.i.e.AbstractTransferListenerAdapter - Downloaded https://repo.maven.apache.org/maven2/com/fasterxml/jackson/core/jackson-core/2.15.2/jackson-core-2.15.2.pom
2025-11-13 17:16:28,457 [Worker-41: Building] INFO  o.e.m.c.i.e.AbstractTransferListenerAdapter - Downloading https://repo.maven.apache.org/maven2/com/fasterxml/jackson/jackson-base/2.15.2/jackson-base-2.15.2.pom
2025-11-13 17:16:28,537 [Worker-41: Building] INFO  o.e.m.c.i.e.AbstractTransferListenerAdapter - Downloaded https://repo.maven.apache.org/maven2/com/fasterxml/jackson/jackson-base/2.15.2/jackson-base-2.15.2.pom
2025-11-13 17:16:28,633 [Worker-41: Building] INFO  o.e.m.c.i.e.AbstractTransferListenerAdapter - Downloading https://repo.maven.apache.org/maven2/com/fasterxml/jackson/jackson-bom/2.15.2/jackson-bom-2.15.2.pom
2025-11-13 17:16:28,679 [Worker-41: Building] INFO  o.e.m.c.i.e.AbstractTransferListenerAdapter - Downloaded https://repo.maven.apache.org/maven2/com/fasterxml/jackson/jackson-bom/2.15.2/jackson-bom-2.15.2.pom
2025-11-13 17:16:28,767 [Worker-41: Building] INFO  o.e.m.c.i.e.AbstractTransferListenerAdapter - Downloading https://repo.maven.apache.org/maven2/org/junit/junit-bom/5.9.2/junit-bom-5.9.2.pom
2025-11-13 17:16:28,813 [Worker-41: Building] INFO  o.e.m.c.i.e.AbstractTransferListenerAdapter - Downloaded https://repo.maven.apache.org/maven2/org/junit/junit-bom/5.9.2/junit-bom-5.9.2.pom
2025-11-13 17:16:28,976 [Worker-41: Building] INFO  o.e.m.c.i.e.AbstractTransferListenerAdapter - Downloading https://repo.maven.apache.org/maven2/com/fasterxml/jackson/core/jackson-databind/2.15.2/jackson-databind-2.15.2.pom
2025-11-13 17:16:29,059 [Worker-41: Building] INFO  o.e.m.c.i.e.AbstractTransferListenerAdapter - Downloaded https://repo.maven.apache.org/maven2/com/fasterxml/jackson/core/jackson-databind/2.15.2/jackson-databind-2.15.2.pom
2025-11-13 17:16:29,184 [Worker-41: Building] INFO  o.e.m.c.i.e.AbstractTransferListenerAdapter - Downloaded https://repo.maven.apache.org/maven2/mysql/mysql-connector-j/8.4.0/mysql-connector-j-8.4.0.pom
2025-11-13 17:16:29,188 [Worker-41: Building] WARN  o.e.m.c.i.embedder.EclipseLogger - The POM for mysql:mysql-connector-j:jar:8.4.0 is missing, no dependency information available
2025-11-13 17:16:29,297 [Worker-41: Building] INFO  o.e.m.c.i.e.AbstractTransferListenerAdapter - Downloading https://repo.maven.apache.org/maven2/io/swagger/core/v3/swagger-jaxrs2/2.2.3/swagger-jaxrs2-2.2.3.pom
2025-11-13 17:16:29,342 [Worker-41: Building] INFO  o.e.m.c.i.e.AbstractTransferListenerAdapter - Downloaded https://repo.maven.apache.org/maven2/io/swagger/core/v3/swagger-jaxrs2/2.2.3/swagger-jaxrs2-2.2.3.pom
2025-11-13 17:16:29,498 [Worker-41: Building] INFO  o.e.m.c.i.e.AbstractTransferListenerAdapter - Downloading https://repo.maven.apache.org/maven2/io/swagger/core/v3/swagger-project/2.2.3/swagger-project-2.2.3.pom
2025-11-13 17:16:29,573 [Worker-41: Building] INFO  o.e.m.c.i.e.AbstractTransferListenerAdapter - Downloaded https://repo.maven.apache.org/maven2/io/swagger/core/v3/swagger-project/2.2.3/swagger-project-2.2.3.pom
2025-11-13 17:16:29,708 [Worker-41: Building] INFO  o.e.m.c.i.e.AbstractTransferListenerAdapter - Downloading https://repo.maven.apache.org/maven2/com/fasterxml/jackson/core/jackson-databind/2.13.3/jackson-databind-2.13.3.pom
2025-11-13 17:16:29,785 [Worker-41: Building] INFO  o.e.m.c.i.e.AbstractTransferListenerAdapter - Downloaded https://repo.maven.apache.org/maven2/com/fasterxml/jackson/core/jackson-databind/2.13.3/jackson-databind-2.13.3.pom
2025-11-13 17:16:29,917 [Worker-41: Building] INFO  o.e.m.c.i.e.AbstractTransferListenerAdapter - Downloading https://repo.maven.apache.org/maven2/com/fasterxml/jackson/jackson-base/2.13.3/jackson-base-2.13.3.pom
2025-11-13 17:16:29,994 [Worker-41: Building] INFO  o.e.m.c.i.e.AbstractTransferListenerAdapter - Downloaded https://repo.maven.apache.org/maven2/com/fasterxml/jackson/jackson-base/2.13.3/jackson-base-2.13.3.pom
2025-11-13 17:16:30,129 [Worker-41: Building] INFO  o.e.m.c.i.e.AbstractTransferListenerAdapter - Downloading https://repo.maven.apache.org/maven2/com/fasterxml/jackson/jackson-bom/2.13.3/jackson-bom-2.13.3.pom
2025-11-13 17:16:30,205 [Worker-41: Building] INFO  o.e.m.c.i.e.AbstractTransferListenerAdapter - Downloaded https://repo.maven.apache.org/maven2/com/fasterxml/jackson/jackson-bom/2.13.3/jackson-bom-2.13.3.pom
2025-11-13 17:16:30,278 [Worker-41: Building] INFO  o.e.m.c.i.e.AbstractTransferListenerAdapter - Downloading https://repo.maven.apache.org/maven2/com/fasterxml/jackson/jackson-parent/2.13/jackson-parent-2.13.pom
2025-11-13 17:16:30,342 [Worker-41: Building] INFO  o.e.m.c.i.e.AbstractTransferListenerAdapter - Downloaded https://repo.maven.apache.org/maven2/com/fasterxml/jackson/jackson-parent/2.13/jackson-parent-2.13.pom
2025-11-13 17:16:30,539 [Worker-41: Building] INFO  o.e.m.c.i.e.AbstractTransferListenerAdapter - Downloading https://repo.maven.apache.org/maven2/com/fasterxml/oss-parent/43/oss-parent-43.pom
2025-11-13 17:16:30,606 [Worker-41: Building] INFO  o.e.m.c.i.e.AbstractTransferListenerAdapter - Downloaded https://repo.maven.apache.org/maven2/com/fasterxml/oss-parent/43/oss-parent-43.pom
2025-11-13 17:16:30,717 [Worker-41: Building] INFO  o.e.m.c.i.e.AbstractTransferListenerAdapter - Downloading https://repo.maven.apache.org/maven2/com/fasterxml/jackson/core/jackson-annotations/2.13.3/jackson-annotations-2.13.3.pom
2025-11-13 17:16:30,800 [Worker-41: Building] INFO  o.e.m.c.i.e.AbstractTransferListenerAdapter - Downloaded https://repo.maven.apache.org/maven2/com/fasterxml/jackson/core/jackson-annotations/2.13.3/jackson-annotations-2.13.3.pom
2025-11-13 17:16:30,882 [Worker-41: Building] INFO  o.e.m.c.i.e.AbstractTransferListenerAdapter - Downloading https://repo.maven.apache.org/maven2/com/fasterxml/jackson/core/jackson-core/2.13.3/jackson-core-2.13.3.pom
2025-11-13 17:16:30,939 [Worker-41: Building] INFO  o.e.m.c.i.e.AbstractTransferListenerAdapter - Downloaded https://repo.maven.apache.org/maven2/com/fasterxml/jackson/core/jackson-core/2.13.3/jackson-core-2.13.3.pom
2025-11-13 17:16:31,021 [Worker-41: Building] INFO  o.e.m.c.i.e.AbstractTransferListenerAdapter - Downloading https://repo.maven.apache.org/maven2/io/github/classgraph/classgraph/4.8.149/classgraph-4.8.149.pom
2025-11-13 17:16:31,080 [Worker-41: Building] INFO  o.e.m.c.i.e.AbstractTransferListenerAdapter - Downloaded https://repo.maven.apache.org/maven2/io/github/classgraph/classgraph/4.8.149/classgraph-4.8.149.pom
2025-11-13 17:16:31,170 [Worker-41: Building] INFO  o.e.m.c.i.e.AbstractTransferListenerAdapter - Downloading https://repo.maven.apache.org/maven2/org/javassist/javassist/3.25.0-GA/javassist-3.25.0-GA.pom
2025-11-13 17:16:31,221 [Worker-41: Building] INFO  o.e.m.c.i.e.AbstractTransferListenerAdapter - Downloaded https://repo.maven.apache.org/maven2/org/javassist/javassist/3.25.0-GA/javassist-3.25.0-GA.pom
2025-11-13 17:16:31,306 [Worker-41: Building] INFO  o.e.m.c.i.e.AbstractTransferListenerAdapter - Downloading https://repo.maven.apache.org/maven2/io/swagger/core/v3/swagger-models/2.2.3/swagger-models-2.2.3.pom
2025-11-13 17:16:31,337 [Worker-41: Building] INFO  o.e.m.c.i.e.AbstractTransferListenerAdapter - Downloaded https://repo.maven.apache.org/maven2/io/swagger/core/v3/swagger-models/2.2.3/swagger-models-2.2.3.pom
2025-11-13 17:16:31,398 [Worker-41: Building] INFO  o.e.m.c.i.e.AbstractTransferListenerAdapter - Downloading https://repo.maven.apache.org/maven2/io/swagger/core/v3/swagger-annotations/2.2.3/swagger-annotations-2.2.3.pom
2025-11-13 17:16:31,438 [Worker-41: Building] INFO  o.e.m.c.i.e.AbstractTransferListenerAdapter - Downloaded https://repo.maven.apache.org/maven2/io/swagger/core/v3/swagger-annotations/2.2.3/swagger-annotations-2.2.3.pom
2025-11-13 17:16:31,518 [Worker-41: Building] INFO  o.e.m.c.i.e.AbstractTransferListenerAdapter - Downloading https://repo.maven.apache.org/maven2/io/swagger/core/v3/swagger-integration/2.2.3/swagger-integration-2.2.3.pom
2025-11-13 17:16:31,545 [Worker-41: Building] INFO  o.e.m.c.i.e.AbstractTransferListenerAdapter - Downloaded https://repo.maven.apache.org/maven2/io/swagger/core/v3/swagger-integration/2.2.3/swagger-integration-2.2.3.pom
2025-11-13 17:16:31,608 [Worker-41: Building] INFO  o.e.m.c.i.e.AbstractTransferListenerAdapter - Downloading https://repo.maven.apache.org/maven2/io/swagger/core/v3/swagger-core/2.2.3/swagger-core-2.2.3.pom
2025-11-13 17:16:31,642 [Worker-41: Building] INFO  o.e.m.c.i.e.AbstractTransferListenerAdapter - Downloaded https://repo.maven.apache.org/maven2/io/swagger/core/v3/swagger-core/2.2.3/swagger-core-2.2.3.pom
2025-11-13 17:16:31,696 [Worker-41: Building] INFO  o.e.m.c.i.e.AbstractTransferListenerAdapter - Downloading https://repo.maven.apache.org/maven2/jakarta/xml/bind/jakarta.xml.bind-api/2.3.2/jakarta.xml.bind-api-2.3.2.pom
2025-11-13 17:16:31,734 [Worker-41: Building] INFO  o.e.m.c.i.e.AbstractTransferListenerAdapter - Downloaded https://repo.maven.apache.org/maven2/jakarta/xml/bind/jakarta.xml.bind-api/2.3.2/jakarta.xml.bind-api-2.3.2.pom
2025-11-13 17:16:31,791 [Worker-41: Building] INFO  o.e.m.c.i.e.AbstractTransferListenerAdapter - Downloading https://repo.maven.apache.org/maven2/jakarta/xml/bind/jakarta.xml.bind-api-parent/2.3.2/jakarta.xml.bind-api-parent-2.3.2.pom
2025-11-13 17:16:31,829 [Worker-41: Building] INFO  o.e.m.c.i.e.AbstractTransferListenerAdapter - Downloaded https://repo.maven.apache.org/maven2/jakarta/xml/bind/jakarta.xml.bind-api-parent/2.3.2/jakarta.xml.bind-api-parent-2.3.2.pom
2025-11-13 17:16:31,901 [Worker-41: Building] INFO  o.e.m.c.i.e.AbstractTransferListenerAdapter - Downloading https://repo.maven.apache.org/maven2/org/eclipse/ee4j/project/1.0.5/project-1.0.5.pom
2025-11-13 17:16:31,940 [Worker-41: Building] INFO  o.e.m.c.i.e.AbstractTransferListenerAdapter - Downloaded https://repo.maven.apache.org/maven2/org/eclipse/ee4j/project/1.0.5/project-1.0.5.pom
2025-11-13 17:16:32,110 [Worker-41: Building] INFO  o.e.m.c.i.e.AbstractTransferListenerAdapter - Downloading https://repo.maven.apache.org/maven2/jakarta/activation/jakarta.activation-api/1.2.1/jakarta.activation-api-1.2.1.pom
2025-11-13 17:16:32,169 [Worker-41: Building] INFO  o.e.m.c.i.e.AbstractTransferListenerAdapter - Downloaded https://repo.maven.apache.org/maven2/jakarta/activation/jakarta.activation-api/1.2.1/jakarta.activation-api-1.2.1.pom
2025-11-13 17:16:32,320 [Worker-41: Building] INFO  o.e.m.c.i.e.AbstractTransferListenerAdapter - Downloading https://repo.maven.apache.org/maven2/com/sun/activation/all/1.2.1/all-1.2.1.pom
2025-11-13 17:16:32,398 [Worker-41: Building] INFO  o.e.m.c.i.e.AbstractTransferListenerAdapter - Downloaded https://repo.maven.apache.org/maven2/com/sun/activation/all/1.2.1/all-1.2.1.pom
2025-11-13 17:16:32,529 [Worker-41: Building] INFO  o.e.m.c.i.e.AbstractTransferListenerAdapter - Downloading https://repo.maven.apache.org/maven2/org/eclipse/ee4j/project/1.0.2/project-1.0.2.pom
2025-11-13 17:16:32,610 [Worker-41: Building] INFO  o.e.m.c.i.e.AbstractTransferListenerAdapter - Downloaded https://repo.maven.apache.org/maven2/org/eclipse/ee4j/project/1.0.2/project-1.0.2.pom
2025-11-13 17:16:32,736 [Worker-41: Building] INFO  o.e.m.c.i.e.AbstractTransferListenerAdapter - Downloading https://repo.maven.apache.org/maven2/org/slf4j/slf4j-api/1.7.35/slf4j-api-1.7.35.pom
2025-11-13 17:16:32,768 [Worker-41: Building] INFO  o.e.m.c.i.e.AbstractTransferListenerAdapter - Downloaded https://repo.maven.apache.org/maven2/org/slf4j/slf4j-api/1.7.35/slf4j-api-1.7.35.pom
2025-11-13 17:16:32,837 [Worker-41: Building] INFO  o.e.m.c.i.e.AbstractTransferListenerAdapter - Downloading https://repo.maven.apache.org/maven2/org/slf4j/slf4j-parent/1.7.35/slf4j-parent-1.7.35.pom
2025-11-13 17:16:32,884 [Worker-41: Building] INFO  o.e.m.c.i.e.AbstractTransferListenerAdapter - Downloaded https://repo.maven.apache.org/maven2/org/slf4j/slf4j-parent/1.7.35/slf4j-parent-1.7.35.pom
2025-11-13 17:16:33,046 [Worker-41: Building] INFO  o.e.m.c.i.e.AbstractTransferListenerAdapter - Downloading https://repo.maven.apache.org/maven2/com/fasterxml/jackson/dataformat/jackson-dataformat-yaml/2.13.3/jackson-dataformat-yaml-2.13.3.pom
2025-11-13 17:16:33,106 [Worker-41: Building] INFO  o.e.m.c.i.e.AbstractTransferListenerAdapter - Downloaded https://repo.maven.apache.org/maven2/com/fasterxml/jackson/dataformat/jackson-dataformat-yaml/2.13.3/jackson-dataformat-yaml-2.13.3.pom
2025-11-13 17:16:33,169 [Worker-41: Building] INFO  o.e.m.c.i.e.AbstractTransferListenerAdapter - Downloading https://repo.maven.apache.org/maven2/com/fasterxml/jackson/dataformat/jackson-dataformats-text/2.13.3/jackson-dataformats-text-2.13.3.pom
2025-11-13 17:16:33,214 [Worker-41: Building] INFO  o.e.m.c.i.e.AbstractTransferListenerAdapter - Downloaded https://repo.maven.apache.org/maven2/com/fasterxml/jackson/dataformat/jackson-dataformats-text/2.13.3/jackson-dataformats-text-2.13.3.pom
2025-11-13 17:16:33,362 [Worker-41: Building] INFO  o.e.m.c.i.e.AbstractTransferListenerAdapter - Downloading https://repo.maven.apache.org/maven2/org/yaml/snakeyaml/1.30/snakeyaml-1.30.pom
2025-11-13 17:16:33,411 [Worker-41: Building] INFO  o.e.m.c.i.e.AbstractTransferListenerAdapter - Downloaded https://repo.maven.apache.org/maven2/org/yaml/snakeyaml/1.30/snakeyaml-1.30.pom
2025-11-13 17:16:33,521 [Worker-41: Building] INFO  o.e.m.c.i.e.AbstractTransferListenerAdapter - Downloading https://repo.maven.apache.org/maven2/com/fasterxml/jackson/datatype/jackson-datatype-jsr310/2.13.3/jackson-datatype-jsr310-2.13.3.pom
2025-11-13 17:16:33,566 [Worker-41: Building] INFO  o.e.m.c.i.e.AbstractTransferListenerAdapter - Downloaded https://repo.maven.apache.org/maven2/com/fasterxml/jackson/datatype/jackson-datatype-jsr310/2.13.3/jackson-datatype-jsr310-2.13.3.pom
2025-11-13 17:16:33,676 [Worker-41: Building] INFO  o.e.m.c.i.e.AbstractTransferListenerAdapter - Downloading https://repo.maven.apache.org/maven2/com/fasterxml/jackson/module/jackson-modules-java8/2.13.3/jackson-modules-java8-2.13.3.pom
2025-11-13 17:16:33,736 [Worker-41: Building] INFO  o.e.m.c.i.e.AbstractTransferListenerAdapter - Downloaded https://repo.maven.apache.org/maven2/com/fasterxml/jackson/module/jackson-modules-java8/2.13.3/jackson-modules-java8-2.13.3.pom
2025-11-13 17:16:33,828 [Worker-41: Building] INFO  o.e.m.c.i.e.AbstractTransferListenerAdapter - Downloading https://repo.maven.apache.org/maven2/jakarta/validation/jakarta.validation-api/2.0.2/jakarta.validation-api-2.0.2.pom
2025-11-13 17:16:33,904 [Worker-41: Building] INFO  o.e.m.c.i.e.AbstractTransferListenerAdapter - Downloaded https://repo.maven.apache.org/maven2/jakarta/validation/jakarta.validation-api/2.0.2/jakarta.validation-api-2.0.2.pom
2025-11-13 17:16:33,993 [Worker-41: Building] INFO  o.e.m.c.i.e.AbstractTransferListenerAdapter - Downloading https://repo.maven.apache.org/maven2/com/fasterxml/jackson/jaxrs/jackson-jaxrs-json-provider/2.13.3/jackson-jaxrs-json-provider-2.13.3.pom
2025-11-13 17:16:34,041 [Worker-41: Building] INFO  o.e.m.c.i.e.AbstractTransferListenerAdapter - Downloaded https://repo.maven.apache.org/maven2/com/fasterxml/jackson/jaxrs/jackson-jaxrs-json-provider/2.13.3/jackson-jaxrs-json-provider-2.13.3.pom
2025-11-13 17:16:34,701 [Worker-41: Building] INFO  o.e.m.c.i.e.AbstractTransferListenerAdapter - Downloading https://repo.maven.apache.org/maven2/com/fasterxml/jackson/jaxrs/jackson-jaxrs-providers/2.13.3/jackson-jaxrs-providers-2.13.3.pom
2025-11-13 17:16:34,741 [Worker-41: Building] INFO  o.e.m.c.i.e.AbstractTransferListenerAdapter - Downloaded https://repo.maven.apache.org/maven2/com/fasterxml/jackson/jaxrs/jackson-jaxrs-providers/2.13.3/jackson-jaxrs-providers-2.13.3.pom
2025-11-13 17:16:34,801 [Worker-41: Building] INFO  o.e.m.c.i.e.AbstractTransferListenerAdapter - Downloading https://repo.maven.apache.org/maven2/com/fasterxml/jackson/jaxrs/jackson-jaxrs-base/2.13.3/jackson-jaxrs-base-2.13.3.pom
2025-11-13 17:16:34,841 [Worker-41: Building] INFO  o.e.m.c.i.e.AbstractTransferListenerAdapter - Downloaded https://repo.maven.apache.org/maven2/com/fasterxml/jackson/jaxrs/jackson-jaxrs-base/2.13.3/jackson-jaxrs-base-2.13.3.pom
2025-11-13 17:16:34,903 [Worker-41: Building] INFO  o.e.m.c.i.e.AbstractTransferListenerAdapter - Downloading https://repo.maven.apache.org/maven2/com/fasterxml/jackson/module/jackson-module-jaxb-annotations/2.13.3/jackson-module-jaxb-annotations-2.13.3.pom
2025-11-13 17:16:34,939 [Worker-41: Building] INFO  o.e.m.c.i.e.AbstractTransferListenerAdapter - Downloaded https://repo.maven.apache.org/maven2/com/fasterxml/jackson/module/jackson-module-jaxb-annotations/2.13.3/jackson-module-jaxb-annotations-2.13.3.pom
2025-11-13 17:16:35,040 [Worker-41: Building] INFO  o.e.m.c.i.e.AbstractTransferListenerAdapter - Downloading https://repo.maven.apache.org/maven2/com/fasterxml/jackson/module/jackson-modules-base/2.13.3/jackson-modules-base-2.13.3.pom
2025-11-13 17:16:35,075 [Worker-41: Building] INFO  o.e.m.c.i.e.AbstractTransferListenerAdapter - Downloaded https://repo.maven.apache.org/maven2/com/fasterxml/jackson/module/jackson-modules-base/2.13.3/jackson-modules-base-2.13.3.pom
2025-11-13 17:16:35,158 [Worker-41: Building] INFO  o.e.m.c.i.e.AbstractTransferListenerAdapter - Downloading https://repo.maven.apache.org/maven2/jakarta/xml/bind/jakarta.xml.bind-api/2.3.3/jakarta.xml.bind-api-2.3.3.pom
2025-11-13 17:16:35,204 [Worker-41: Building] INFO  o.e.m.c.i.e.AbstractTransferListenerAdapter - Downloaded https://repo.maven.apache.org/maven2/jakarta/xml/bind/jakarta.xml.bind-api/2.3.3/jakarta.xml.bind-api-2.3.3.pom
2025-11-13 17:16:35,266 [Worker-41: Building] INFO  o.e.m.c.i.e.AbstractTransferListenerAdapter - Downloading https://repo.maven.apache.org/maven2/jakarta/xml/bind/jakarta.xml.bind-api-parent/2.3.3/jakarta.xml.bind-api-parent-2.3.3.pom
2025-11-13 17:16:35,312 [Worker-41: Building] INFO  o.e.m.c.i.e.AbstractTransferListenerAdapter - Downloaded https://repo.maven.apache.org/maven2/jakarta/xml/bind/jakarta.xml.bind-api-parent/2.3.3/jakarta.xml.bind-api-parent-2.3.3.pom
2025-11-13 17:16:35,378 [Worker-41: Building] INFO  o.e.m.c.i.e.AbstractTransferListenerAdapter - Downloading https://repo.maven.apache.org/maven2/jakarta/activation/jakarta.activation-api/1.2.2/jakarta.activation-api-1.2.2.pom
2025-11-13 17:16:35,421 [Worker-41: Building] INFO  o.e.m.c.i.e.AbstractTransferListenerAdapter - Downloaded https://repo.maven.apache.org/maven2/jakarta/activation/jakarta.activation-api/1.2.2/jakarta.activation-api-1.2.2.pom
2025-11-13 17:16:35,587 [Worker-41: Building] INFO  o.e.m.c.i.e.AbstractTransferListenerAdapter - Downloading https://repo.maven.apache.org/maven2/com/sun/activation/all/1.2.2/all-1.2.2.pom
2025-11-13 17:16:35,629 [Worker-41: Building] INFO  o.e.m.c.i.e.AbstractTransferListenerAdapter - Downloaded https://repo.maven.apache.org/maven2/com/sun/activation/all/1.2.2/all-1.2.2.pom
2025-11-13 17:16:35,774 [Worker-41: Building] INFO  o.e.m.c.i.e.AbstractTransferListenerAdapter - Downloading https://repo.maven.apache.org/maven2/io/jsonwebtoken/jjwt-api/0.11.5/jjwt-api-0.11.5.jar
2025-11-13 17:16:35,844 [Worker-41: Building] INFO  o.e.m.c.i.e.AbstractTransferListenerAdapter - Downloaded https://repo.maven.apache.org/maven2/io/jsonwebtoken/jjwt-api/0.11.5/jjwt-api-0.11.5.jar
2025-11-13 17:16:35,888 [BasicRepositoryConnector-repo.maven.apache.org-3-2] INFO  o.e.m.c.i.e.AbstractTransferListenerAdapter - Downloading https://repo.maven.apache.org/maven2/com/fasterxml/jackson/core/jackson-annotations/2.15.2/jackson-annotations-2.15.2.jar
2025-11-13 17:16:35,905 [BasicRepositoryConnector-repo.maven.apache.org-3-1] INFO  o.e.m.c.i.e.AbstractTransferListenerAdapter - Downloading https://repo.maven.apache.org/maven2/io/jsonwebtoken/jjwt-jackson/0.11.5/jjwt-jackson-0.11.5.jar
2025-11-13 17:16:35,905 [BasicRepositoryConnector-repo.maven.apache.org-3-4] INFO  o.e.m.c.i.e.AbstractTransferListenerAdapter - Downloading https://repo.maven.apache.org/maven2/com/fasterxml/jackson/core/jackson-databind/2.15.2/jackson-databind-2.15.2.jar
2025-11-13 17:16:35,916 [BasicRepositoryConnector-repo.maven.apache.org-3-3] INFO  o.e.m.c.i.e.AbstractTransferListenerAdapter - Downloading https://repo.maven.apache.org/maven2/com/fasterxml/jackson/core/jackson-core/2.15.2/jackson-core-2.15.2.jar
2025-11-13 17:16:35,919 [BasicRepositoryConnector-repo.maven.apache.org-3-0] INFO  o.e.m.c.i.e.AbstractTransferListenerAdapter - Downloading https://repo.maven.apache.org/maven2/io/jsonwebtoken/jjwt-impl/0.11.5/jjwt-impl-0.11.5.jar
2025-11-13 17:16:35,922 [BasicRepositoryConnector-repo.maven.apache.org-3-2] INFO  o.e.m.c.i.e.AbstractTransferListenerAdapter - Downloaded https://repo.maven.apache.org/maven2/com/fasterxml/jackson/core/jackson-annotations/2.15.2/jackson-annotations-2.15.2.jar
2025-11-13 17:16:35,934 [BasicRepositoryConnector-repo.maven.apache.org-3-1] INFO  o.e.m.c.i.e.AbstractTransferListenerAdapter - Downloaded https://repo.maven.apache.org/maven2/io/jsonwebtoken/jjwt-jackson/0.11.5/jjwt-jackson-0.11.5.jar
2025-11-13 17:16:35,964 [BasicRepositoryConnector-repo.maven.apache.org-3-0] INFO  o.e.m.c.i.e.AbstractTransferListenerAdapter - Downloaded https://repo.maven.apache.org/maven2/io/jsonwebtoken/jjwt-impl/0.11.5/jjwt-impl-0.11.5.jar
2025-11-13 17:16:35,973 [BasicRepositoryConnector-repo.maven.apache.org-3-2] INFO  o.e.m.c.i.e.AbstractTransferListenerAdapter - Downloaded https://repo.maven.apache.org/maven2/mysql/mysql-connector-j/8.4.0/mysql-connector-j-8.4.0.jar
2025-11-13 17:16:35,984 [BasicRepositoryConnector-repo.maven.apache.org-3-1] INFO  o.e.m.c.i.e.AbstractTransferListenerAdapter - Downloading https://repo.maven.apache.org/maven2/io/swagger/core/v3/swagger-jaxrs2/2.2.3/swagger-jaxrs2-2.2.3.jar
2025-11-13 17:16:35,995 [BasicRepositoryConnector-repo.maven.apache.org-3-3] INFO  o.e.m.c.i.e.AbstractTransferListenerAdapter - Downloaded https://repo.maven.apache.org/maven2/com/fasterxml/jackson/core/jackson-core/2.15.2/jackson-core-2.15.2.jar
2025-11-13 17:16:36,258 [BasicRepositoryConnector-repo.maven.apache.org-3-3] INFO  o.e.m.c.i.e.AbstractTransferListenerAdapter - Downloading https://repo.maven.apache.org/maven2/io/swagger/core/v3/swagger-models/2.2.3/swagger-models-2.2.3.jar
2025-11-13 17:16:36,276 [BasicRepositoryConnector-repo.maven.apache.org-3-2] INFO  o.e.m.c.i.e.AbstractTransferListenerAdapter - Downloading https://repo.maven.apache.org/maven2/org/javassist/javassist/3.25.0-GA/javassist-3.25.0-GA.jar
2025-11-13 17:16:36,311 [BasicRepositoryConnector-repo.maven.apache.org-3-1] INFO  o.e.m.c.i.e.AbstractTransferListenerAdapter - Downloaded https://repo.maven.apache.org/maven2/io/swagger/core/v3/swagger-jaxrs2/2.2.3/swagger-jaxrs2-2.2.3.jar
2025-11-13 17:16:36,311 [BasicRepositoryConnector-repo.maven.apache.org-3-3] INFO  o.e.m.c.i.e.AbstractTransferListenerAdapter - Downloaded https://repo.maven.apache.org/maven2/io/swagger/core/v3/swagger-models/2.2.3/swagger-models-2.2.3.jar
2025-11-13 17:16:36,346 [BasicRepositoryConnector-repo.maven.apache.org-3-4] INFO  o.e.m.c.i.e.AbstractTransferListenerAdapter - Downloaded https://repo.maven.apache.org/maven2/com/fasterxml/jackson/core/jackson-databind/2.15.2/jackson-databind-2.15.2.jar
2025-11-13 17:16:36,354 [BasicRepositoryConnector-repo.maven.apache.org-3-1] INFO  o.e.m.c.i.e.AbstractTransferListenerAdapter - Downloading https://repo.maven.apache.org/maven2/com/fasterxml/jackson/jaxrs/jackson-jaxrs-json-provider/2.13.3/jackson-jaxrs-json-provider-2.13.3.jar
2025-11-13 17:16:36,370 [BasicRepositoryConnector-repo.maven.apache.org-3-3] INFO  o.e.m.c.i.e.AbstractTransferListenerAdapter - Downloading https://repo.maven.apache.org/maven2/com/fasterxml/jackson/jaxrs/jackson-jaxrs-base/2.13.3/jackson-jaxrs-base-2.13.3.jar
2025-11-13 17:16:36,403 [BasicRepositoryConnector-repo.maven.apache.org-3-4] INFO  o.e.m.c.i.e.AbstractTransferListenerAdapter - Downloading https://repo.maven.apache.org/maven2/com/fasterxml/jackson/module/jackson-module-jaxb-annotations/2.13.3/jackson-module-jaxb-annotations-2.13.3.jar
2025-11-13 17:16:36,424 [BasicRepositoryConnector-repo.maven.apache.org-3-0] INFO  o.e.m.c.i.e.AbstractTransferListenerAdapter - Downloading https://repo.maven.apache.org/maven2/io/github/classgraph/classgraph/4.8.149/classgraph-4.8.149.jar
2025-11-13 17:16:36,910 [BasicRepositoryConnector-repo.maven.apache.org-3-1] INFO  o.e.m.c.i.e.AbstractTransferListenerAdapter - Downloaded https://repo.maven.apache.org/maven2/com/fasterxml/jackson/jaxrs/jackson-jaxrs-json-provider/2.13.3/jackson-jaxrs-json-provider-2.13.3.jar
2025-11-13 17:16:36,950 [BasicRepositoryConnector-repo.maven.apache.org-3-1] INFO  o.e.m.c.i.e.AbstractTransferListenerAdapter - Downloading https://repo.maven.apache.org/maven2/jakarta/activation/jakarta.activation-api/1.2.1/jakarta.activation-api-1.2.1.jar
2025-11-13 17:16:37,051 [BasicRepositoryConnector-repo.maven.apache.org-3-3] INFO  o.e.m.c.i.e.AbstractTransferListenerAdapter - Downloaded https://repo.maven.apache.org/maven2/com/fasterxml/jackson/jaxrs/jackson-jaxrs-base/2.13.3/jackson-jaxrs-base-2.13.3.jar
2025-11-13 17:16:37,054 [BasicRepositoryConnector-repo.maven.apache.org-3-0] INFO  o.e.m.c.i.e.AbstractTransferListenerAdapter - Downloaded https://repo.maven.apache.org/maven2/io/github/classgraph/classgraph/4.8.149/classgraph-4.8.149.jar
2025-11-13 17:16:37,087 [BasicRepositoryConnector-repo.maven.apache.org-3-3] INFO  o.e.m.c.i.e.AbstractTransferListenerAdapter - Downloading https://repo.maven.apache.org/maven2/io/swagger/core/v3/swagger-integration/2.2.3/swagger-integration-2.2.3.jar
2025-11-13 17:16:37,097 [BasicRepositoryConnector-repo.maven.apache.org-3-0] INFO  o.e.m.c.i.e.AbstractTransferListenerAdapter - Downloading https://repo.maven.apache.org/maven2/io/swagger/core/v3/swagger-core/2.2.3/swagger-core-2.2.3.jar
2025-11-13 17:16:37,132 [BasicRepositoryConnector-repo.maven.apache.org-3-4] INFO  o.e.m.c.i.e.AbstractTransferListenerAdapter - Downloaded https://repo.maven.apache.org/maven2/com/fasterxml/jackson/module/jackson-module-jaxb-annotations/2.13.3/jackson-module-jaxb-annotations-2.13.3.jar
2025-11-13 17:16:37,148 [BasicRepositoryConnector-repo.maven.apache.org-3-0] INFO  o.e.m.c.i.e.AbstractTransferListenerAdapter - Downloaded https://repo.maven.apache.org/maven2/io/swagger/core/v3/swagger-core/2.2.3/swagger-core-2.2.3.jar
2025-11-13 17:16:37,154 [BasicRepositoryConnector-repo.maven.apache.org-3-2] INFO  o.e.m.c.i.e.AbstractTransferListenerAdapter - Downloaded https://repo.maven.apache.org/maven2/org/javassist/javassist/3.25.0-GA/javassist-3.25.0-GA.jar
2025-11-13 17:16:37,228 [BasicRepositoryConnector-repo.maven.apache.org-3-4] INFO  o.e.m.c.i.e.AbstractTransferListenerAdapter - Downloading https://repo.maven.apache.org/maven2/jakarta/xml/bind/jakarta.xml.bind-api/2.3.2/jakarta.xml.bind-api-2.3.2.jar
2025-11-13 17:16:37,234 [BasicRepositoryConnector-repo.maven.apache.org-3-0] INFO  o.e.m.c.i.e.AbstractTransferListenerAdapter - Downloading https://repo.maven.apache.org/maven2/org/slf4j/slf4j-api/1.7.35/slf4j-api-1.7.35.jar
2025-11-13 17:16:37,235 [BasicRepositoryConnector-repo.maven.apache.org-3-2] INFO  o.e.m.c.i.e.AbstractTransferListenerAdapter - Downloading https://repo.maven.apache.org/maven2/com/fasterxml/jackson/dataformat/jackson-dataformat-yaml/2.13.3/jackson-dataformat-yaml-2.13.3.jar
2025-11-13 17:16:37,285 [BasicRepositoryConnector-repo.maven.apache.org-3-2] INFO  o.e.m.c.i.e.AbstractTransferListenerAdapter - Downloaded https://repo.maven.apache.org/maven2/com/fasterxml/jackson/dataformat/jackson-dataformat-yaml/2.13.3/jackson-dataformat-yaml-2.13.3.jar
2025-11-13 17:16:37,285 [BasicRepositoryConnector-repo.maven.apache.org-3-4] INFO  o.e.m.c.i.e.AbstractTransferListenerAdapter - Downloaded https://repo.maven.apache.org/maven2/jakarta/xml/bind/jakarta.xml.bind-api/2.3.2/jakarta.xml.bind-api-2.3.2.jar
2025-11-13 17:16:37,334 [BasicRepositoryConnector-repo.maven.apache.org-3-2] INFO  o.e.m.c.i.e.AbstractTransferListenerAdapter - Downloading https://repo.maven.apache.org/maven2/com/fasterxml/jackson/datatype/jackson-datatype-jsr310/2.13.3/jackson-datatype-jsr310-2.13.3.jar
2025-11-13 17:16:37,344 [BasicRepositoryConnector-repo.maven.apache.org-3-4] INFO  o.e.m.c.i.e.AbstractTransferListenerAdapter - Downloading https://repo.maven.apache.org/maven2/org/yaml/snakeyaml/1.30/snakeyaml-1.30.jar
2025-11-13 17:16:37,410 [BasicRepositoryConnector-repo.maven.apache.org-3-2] INFO  o.e.m.c.i.e.AbstractTransferListenerAdapter - Downloaded https://repo.maven.apache.org/maven2/com/fasterxml/jackson/datatype/jackson-datatype-jsr310/2.13.3/jackson-datatype-jsr310-2.13.3.jar
2025-11-13 17:16:37,412 [BasicRepositoryConnector-repo.maven.apache.org-3-4] INFO  o.e.m.c.i.e.AbstractTransferListenerAdapter - Downloaded https://repo.maven.apache.org/maven2/org/yaml/snakeyaml/1.30/snakeyaml-1.30.jar
2025-11-13 17:16:37,577 [BasicRepositoryConnector-repo.maven.apache.org-3-2] INFO  o.e.m.c.i.e.AbstractTransferListenerAdapter - Downloading https://repo.maven.apache.org/maven2/jakarta/validation/jakarta.validation-api/2.0.2/jakarta.validation-api-2.0.2.jar
2025-11-13 17:16:37,577 [BasicRepositoryConnector-repo.maven.apache.org-3-4] INFO  o.e.m.c.i.e.AbstractTransferListenerAdapter - Downloading https://repo.maven.apache.org/maven2/io/swagger/core/v3/swagger-annotations/2.2.3/swagger-annotations-2.2.3.jar
2025-11-13 17:16:37,653 [BasicRepositoryConnector-repo.maven.apache.org-3-2] INFO  o.e.m.c.i.e.AbstractTransferListenerAdapter - Downloaded https://repo.maven.apache.org/maven2/jakarta/validation/jakarta.validation-api/2.0.2/jakarta.validation-api-2.0.2.jar
2025-11-13 17:16:37,780 [BasicRepositoryConnector-repo.maven.apache.org-3-3] INFO  o.e.m.c.i.e.AbstractTransferListenerAdapter - Downloaded https://repo.maven.apache.org/maven2/io/swagger/core/v3/swagger-integration/2.2.3/swagger-integration-2.2.3.jar
2025-11-13 17:16:37,812 [BasicRepositoryConnector-repo.maven.apache.org-3-1] INFO  o.e.m.c.i.e.AbstractTransferListenerAdapter - Downloaded https://repo.maven.apache.org/maven2/jakarta/activation/jakarta.activation-api/1.2.1/jakarta.activation-api-1.2.1.jar
2025-11-13 17:16:37,990 [BasicRepositoryConnector-repo.maven.apache.org-3-0] INFO  o.e.m.c.i.e.AbstractTransferListenerAdapter - Downloaded https://repo.maven.apache.org/maven2/org/slf4j/slf4j-api/1.7.35/slf4j-api-1.7.35.jar
2025-11-13 17:16:38,463 [BasicRepositoryConnector-repo.maven.apache.org-3-4] INFO  o.e.m.c.i.e.AbstractTransferListenerAdapter - Downloaded https://repo.maven.apache.org/maven2/io/swagger/core/v3/swagger-annotations/2.2.3/swagger-annotations-2.2.3.jar
2025-11-13 17:16:38,591 [Worker-41: Building] ERROR o.e.m.c.u.i.m.MarkerLocationService - 55
org.eclipse.jface.text.BadLocationException: 55
	at org.eclipse.jface.text.TreeLineTracker.offsetByLine(TreeLineTracker.java:335)
	at org.eclipse.jface.text.TreeLineTracker.getLineOffset(TreeLineTracker.java:1101)
	at org.eclipse.jface.text.AbstractLineTracker.getLineOffset(AbstractLineTracker.java:252)
	at org.eclipse.wst.sse.core.internal.text.BasicStructuredDocument.getLineOffset(BasicStructuredDocument.java:1499)
	at org.eclipse.m2e.core.ui.internal.markers.MarkerLocationService.findLocationForMarker(MarkerLocationService.java:117)
	at org.eclipse.m2e.core.internal.markers.MarkerUtils.decorateMarker(MarkerUtils.java:50)
	at org.eclipse.m2e.core.internal.markers.MavenMarkerManager.addErrorMarker(MavenMarkerManager.java:329)
	at org.eclipse.m2e.core.internal.markers.MavenMarkerManager.addErrorMarkers(MavenMarkerManager.java:312)
	at org.eclipse.m2e.core.internal.markers.MavenMarkerManager.addMarkers(MavenMarkerManager.java:86)
	at org.eclipse.m2e.core.internal.project.registry.DefaultMavenDependencyResolver.resolveProjectDependencies(DefaultMavenDependencyResolver.java:73)
	at org.eclipse.m2e.core.internal.project.registry.ProjectRegistryManager.refreshPhase2(ProjectRegistryManager.java:579)
	at org.eclipse.m2e.core.internal.project.registry.ProjectRegistryManager.lambda$5(ProjectRegistryManager.java:487)
	at org.eclipse.m2e.core.internal.embedder.MavenExecutionContext.executeBare(MavenExecutionContext.java:458)
	at org.eclipse.m2e.core.internal.embedder.MavenExecutionContext.execute(MavenExecutionContext.java:339)
	at org.eclipse.m2e.core.internal.project.registry.ProjectRegistryManager.refresh(ProjectRegistryManager.java:485)
	at org.eclipse.m2e.core.internal.project.registry.ProjectRegistryManager.refresh(ProjectRegistryManager.java:370)
	at org.eclipse.m2e.core.internal.project.registry.ProjectRegistryManager.refresh(ProjectRegistryManager.java:322)
	at org.eclipse.m2e.core.internal.builder.MavenBuilder$BuildMethod.getProjectFacade(MavenBuilder.java:146)
	at org.eclipse.m2e.core.internal.builder.MavenBuilder$BuildMethod.lambda$0(MavenBuilder.java:84)
	at org.eclipse.m2e.core.internal.embedder.MavenExecutionContext.executeBare(MavenExecutionContext.java:458)
	at org.eclipse.m2e.core.internal.embedder.MavenExecutionContext.execute(MavenExecutionContext.java:339)
	at org.eclipse.m2e.core.internal.embedder.MavenExecutionContext.execute(MavenExecutionContext.java:278)
	at org.eclipse.m2e.core.internal.builder.MavenBuilder$BuildMethod.execute(MavenBuilder.java:83)
	at org.eclipse.m2e.core.internal.builder.MavenBuilder.build(MavenBuilder.java:192)
	at org.eclipse.core.internal.events.BuildManager$2.run(BuildManager.java:1077)
	at org.eclipse.core.runtime.SafeRunner.run(SafeRunner.java:47)
	at org.eclipse.core.internal.events.BuildManager.basicBuild(BuildManager.java:296)
	at org.eclipse.core.internal.events.BuildManager.basicBuild(BuildManager.java:352)
	at org.eclipse.core.internal.events.BuildManager$1.run(BuildManager.java:441)
	at org.eclipse.core.runtime.SafeRunner.run(SafeRunner.java:47)
	at org.eclipse.core.internal.events.BuildManager.basicBuild(BuildManager.java:444)
	at org.eclipse.core.internal.events.BuildManager.basicBuildLoop(BuildManager.java:555)
	at org.eclipse.core.internal.events.BuildManager.basicBuildLoop(BuildManager.java:503)
	at org.eclipse.core.internal.events.BuildManager.build(BuildManager.java:585)
	at org.eclipse.core.internal.events.AutoBuildJob.doBuild(AutoBuildJob.java:207)
	at org.eclipse.core.internal.events.AutoBuildJob.run(AutoBuildJob.java:300)
	at org.eclipse.core.internal.jobs.Worker.run(Worker.java:63)
2025-11-13 17:16:39,314 [Worker-41: Building] INFO  o.a.m.s.f.DefaultMavenResourcesFiltering - Copying 0 resource from src\main\resources to target\classes
2025-11-13 17:16:39,320 [Worker-41: Building] INFO  o.a.m.s.f.DefaultMavenResourcesFiltering - skip non existing resourceDirectory C:\Users\Public\gimalProject\gimalProject\src\test\resources
2025-11-13 17:16:39,322 [Worker-41: Building] INFO  o.e.m.w.i.f.ResourceFilteringBuildParticipant - Changed resources require a complete clean of filtered resources of gimalProject
2025-11-13 17:16:39,322 [Worker-41: Building] INFO  o.e.m.w.i.f.ResourceFilteringBuildParticipant - Executing resource filtering for gimalProject
2025-11-13 17:16:40,241 [Worker-34: Download sources and javadoc] INFO  o.e.m.c.i.e.AbstractTransferListenerAdapter - Downloading https://repo.maven.apache.org/maven2/io/jsonwebtoken/jjwt-api/0.11.5/jjwt-api-0.11.5-sources.jar
2025-11-13 17:16:40,297 [Worker-34: Download sources and javadoc] INFO  o.e.m.c.i.e.AbstractTransferListenerAdapter - Downloaded https://repo.maven.apache.org/maven2/io/jsonwebtoken/jjwt-api/0.11.5/jjwt-api-0.11.5-sources.jar
2025-11-13 17:16:40,303 [Worker-34: Download sources and javadoc] INFO  o.e.m.j.internal.DownloadSourcesJob - Downloaded sources for io.jsonwebtoken:jjwt-api:0.11.5
2025-11-13 17:16:40,351 [Worker-34: Download sources and javadoc] INFO  o.e.m.c.i.e.AbstractTransferListenerAdapter - Downloading https://repo.maven.apache.org/maven2/io/jsonwebtoken/jjwt-impl/0.11.5/jjwt-impl-0.11.5-sources.jar
2025-11-13 17:16:40,398 [Worker-34: Download sources and javadoc] INFO  o.e.m.c.i.e.AbstractTransferListenerAdapter - Downloaded https://repo.maven.apache.org/maven2/io/jsonwebtoken/jjwt-impl/0.11.5/jjwt-impl-0.11.5-sources.jar
2025-11-13 17:16:40,399 [Worker-34: Download sources and javadoc] INFO  o.e.m.j.internal.DownloadSourcesJob - Downloaded sources for io.jsonwebtoken:jjwt-impl:0.11.5
2025-11-13 17:16:40,488 [Worker-34: Download sources and javadoc] INFO  o.e.m.c.i.e.AbstractTransferListenerAdapter - Downloading https://repo.maven.apache.org/maven2/io/jsonwebtoken/jjwt-jackson/0.11.5/jjwt-jackson-0.11.5-sources.jar
2025-11-13 17:16:40,580 [Worker-34: Download sources and javadoc] INFO  o.e.m.c.i.e.AbstractTransferListenerAdapter - Downloaded https://repo.maven.apache.org/maven2/io/jsonwebtoken/jjwt-jackson/0.11.5/jjwt-jackson-0.11.5-sources.jar
2025-11-13 17:16:40,585 [Worker-34: Download sources and javadoc] INFO  o.e.m.j.internal.DownloadSourcesJob - Downloaded sources for io.jsonwebtoken:jjwt-jackson:0.11.5
2025-11-13 17:16:40,676 [Worker-34: Download sources and javadoc] INFO  o.e.m.c.i.e.AbstractTransferListenerAdapter - Downloading https://repo.maven.apache.org/maven2/com/fasterxml/jackson/core/jackson-annotations/2.15.2/jackson-annotations-2.15.2-sources.jar
2025-11-13 17:16:40,716 [Worker-34: Download sources and javadoc] INFO  o.e.m.c.i.e.AbstractTransferListenerAdapter - Downloaded https://repo.maven.apache.org/maven2/com/fasterxml/jackson/core/jackson-annotations/2.15.2/jackson-annotations-2.15.2-sources.jar
2025-11-13 17:16:40,720 [Worker-34: Download sources and javadoc] INFO  o.e.m.j.internal.DownloadSourcesJob - Downloaded sources for com.fasterxml.jackson.core:jackson-annotations:2.15.2
2025-11-13 17:16:40,888 [Worker-34: Download sources and javadoc] INFO  o.e.m.c.i.e.AbstractTransferListenerAdapter - Downloading https://repo.maven.apache.org/maven2/com/fasterxml/jackson/core/jackson-core/2.15.2/jackson-core-2.15.2-sources.jar
2025-11-13 17:16:40,970 [Worker-34: Download sources and javadoc] INFO  o.e.m.c.i.e.AbstractTransferListenerAdapter - Downloaded https://repo.maven.apache.org/maven2/com/fasterxml/jackson/core/jackson-core/2.15.2/jackson-core-2.15.2-sources.jar
2025-11-13 17:16:40,975 [Worker-34: Download sources and javadoc] INFO  o.e.m.j.internal.DownloadSourcesJob - Downloaded sources for com.fasterxml.jackson.core:jackson-core:2.15.2
2025-11-13 17:16:41,194 [Worker-34: Download sources and javadoc] INFO  o.e.m.c.i.e.AbstractTransferListenerAdapter - Downloading https://repo.maven.apache.org/maven2/com/fasterxml/jackson/core/jackson-databind/2.15.2/jackson-databind-2.15.2-sources.jar
2025-11-13 17:16:41,349 [Worker-34: Download sources and javadoc] INFO  o.e.m.c.i.e.AbstractTransferListenerAdapter - Downloaded https://repo.maven.apache.org/maven2/com/fasterxml/jackson/core/jackson-databind/2.15.2/jackson-databind-2.15.2-sources.jar
2025-11-13 17:16:41,353 [Worker-34: Download sources and javadoc] INFO  o.e.m.j.internal.DownloadSourcesJob - Downloaded sources for com.fasterxml.jackson.core:jackson-databind:2.15.2
2025-11-13 17:16:41,779 [Worker-34: Download sources and javadoc] INFO  o.e.m.c.i.e.AbstractTransferListenerAdapter - Downloaded https://repo.maven.apache.org/maven2/mysql/mysql-connector-j/8.4.0/mysql-connector-j-8.4.0-sources.jar
2025-11-13 17:16:41,813 [Worker-34: Download sources and javadoc] ERROR o.e.m.j.internal.DownloadSourcesJob - Could not download sources for mysql:mysql-connector-j:8.4.0
org.eclipse.core.runtime.CoreException: Could not resolve artifact mysql:mysql-connector-j:jar:sources:8.4.0
	at org.eclipse.m2e.core.internal.embedder.MavenImpl.lambda$7(MavenImpl.java:540)
	at org.eclipse.m2e.core.internal.embedder.MavenExecutionContext.executeBare(MavenExecutionContext.java:458)
	at org.eclipse.m2e.core.internal.embedder.MavenExecutionContext.execute(MavenExecutionContext.java:292)
	at org.eclipse.m2e.core.internal.embedder.MavenExecutionContext.execute(MavenExecutionContext.java:278)
	at org.eclipse.m2e.core.internal.embedder.MavenImpl.resolve(MavenImpl.java:509)
	at org.eclipse.m2e.core.internal.embedder.MavenImpl.resolve(MavenImpl.java:494)
	at org.eclipse.m2e.jdt.internal.DownloadSourcesJob.download(DownloadSourcesJob.java:308)
	at org.eclipse.m2e.jdt.internal.DownloadSourcesJob.downloadAttachments(DownloadSourcesJob.java:282)
	at org.eclipse.m2e.jdt.internal.DownloadSourcesJob.downloadMaven(DownloadSourcesJob.java:252)
	at org.eclipse.m2e.jdt.internal.DownloadSourcesJob.downloadFilesAndPopulateToUpdate(DownloadSourcesJob.java:220)
	at org.eclipse.m2e.jdt.internal.DownloadSourcesJob.lambda$0(DownloadSourcesJob.java:149)
	at org.eclipse.m2e.core.internal.embedder.MavenExecutionContext.executeBare(MavenExecutionContext.java:458)
	at org.eclipse.m2e.core.internal.embedder.MavenExecutionContext.execute(MavenExecutionContext.java:339)
	at org.eclipse.m2e.core.internal.embedder.MavenExecutionContext.execute(MavenExecutionContext.java:278)
	at org.eclipse.m2e.core.embedder.IMaven.execute(IMaven.java:300)
	at org.eclipse.m2e.jdt.internal.DownloadSourcesJob.run(DownloadSourcesJob.java:149)
	at org.eclipse.core.internal.jobs.Worker.run(Worker.java:63)
2025-11-13 17:16:42,661 [Worker-34: Download sources and javadoc] INFO  o.e.m.c.i.e.AbstractTransferListenerAdapter - Downloading https://repo.maven.apache.org/maven2/io/swagger/core/v3/swagger-jaxrs2/2.2.3/swagger-jaxrs2-2.2.3-sources.jar
2025-11-13 17:16:43,514 [Worker-34: Download sources and javadoc] INFO  o.e.m.c.i.e.AbstractTransferListenerAdapter - Downloaded https://repo.maven.apache.org/maven2/io/swagger/core/v3/swagger-jaxrs2/2.2.3/swagger-jaxrs2-2.2.3-sources.jar
2025-11-13 17:16:43,521 [Worker-34: Download sources and javadoc] INFO  o.e.m.j.internal.DownloadSourcesJob - Downloaded sources for io.swagger.core.v3:swagger-jaxrs2:2.2.3
2025-11-13 17:16:43,703 [Worker-34: Download sources and javadoc] INFO  o.e.m.c.i.e.AbstractTransferListenerAdapter - Downloading https://repo.maven.apache.org/maven2/io/github/classgraph/classgraph/4.8.149/classgraph-4.8.149-sources.jar
2025-11-13 17:16:43,781 [Worker-34: Download sources and javadoc] INFO  o.e.m.c.i.e.AbstractTransferListenerAdapter - Downloaded https://repo.maven.apache.org/maven2/io/github/classgraph/classgraph/4.8.149/classgraph-4.8.149-sources.jar
2025-11-13 17:16:43,786 [Worker-34: Download sources and javadoc] INFO  o.e.m.j.internal.DownloadSourcesJob - Downloaded sources for io.github.classgraph:classgraph:4.8.149
2025-11-13 17:16:43,946 [Worker-34: Download sources and javadoc] INFO  o.e.m.c.i.e.AbstractTransferListenerAdapter - Downloading https://repo.maven.apache.org/maven2/org/javassist/javassist/3.25.0-GA/javassist-3.25.0-GA-sources.jar
2025-11-13 17:16:44,028 [Worker-34: Download sources and javadoc] INFO  o.e.m.c.i.e.AbstractTransferListenerAdapter - Downloaded https://repo.maven.apache.org/maven2/org/javassist/javassist/3.25.0-GA/javassist-3.25.0-GA-sources.jar
2025-11-13 17:16:44,036 [Worker-34: Download sources and javadoc] INFO  o.e.m.j.internal.DownloadSourcesJob - Downloaded sources for org.javassist:javassist:3.25.0-GA
2025-11-13 17:16:44,228 [Worker-34: Download sources and javadoc] INFO  o.e.m.c.i.e.AbstractTransferListenerAdapter - Downloading https://repo.maven.apache.org/maven2/io/swagger/core/v3/swagger-models/2.2.3/swagger-models-2.2.3-sources.jar
2025-11-13 17:16:44,299 [Worker-34: Download sources and javadoc] INFO  o.e.m.c.i.e.AbstractTransferListenerAdapter - Downloaded https://repo.maven.apache.org/maven2/io/swagger/core/v3/swagger-models/2.2.3/swagger-models-2.2.3-sources.jar
2025-11-13 17:16:44,305 [Worker-34: Download sources and javadoc] INFO  o.e.m.j.internal.DownloadSourcesJob - Downloaded sources for io.swagger.core.v3:swagger-models:2.2.3
2025-11-13 17:16:44,379 [Worker-34: Download sources and javadoc] INFO  o.e.m.c.i.e.AbstractTransferListenerAdapter - Downloading https://repo.maven.apache.org/maven2/com/fasterxml/jackson/jaxrs/jackson-jaxrs-json-provider/2.13.3/jackson-jaxrs-json-provider-2.13.3-sources.jar
2025-11-13 17:16:44,679 [Worker-34: Download sources and javadoc] INFO  o.e.m.c.i.e.AbstractTransferListenerAdapter - Downloaded https://repo.maven.apache.org/maven2/com/fasterxml/jackson/jaxrs/jackson-jaxrs-json-provider/2.13.3/jackson-jaxrs-json-provider-2.13.3-sources.jar
2025-11-13 17:16:44,685 [Worker-34: Download sources and javadoc] INFO  o.e.m.j.internal.DownloadSourcesJob - Downloaded sources for com.fasterxml.jackson.jaxrs:jackson-jaxrs-json-provider:2.13.3
2025-11-13 17:16:44,773 [Worker-34: Download sources and javadoc] INFO  o.e.m.c.i.e.AbstractTransferListenerAdapter - Downloading https://repo.maven.apache.org/maven2/com/fasterxml/jackson/jaxrs/jackson-jaxrs-base/2.13.3/jackson-jaxrs-base-2.13.3-sources.jar
2025-11-13 17:16:45,177 [Worker-34: Download sources and javadoc] INFO  o.e.m.c.i.e.AbstractTransferListenerAdapter - Downloaded https://repo.maven.apache.org/maven2/com/fasterxml/jackson/jaxrs/jackson-jaxrs-base/2.13.3/jackson-jaxrs-base-2.13.3-sources.jar
2025-11-13 17:16:45,182 [Worker-34: Download sources and javadoc] INFO  o.e.m.j.internal.DownloadSourcesJob - Downloaded sources for com.fasterxml.jackson.jaxrs:jackson-jaxrs-base:2.13.3
2025-11-13 17:16:45,377 [Worker-34: Download sources and javadoc] INFO  o.e.m.c.i.e.AbstractTransferListenerAdapter - Downloading https://repo.maven.apache.org/maven2/com/fasterxml/jackson/module/jackson-module-jaxb-annotations/2.13.3/jackson-module-jaxb-annotations-2.13.3-sources.jar
2025-11-13 17:16:45,709 [Worker-34: Download sources and javadoc] INFO  o.e.m.c.i.e.AbstractTransferListenerAdapter - Downloaded https://repo.maven.apache.org/maven2/com/fasterxml/jackson/module/jackson-module-jaxb-annotations/2.13.3/jackson-module-jaxb-annotations-2.13.3-sources.jar
2025-11-13 17:16:45,715 [Worker-34: Download sources and javadoc] INFO  o.e.m.j.internal.DownloadSourcesJob - Downloaded sources for com.fasterxml.jackson.module:jackson-module-jaxb-annotations:2.13.3
2025-11-13 17:16:45,891 [Worker-34: Download sources and javadoc] INFO  o.e.m.c.i.e.AbstractTransferListenerAdapter - Downloading https://repo.maven.apache.org/maven2/jakarta/activation/jakarta.activation-api/1.2.1/jakarta.activation-api-1.2.1-sources.jar
2025-11-13 17:16:46,400 [Worker-34: Download sources and javadoc] INFO  o.e.m.c.i.e.AbstractTransferListenerAdapter - Downloaded https://repo.maven.apache.org/maven2/jakarta/activation/jakarta.activation-api/1.2.1/jakarta.activation-api-1.2.1-sources.jar
2025-11-13 17:16:46,404 [Worker-34: Download sources and javadoc] INFO  o.e.m.j.internal.DownloadSourcesJob - Downloaded sources for jakarta.activation:jakarta.activation-api:1.2.1
2025-11-13 17:16:47,441 [Worker-34: Download sources and javadoc] INFO  o.e.m.c.i.e.AbstractTransferListenerAdapter - Downloading https://repo.maven.apache.org/maven2/io/swagger/core/v3/swagger-integration/2.2.3/swagger-integration-2.2.3-sources.jar
2025-11-13 17:16:47,920 [Worker-34: Download sources and javadoc] INFO  o.e.m.c.i.e.AbstractTransferListenerAdapter - Downloaded https://repo.maven.apache.org/maven2/io/swagger/core/v3/swagger-integration/2.2.3/swagger-integration-2.2.3-sources.jar
2025-11-13 17:16:47,927 [Worker-34: Download sources and javadoc] INFO  o.e.m.j.internal.DownloadSourcesJob - Downloaded sources for io.swagger.core.v3:swagger-integration:2.2.3
2025-11-13 17:16:48,405 [Worker-34: Download sources and javadoc] INFO  o.e.m.c.i.e.AbstractTransferListenerAdapter - Downloading https://repo.maven.apache.org/maven2/io/swagger/core/v3/swagger-core/2.2.3/swagger-core-2.2.3-sources.jar
2025-11-13 17:16:48,476 [Worker-34: Download sources and javadoc] INFO  o.e.m.c.i.e.AbstractTransferListenerAdapter - Downloaded https://repo.maven.apache.org/maven2/io/swagger/core/v3/swagger-core/2.2.3/swagger-core-2.2.3-sources.jar
2025-11-13 17:16:48,490 [Worker-34: Download sources and javadoc] INFO  o.e.m.j.internal.DownloadSourcesJob - Downloaded sources for io.swagger.core.v3:swagger-core:2.2.3
2025-11-13 17:16:48,588 [Worker-34: Download sources and javadoc] INFO  o.e.m.c.i.e.AbstractTransferListenerAdapter - Downloading https://repo.maven.apache.org/maven2/jakarta/xml/bind/jakarta.xml.bind-api/2.3.2/jakarta.xml.bind-api-2.3.2-sources.jar
2025-11-13 17:16:48,647 [Worker-34: Download sources and javadoc] INFO  o.e.m.c.i.e.AbstractTransferListenerAdapter - Downloaded https://repo.maven.apache.org/maven2/jakarta/xml/bind/jakarta.xml.bind-api/2.3.2/jakarta.xml.bind-api-2.3.2-sources.jar
2025-11-13 17:16:48,655 [Worker-34: Download sources and javadoc] INFO  o.e.m.j.internal.DownloadSourcesJob - Downloaded sources for jakarta.xml.bind:jakarta.xml.bind-api:2.3.2
2025-11-13 17:16:48,821 [Worker-34: Download sources and javadoc] INFO  o.e.m.c.i.e.AbstractTransferListenerAdapter - Downloading https://repo.maven.apache.org/maven2/org/apache/commons/commons-lang3/3.12.0/commons-lang3-3.12.0-sources.jar
2025-11-13 17:16:48,940 [Worker-34: Download sources and javadoc] INFO  o.e.m.c.i.e.AbstractTransferListenerAdapter - Downloaded https://repo.maven.apache.org/maven2/org/apache/commons/commons-lang3/3.12.0/commons-lang3-3.12.0-sources.jar
2025-11-13 17:16:48,945 [Worker-34: Download sources and javadoc] INFO  o.e.m.j.internal.DownloadSourcesJob - Downloaded sources for org.apache.commons:commons-lang3:3.12.0
2025-11-13 17:16:49,057 [Worker-34: Download sources and javadoc] INFO  o.e.m.c.i.e.AbstractTransferListenerAdapter - Downloading https://repo.maven.apache.org/maven2/org/slf4j/slf4j-api/1.7.35/slf4j-api-1.7.35-sources.jar
2025-11-13 17:16:49,101 [Worker-34: Download sources and javadoc] INFO  o.e.m.c.i.e.AbstractTransferListenerAdapter - Downloaded https://repo.maven.apache.org/maven2/org/slf4j/slf4j-api/1.7.35/slf4j-api-1.7.35-sources.jar
2025-11-13 17:16:49,105 [Worker-34: Download sources and javadoc] INFO  o.e.m.j.internal.DownloadSourcesJob - Downloaded sources for org.slf4j:slf4j-api:1.7.35
2025-11-13 17:16:49,264 [Worker-34: Download sources and javadoc] INFO  o.e.m.c.i.e.AbstractTransferListenerAdapter - Downloading https://repo.maven.apache.org/maven2/com/fasterxml/jackson/dataformat/jackson-dataformat-yaml/2.13.3/jackson-dataformat-yaml-2.13.3-sources.jar
2025-11-13 17:16:49,731 [Worker-34: Download sources and javadoc] INFO  o.e.m.c.i.e.AbstractTransferListenerAdapter - Downloaded https://repo.maven.apache.org/maven2/com/fasterxml/jackson/dataformat/jackson-dataformat-yaml/2.13.3/jackson-dataformat-yaml-2.13.3-sources.jar
2025-11-13 17:16:49,739 [Worker-34: Download sources and javadoc] INFO  o.e.m.j.internal.DownloadSourcesJob - Downloaded sources for com.fasterxml.jackson.dataformat:jackson-dataformat-yaml:2.13.3
2025-11-13 17:16:49,867 [Worker-34: Download sources and javadoc] INFO  o.e.m.c.i.e.AbstractTransferListenerAdapter - Downloading https://repo.maven.apache.org/maven2/org/yaml/snakeyaml/1.30/snakeyaml-1.30-sources.jar
2025-11-13 17:16:49,925 [Worker-34: Download sources and javadoc] INFO  o.e.m.c.i.e.AbstractTransferListenerAdapter - Downloaded https://repo.maven.apache.org/maven2/org/yaml/snakeyaml/1.30/snakeyaml-1.30-sources.jar
2025-11-13 17:16:49,931 [Worker-34: Download sources and javadoc] INFO  o.e.m.j.internal.DownloadSourcesJob - Downloaded sources for org.yaml:snakeyaml:1.30
2025-11-13 17:16:50,068 [Worker-34: Download sources and javadoc] INFO  o.e.m.c.i.e.AbstractTransferListenerAdapter - Downloading https://repo.maven.apache.org/maven2/com/fasterxml/jackson/datatype/jackson-datatype-jsr310/2.13.3/jackson-datatype-jsr310-2.13.3-sources.jar
2025-11-13 17:16:50,157 [Worker-34: Download sources and javadoc] INFO  o.e.m.c.i.e.AbstractTransferListenerAdapter - Downloaded https://repo.maven.apache.org/maven2/com/fasterxml/jackson/datatype/jackson-datatype-jsr310/2.13.3/jackson-datatype-jsr310-2.13.3-sources.jar
2025-11-13 17:16:50,165 [Worker-34: Download sources and javadoc] INFO  o.e.m.j.internal.DownloadSourcesJob - Downloaded sources for com.fasterxml.jackson.datatype:jackson-datatype-jsr310:2.13.3
2025-11-13 17:16:50,310 [Worker-34: Download sources and javadoc] INFO  o.e.m.c.i.e.AbstractTransferListenerAdapter - Downloading https://repo.maven.apache.org/maven2/jakarta/validation/jakarta.validation-api/2.0.2/jakarta.validation-api-2.0.2-sources.jar
2025-11-13 17:16:50,358 [Worker-34: Download sources and javadoc] INFO  o.e.m.c.i.e.AbstractTransferListenerAdapter - Downloaded https://repo.maven.apache.org/maven2/jakarta/validation/jakarta.validation-api/2.0.2/jakarta.validation-api-2.0.2-sources.jar
2025-11-13 17:16:50,363 [Worker-34: Download sources and javadoc] INFO  o.e.m.j.internal.DownloadSourcesJob - Downloaded sources for jakarta.validation:jakarta.validation-api:2.0.2
2025-11-13 17:16:50,730 [Worker-34: Download sources and javadoc] INFO  o.e.m.c.i.e.AbstractTransferListenerAdapter - Downloading https://repo.maven.apache.org/maven2/io/swagger/core/v3/swagger-annotations/2.2.3/swagger-annotations-2.2.3-sources.jar
2025-11-13 17:16:51,779 [Worker-34: Download sources and javadoc] INFO  o.e.m.c.i.e.AbstractTransferListenerAdapter - Downloaded https://repo.maven.apache.org/maven2/io/swagger/core/v3/swagger-annotations/2.2.3/swagger-annotations-2.2.3-sources.jar
2025-11-13 17:16:51,792 [Worker-34: Download sources and javadoc] INFO  o.e.m.j.internal.DownloadSourcesJob - Downloaded sources for io.swagger.core.v3:swagger-annotations:2.2.3
2025-11-13 17:17:00,859 [Worker-42: Building] INFO  o.e.m.c.i.l.LifecycleMappingFactory - Using org.maven.ide.eclipse.wtp.WarLifecycleMapping lifecycle mapping for MavenProject: gimalProject:gimalProject:0.0.1-SNAPSHOT @ C:\Users\Public\gimalProject\gimalProject\pom.xml.
2025-11-13 17:17:00,917 [Worker-42: Building] WARN  o.e.m.c.i.embedder.EclipseLogger - The POM for mysql:mysql-connector-j:jar:8.4.0 is missing, no dependency information available
2025-11-13 17:17:01,639 [Worker-42: Building] INFO  o.a.m.s.f.DefaultMavenResourcesFiltering - Copying 0 resource from src\main\resources to target\classes
2025-11-13 17:17:01,644 [Worker-42: Building] INFO  o.a.m.s.f.DefaultMavenResourcesFiltering - skip non existing resourceDirectory C:\Users\Public\gimalProject\gimalProject\src\test\resources
2025-11-13 17:17:01,644 [Worker-42: Building] INFO  o.e.m.w.i.f.ResourceFilteringBuildParticipant - Changed resources require a complete clean of filtered resources of gimalProject
2025-11-13 17:17:01,644 [Worker-42: Building] INFO  o.e.m.w.i.f.ResourceFilteringBuildParticipant - Executing resource filtering for gimalProject
2025-11-13 17:17:03,027 [Worker-45: Download sources and javadoc] INFO  o.e.m.c.i.e.AbstractTransferListenerAdapter - Downloaded https://repo.maven.apache.org/maven2/mysql/mysql-connector-j/8.4.0/mysql-connector-j-8.4.0-javadoc.jar
2025-11-13 17:17:03,031 [Worker-45: Download sources and javadoc] ERROR o.e.m.j.internal.DownloadSourcesJob - Could not download javadoc for mysql:mysql-connector-j:8.4.0
org.eclipse.core.runtime.CoreException: Could not resolve artifact mysql:mysql-connector-j:jar:javadoc:8.4.0
	at org.eclipse.m2e.core.internal.embedder.MavenImpl.lambda$7(MavenImpl.java:540)
	at org.eclipse.m2e.core.internal.embedder.MavenExecutionContext.executeBare(MavenExecutionContext.java:458)
	at org.eclipse.m2e.core.internal.embedder.MavenExecutionContext.execute(MavenExecutionContext.java:292)
	at org.eclipse.m2e.core.internal.embedder.MavenExecutionContext.execute(MavenExecutionContext.java:278)
	at org.eclipse.m2e.core.internal.embedder.MavenImpl.resolve(MavenImpl.java:509)
	at org.eclipse.m2e.core.internal.embedder.MavenImpl.resolve(MavenImpl.java:494)
	at org.eclipse.m2e.jdt.internal.DownloadSourcesJob.download(DownloadSourcesJob.java:308)
	at org.eclipse.m2e.jdt.internal.DownloadSourcesJob.downloadAttachments(DownloadSourcesJob.java:294)
	at org.eclipse.m2e.jdt.internal.DownloadSourcesJob.downloadMaven(DownloadSourcesJob.java:252)
	at org.eclipse.m2e.jdt.internal.DownloadSourcesJob.downloadFilesAndPopulateToUpdate(DownloadSourcesJob.java:220)
	at org.eclipse.m2e.jdt.internal.DownloadSourcesJob.lambda$0(DownloadSourcesJob.java:149)
	at org.eclipse.m2e.core.internal.embedder.MavenExecutionContext.executeBare(MavenExecutionContext.java:458)
	at org.eclipse.m2e.core.internal.embedder.MavenExecutionContext.execute(MavenExecutionContext.java:339)
	at org.eclipse.m2e.core.internal.embedder.MavenExecutionContext.execute(MavenExecutionContext.java:278)
	at org.eclipse.m2e.core.embedder.IMaven.execute(IMaven.java:300)
	at org.eclipse.m2e.jdt.internal.DownloadSourcesJob.run(DownloadSourcesJob.java:149)
	at org.eclipse.core.internal.jobs.Worker.run(Worker.java:63)
2025-11-13 17:20:05,762 [main] INFO  o.e.m2e.actions.ExecutePomAction - Creating new launch configuration
2025-11-13 17:20:31,246 [Worker-46: Launching gimalProject] INFO  o.eclipse.m2e.core.internal.Bundles - getClasspathEntries(Bundle=org.eclipse.m2e.maven.runtime_3.9.700.20240602-2313 [645])
2025-11-13 17:20:31,249 [Worker-46: Launching gimalProject] INFO  o.eclipse.m2e.core.internal.Bundles - 	Entry: C:\eclipse workspace\eclipse\plugins\org.eclipse.m2e.maven.runtime_3.9.700.20240602-2313
2025-11-13 17:20:31,249 [Worker-46: Launching gimalProject] INFO  o.eclipse.m2e.core.internal.Bundles - 	Entry: C:\eclipse workspace\eclipse\plugins\org.eclipse.m2e.maven.runtime_3.9.700.20240602-2313\jars\aopalliance-1.0.jar
2025-11-13 17:20:31,250 [Worker-46: Launching gimalProject] INFO  o.eclipse.m2e.core.internal.Bundles - 	Entry: C:\eclipse workspace\eclipse\plugins\org.eclipse.m2e.maven.runtime_3.9.700.20240602-2313\jars\guice-5.1.0.jar
2025-11-13 17:20:31,250 [Worker-46: Launching gimalProject] INFO  o.eclipse.m2e.core.internal.Bundles - 	Entry: C:\eclipse workspace\eclipse\plugins\org.eclipse.m2e.maven.runtime_3.9.700.20240602-2313\jars\httpclient-4.5.14.jar
2025-11-13 17:20:31,250 [Worker-46: Launching gimalProject] INFO  o.eclipse.m2e.core.internal.Bundles - 	Entry: C:\eclipse workspace\eclipse\plugins\org.eclipse.m2e.maven.runtime_3.9.700.20240602-2313\jars\httpcore-4.4.16.jar
2025-11-13 17:20:31,250 [Worker-46: Launching gimalProject] INFO  o.eclipse.m2e.core.internal.Bundles - 	Entry: C:\eclipse workspace\eclipse\plugins\org.eclipse.m2e.maven.runtime_3.9.700.20240602-2313\jars\jansi-2.4.1.jar
2025-11-13 17:20:31,251 [Worker-46: Launching gimalProject] INFO  o.eclipse.m2e.core.internal.Bundles - 	Entry: C:\eclipse workspace\eclipse\plugins\org.eclipse.m2e.maven.runtime_3.9.700.20240602-2313\jars\jcl-over-slf4j-1.7.36.jar
2025-11-13 17:20:31,251 [Worker-46: Launching gimalProject] INFO  o.eclipse.m2e.core.internal.Bundles - 	Entry: C:\eclipse workspace\eclipse\plugins\org.eclipse.m2e.maven.runtime_3.9.700.20240602-2313\jars\maven-artifact-3.9.7.jar
2025-11-13 17:20:31,251 [Worker-46: Launching gimalProject] INFO  o.eclipse.m2e.core.internal.Bundles - 	Entry: C:\eclipse workspace\eclipse\plugins\org.eclipse.m2e.maven.runtime_3.9.700.20240602-2313\jars\maven-builder-support-3.9.7.jar
2025-11-13 17:20:31,252 [Worker-46: Launching gimalProject] INFO  o.eclipse.m2e.core.internal.Bundles - 	Entry: C:\eclipse workspace\eclipse\plugins\org.eclipse.m2e.maven.runtime_3.9.700.20240602-2313\jars\maven-compat-3.9.7.jar
2025-11-13 17:20:31,252 [Worker-46: Launching gimalProject] INFO  o.eclipse.m2e.core.internal.Bundles - 	Entry: C:\eclipse workspace\eclipse\plugins\org.eclipse.m2e.maven.runtime_3.9.700.20240602-2313\jars\maven-core-3.9.7.jar
2025-11-13 17:20:31,252 [Worker-46: Launching gimalProject] INFO  o.eclipse.m2e.core.internal.Bundles - 	Entry: C:\eclipse workspace\eclipse\plugins\org.eclipse.m2e.maven.runtime_3.9.700.20240602-2313\jars\maven-embedder-3.9.7.jar
2025-11-13 17:20:31,253 [Worker-46: Launching gimalProject] INFO  o.eclipse.m2e.core.internal.Bundles - 	Entry: C:\eclipse workspace\eclipse\plugins\org.eclipse.m2e.maven.runtime_3.9.700.20240602-2313\jars\maven-model-3.9.7.jar
2025-11-13 17:20:31,253 [Worker-46: Launching gimalProject] INFO  o.eclipse.m2e.core.internal.Bundles - 	Entry: C:\eclipse workspace\eclipse\plugins\org.eclipse.m2e.maven.runtime_3.9.700.20240602-2313\jars\maven-model-builder-3.9.7.jar
2025-11-13 17:20:31,253 [Worker-46: Launching gimalProject] INFO  o.eclipse.m2e.core.internal.Bundles - 	Entry: C:\eclipse workspace\eclipse\plugins\org.eclipse.m2e.maven.runtime_3.9.700.20240602-2313\jars\maven-plugin-api-3.9.7.jar
2025-11-13 17:20:31,253 [Worker-46: Launching gimalProject] INFO  o.eclipse.m2e.core.internal.Bundles - 	Entry: C:\eclipse workspace\eclipse\plugins\org.eclipse.m2e.maven.runtime_3.9.700.20240602-2313\jars\maven-repository-metadata-3.9.7.jar
2025-11-13 17:20:31,254 [Worker-46: Launching gimalProject] INFO  o.eclipse.m2e.core.internal.Bundles - 	Entry: C:\eclipse workspace\eclipse\plugins\org.eclipse.m2e.maven.runtime_3.9.700.20240602-2313\jars\maven-resolver-api-1.9.20.jar
2025-11-13 17:20:31,254 [Worker-46: Launching gimalProject] INFO  o.eclipse.m2e.core.internal.Bundles - 	Entry: C:\eclipse workspace\eclipse\plugins\org.eclipse.m2e.maven.runtime_3.9.700.20240602-2313\jars\maven-resolver-connector-basic-1.9.20.jar
2025-11-13 17:20:31,254 [Worker-46: Launching gimalProject] INFO  o.eclipse.m2e.core.internal.Bundles - 	Entry: C:\eclipse workspace\eclipse\plugins\org.eclipse.m2e.maven.runtime_3.9.700.20240602-2313\jars\maven-resolver-impl-1.9.20.jar
2025-11-13 17:20:31,254 [Worker-46: Launching gimalProject] INFO  o.eclipse.m2e.core.internal.Bundles - 	Entry: C:\eclipse workspace\eclipse\plugins\org.eclipse.m2e.maven.runtime_3.9.700.20240602-2313\jars\maven-resolver-named-locks-1.9.20.jar
2025-11-13 17:20:31,255 [Worker-46: Launching gimalProject] INFO  o.eclipse.m2e.core.internal.Bundles - 	Entry: C:\eclipse workspace\eclipse\plugins\org.eclipse.m2e.maven.runtime_3.9.700.20240602-2313\jars\maven-resolver-provider-3.9.7.jar
2025-11-13 17:20:31,255 [Worker-46: Launching gimalProject] INFO  o.eclipse.m2e.core.internal.Bundles - 	Entry: C:\eclipse workspace\eclipse\plugins\org.eclipse.m2e.maven.runtime_3.9.700.20240602-2313\jars\maven-resolver-spi-1.9.20.jar
2025-11-13 17:20:31,255 [Worker-46: Launching gimalProject] INFO  o.eclipse.m2e.core.internal.Bundles - 	Entry: C:\eclipse workspace\eclipse\plugins\org.eclipse.m2e.maven.runtime_3.9.700.20240602-2313\jars\maven-resolver-transport-file-1.9.20.jar
2025-11-13 17:20:31,255 [Worker-46: Launching gimalProject] INFO  o.eclipse.m2e.core.internal.Bundles - 	Entry: C:\eclipse workspace\eclipse\plugins\org.eclipse.m2e.maven.runtime_3.9.700.20240602-2313\jars\maven-resolver-transport-http-1.9.20.jar
2025-11-13 17:20:31,256 [Worker-46: Launching gimalProject] INFO  o.eclipse.m2e.core.internal.Bundles - 	Entry: C:\eclipse workspace\eclipse\plugins\org.eclipse.m2e.maven.runtime_3.9.700.20240602-2313\jars\maven-resolver-transport-wagon-1.9.20.jar
2025-11-13 17:20:31,256 [Worker-46: Launching gimalProject] INFO  o.eclipse.m2e.core.internal.Bundles - 	Entry: C:\eclipse workspace\eclipse\plugins\org.eclipse.m2e.maven.runtime_3.9.700.20240602-2313\jars\maven-resolver-util-1.9.20.jar
2025-11-13 17:20:31,257 [Worker-46: Launching gimalProject] INFO  o.eclipse.m2e.core.internal.Bundles - 	Entry: C:\eclipse workspace\eclipse\plugins\org.eclipse.m2e.maven.runtime_3.9.700.20240602-2313\jars\maven-settings-3.9.7.jar
2025-11-13 17:20:31,258 [Worker-46: Launching gimalProject] INFO  o.eclipse.m2e.core.internal.Bundles - 	Entry: C:\eclipse workspace\eclipse\plugins\org.eclipse.m2e.maven.runtime_3.9.700.20240602-2313\jars\maven-settings-builder-3.9.7.jar
2025-11-13 17:20:31,259 [Worker-46: Launching gimalProject] INFO  o.eclipse.m2e.core.internal.Bundles - 	Entry: C:\eclipse workspace\eclipse\plugins\org.eclipse.m2e.maven.runtime_3.9.700.20240602-2313\jars\maven-shared-utils-3.4.2.jar
2025-11-13 17:20:31,259 [Worker-46: Launching gimalProject] INFO  o.eclipse.m2e.core.internal.Bundles - 	Entry: C:\eclipse workspace\eclipse\plugins\org.eclipse.m2e.maven.runtime_3.9.700.20240602-2313\jars\org.eclipse.sisu.inject-0.9.0.M2.jar
2025-11-13 17:20:31,259 [Worker-46: Launching gimalProject] INFO  o.eclipse.m2e.core.internal.Bundles - 	Entry: C:\eclipse workspace\eclipse\plugins\org.eclipse.m2e.maven.runtime_3.9.700.20240602-2313\jars\org.eclipse.sisu.plexus-0.9.0.M2.jar
2025-11-13 17:20:31,260 [Worker-46: Launching gimalProject] INFO  o.eclipse.m2e.core.internal.Bundles - 	Entry: C:\eclipse workspace\eclipse\plugins\org.eclipse.m2e.maven.runtime_3.9.700.20240602-2313\jars\plexus-build-api-0.0.7.jar
2025-11-13 17:20:31,260 [Worker-46: Launching gimalProject] INFO  o.eclipse.m2e.core.internal.Bundles - 	Entry: C:\eclipse workspace\eclipse\plugins\org.eclipse.m2e.maven.runtime_3.9.700.20240602-2313\jars\plexus-build-api-1.2.0.jar
2025-11-13 17:20:31,260 [Worker-46: Launching gimalProject] INFO  o.eclipse.m2e.core.internal.Bundles - 	Entry: C:\eclipse workspace\eclipse\plugins\org.eclipse.m2e.maven.runtime_3.9.700.20240602-2313\jars\plexus-cipher-2.0.jar
2025-11-13 17:20:31,261 [Worker-46: Launching gimalProject] INFO  o.eclipse.m2e.core.internal.Bundles - 	Entry: C:\eclipse workspace\eclipse\plugins\org.eclipse.m2e.maven.runtime_3.9.700.20240602-2313\jars\plexus-classworlds-2.8.0.jar
2025-11-13 17:20:31,261 [Worker-46: Launching gimalProject] INFO  o.eclipse.m2e.core.internal.Bundles - 	Entry: C:\eclipse workspace\eclipse\plugins\org.eclipse.m2e.maven.runtime_3.9.700.20240602-2313\jars\plexus-component-annotations-2.1.0.jar
2025-11-13 17:20:31,261 [Worker-46: Launching gimalProject] INFO  o.eclipse.m2e.core.internal.Bundles - 	Entry: C:\eclipse workspace\eclipse\plugins\org.eclipse.m2e.maven.runtime_3.9.700.20240602-2313\jars\plexus-interpolation-1.27.jar
2025-11-13 17:20:31,262 [Worker-46: Launching gimalProject] INFO  o.eclipse.m2e.core.internal.Bundles - 	Entry: C:\eclipse workspace\eclipse\plugins\org.eclipse.m2e.maven.runtime_3.9.700.20240602-2313\jars\plexus-sec-dispatcher-2.0.jar
2025-11-13 17:20:31,263 [Worker-46: Launching gimalProject] INFO  o.eclipse.m2e.core.internal.Bundles - 	Entry: C:\eclipse workspace\eclipse\plugins\org.eclipse.m2e.maven.runtime_3.9.700.20240602-2313\jars\plexus-utils-3.5.1.jar
2025-11-13 17:20:31,263 [Worker-46: Launching gimalProject] INFO  o.eclipse.m2e.core.internal.Bundles - 	Entry: C:\eclipse workspace\eclipse\plugins\org.eclipse.m2e.maven.runtime_3.9.700.20240602-2313\jars\wagon-file-3.5.3.jar
2025-11-13 17:20:31,263 [Worker-46: Launching gimalProject] INFO  o.eclipse.m2e.core.internal.Bundles - 	Entry: C:\eclipse workspace\eclipse\plugins\org.eclipse.m2e.maven.runtime_3.9.700.20240602-2313\jars\wagon-http-3.5.3.jar
2025-11-13 17:20:31,263 [Worker-46: Launching gimalProject] INFO  o.eclipse.m2e.core.internal.Bundles - 	Entry: C:\eclipse workspace\eclipse\plugins\org.eclipse.m2e.maven.runtime_3.9.700.20240602-2313\jars\wagon-http-shared-3.5.3.jar
2025-11-13 17:20:31,264 [Worker-46: Launching gimalProject] INFO  o.eclipse.m2e.core.internal.Bundles - 	Entry: C:\eclipse workspace\eclipse\plugins\org.eclipse.m2e.maven.runtime_3.9.700.20240602-2313\jars\wagon-provider-api-3.5.3.jar
2025-11-13 17:20:31,265 [Worker-46: Launching gimalProject] INFO  o.eclipse.m2e.core.internal.Bundles - getClasspathEntries(Bundle=com.google.guava_33.2.0.jre [16])
2025-11-13 17:20:31,266 [Worker-46: Launching gimalProject] INFO  o.eclipse.m2e.core.internal.Bundles - 	Entry: C:\eclipse workspace\eclipse\plugins\com.google.guava_33.2.0.jre.jar
2025-11-13 17:20:31,266 [Worker-46: Launching gimalProject] INFO  o.eclipse.m2e.core.internal.Bundles - getClasspathEntries(Bundle=slf4j.api_2.0.13 [1010])
2025-11-13 17:20:31,267 [Worker-46: Launching gimalProject] INFO  o.eclipse.m2e.core.internal.Bundles - 	Entry: C:\eclipse workspace\eclipse\plugins\slf4j.api_2.0.13.jar
2025-11-13 17:20:31,267 [Worker-46: Launching gimalProject] INFO  o.eclipse.m2e.core.internal.Bundles - getClasspathEntries(Bundle=jakarta.inject.jakarta.inject-api_1.0.5 [33])
2025-11-13 17:20:31,267 [Worker-46: Launching gimalProject] INFO  o.eclipse.m2e.core.internal.Bundles - 	Entry: C:\eclipse workspace\eclipse\plugins\jakarta.inject.jakarta.inject-api_1.0.5.jar
2025-11-13 17:20:31,267 [Worker-46: Launching gimalProject] INFO  o.eclipse.m2e.core.internal.Bundles - getClasspathEntries(Bundle=javax.annotation_1.3.5.v20200909-1856 [44])
2025-11-13 17:20:31,268 [Worker-46: Launching gimalProject] INFO  o.eclipse.m2e.core.internal.Bundles - 	Entry: C:\eclipse workspace\eclipse\plugins\javax.annotation_1.3.5.v20200909-1856.jar
2025-11-13 17:20:31,268 [Worker-46: Launching gimalProject] INFO  o.eclipse.m2e.core.internal.Bundles - getClasspathEntries(Bundle=org.apache.commons.cli_1.8.0 [78])
2025-11-13 17:20:31,268 [Worker-46: Launching gimalProject] INFO  o.eclipse.m2e.core.internal.Bundles - 	Entry: C:\eclipse workspace\eclipse\plugins\org.apache.commons.cli_1.8.0.jar
2025-11-13 17:20:31,268 [Worker-46: Launching gimalProject] INFO  o.eclipse.m2e.core.internal.Bundles - getClasspathEntries(Bundle=org.apache.commons.commons-codec_1.16.0 [81])
2025-11-13 17:20:31,269 [Worker-46: Launching gimalProject] INFO  o.eclipse.m2e.core.internal.Bundles - 	Entry: C:\eclipse workspace\eclipse\plugins\org.apache.commons.commons-codec_1.16.0.jar
2025-11-13 17:20:31,269 [Worker-46: Launching gimalProject] INFO  o.eclipse.m2e.core.internal.Bundles - getClasspathEntries(Bundle=org.apache.commons.lang3_3.14.0 [89])
2025-11-13 17:20:31,270 [Worker-46: Launching gimalProject] INFO  o.eclipse.m2e.core.internal.Bundles - 	Entry: C:\eclipse workspace\eclipse\plugins\org.apache.commons.lang3_3.14.0.jar
2025-11-13 17:20:31,270 [Worker-46: Launching gimalProject] INFO  o.eclipse.m2e.core.internal.Bundles - getClasspathEntries(Bundle=com.google.guava.failureaccess_1.0.2 [17])
2025-11-13 17:20:31,270 [Worker-46: Launching gimalProject] INFO  o.eclipse.m2e.core.internal.Bundles - 	Entry: C:\eclipse workspace\eclipse\plugins\com.google.guava.failureaccess_1.0.2.jar
2025-11-13 17:20:31,278 [Worker-46: Launching gimalProject] INFO  o.e.m.i.launch.MavenLaunchDelegate - Run build in "C:\Users\Public\gimalProject\gimalProject":
2025-11-13 17:20:31,279 [Worker-46: Launching gimalProject] INFO  o.e.m.i.launch.MavenLaunchDelegate -  mvn  -B -Dstyle.color=always clean install
2025-11-13 17:20:31,374 [Worker-49: Building] INFO  o.a.m.s.f.DefaultMavenResourcesFiltering - Copying 0 resource from src\main\resources to target\classes
2025-11-13 17:20:31,378 [Worker-49: Building] INFO  o.a.m.s.f.DefaultMavenResourcesFiltering - skip non existing resourceDirectory C:\Users\Public\gimalProject\gimalProject\src\test\resources
2025-11-13 17:22:17,786 [Worker-48: Building] INFO  o.e.m.c.i.l.LifecycleMappingFactory - Using org.maven.ide.eclipse.wtp.WarLifecycleMapping lifecycle mapping for MavenProject: gimalProject:gimalProject:0.0.1-SNAPSHOT @ C:\Users\Public\gimalProject\gimalProject\pom.xml.
2025-11-13 17:22:17,942 [Worker-48: Building] INFO  o.e.m.c.i.e.AbstractTransferListenerAdapter - Downloaded https://repo.maven.apache.org/maven2/mysql/mysql-connector-j/8.0.34/mysql-connector-j-8.0.34.pom
2025-11-13 17:22:17,942 [Worker-48: Building] WARN  o.e.m.c.i.embedder.EclipseLogger - The POM for mysql:mysql-connector-j:jar:8.0.34 is missing, no dependency information available
2025-11-13 17:22:18,259 [Worker-48: Building] INFO  o.e.m.c.i.e.AbstractTransferListenerAdapter - Downloaded https://repo.maven.apache.org/maven2/mysql/mysql-connector-j/8.0.34/mysql-connector-j-8.0.34.jar
2025-11-13 17:22:18,999 [Worker-48: Building] INFO  o.a.m.s.f.DefaultMavenResourcesFiltering - Copying 0 resource from src\main\resources to target\classes
2025-11-13 17:22:19,004 [Worker-48: Building] INFO  o.a.m.s.f.DefaultMavenResourcesFiltering - skip non existing resourceDirectory C:\Users\Public\gimalProject\gimalProject\src\test\resources
2025-11-13 17:22:19,004 [Worker-48: Building] INFO  o.e.m.w.i.f.ResourceFilteringBuildParticipant - Changed resources require a complete clean of filtered resources of gimalProject
2025-11-13 17:22:19,004 [Worker-48: Building] INFO  o.e.m.w.i.f.ResourceFilteringBuildParticipant - Executing resource filtering for gimalProject
2025-11-13 17:22:20,350 [Worker-47: Download sources and javadoc] INFO  o.e.m.c.i.e.AbstractTransferListenerAdapter - Downloaded https://repo.maven.apache.org/maven2/mysql/mysql-connector-j/8.0.34/mysql-connector-j-8.0.34-sources.jar
2025-11-13 17:22:20,355 [Worker-47: Download sources and javadoc] ERROR o.e.m.j.internal.DownloadSourcesJob - Could not download sources for mysql:mysql-connector-j:8.0.34
org.eclipse.core.runtime.CoreException: Could not resolve artifact mysql:mysql-connector-j:jar:sources:8.0.34
	at org.eclipse.m2e.core.internal.embedder.MavenImpl.lambda$7(MavenImpl.java:540)
	at org.eclipse.m2e.core.internal.embedder.MavenExecutionContext.executeBare(MavenExecutionContext.java:458)
	at org.eclipse.m2e.core.internal.embedder.MavenExecutionContext.execute(MavenExecutionContext.java:292)
	at org.eclipse.m2e.core.internal.embedder.MavenExecutionContext.execute(MavenExecutionContext.java:278)
	at org.eclipse.m2e.core.internal.embedder.MavenImpl.resolve(MavenImpl.java:509)
	at org.eclipse.m2e.core.internal.embedder.MavenImpl.resolve(MavenImpl.java:494)
	at org.eclipse.m2e.jdt.internal.DownloadSourcesJob.download(DownloadSourcesJob.java:308)
	at org.eclipse.m2e.jdt.internal.DownloadSourcesJob.downloadAttachments(DownloadSourcesJob.java:282)
	at org.eclipse.m2e.jdt.internal.DownloadSourcesJob.downloadMaven(DownloadSourcesJob.java:252)
	at org.eclipse.m2e.jdt.internal.DownloadSourcesJob.downloadFilesAndPopulateToUpdate(DownloadSourcesJob.java:220)
	at org.eclipse.m2e.jdt.internal.DownloadSourcesJob.lambda$0(DownloadSourcesJob.java:149)
	at org.eclipse.m2e.core.internal.embedder.MavenExecutionContext.executeBare(MavenExecutionContext.java:458)
	at org.eclipse.m2e.core.internal.embedder.MavenExecutionContext.execute(MavenExecutionContext.java:339)
	at org.eclipse.m2e.core.internal.embedder.MavenExecutionContext.execute(MavenExecutionContext.java:278)
	at org.eclipse.m2e.core.embedder.IMaven.execute(IMaven.java:300)
	at org.eclipse.m2e.jdt.internal.DownloadSourcesJob.run(DownloadSourcesJob.java:149)
	at org.eclipse.core.internal.jobs.Worker.run(Worker.java:63)
2025-11-13 17:22:25,872 [main] INFO  o.e.m2e.actions.ExecutePomAction - Creating new launch configuration
2025-11-13 17:22:32,418 [Worker-47: Launching gimalProject (1)] INFO  o.eclipse.m2e.core.internal.Bundles - getClasspathEntries(Bundle=org.eclipse.m2e.maven.runtime_3.9.700.20240602-2313 [645])
2025-11-13 17:22:32,420 [Worker-47: Launching gimalProject (1)] INFO  o.eclipse.m2e.core.internal.Bundles - 	Entry: C:\eclipse workspace\eclipse\plugins\org.eclipse.m2e.maven.runtime_3.9.700.20240602-2313
2025-11-13 17:22:32,420 [Worker-47: Launching gimalProject (1)] INFO  o.eclipse.m2e.core.internal.Bundles - 	Entry: C:\eclipse workspace\eclipse\plugins\org.eclipse.m2e.maven.runtime_3.9.700.20240602-2313\jars\aopalliance-1.0.jar
2025-11-13 17:22:32,420 [Worker-47: Launching gimalProject (1)] INFO  o.eclipse.m2e.core.internal.Bundles - 	Entry: C:\eclipse workspace\eclipse\plugins\org.eclipse.m2e.maven.runtime_3.9.700.20240602-2313\jars\guice-5.1.0.jar
2025-11-13 17:22:32,420 [Worker-47: Launching gimalProject (1)] INFO  o.eclipse.m2e.core.internal.Bundles - 	Entry: C:\eclipse workspace\eclipse\plugins\org.eclipse.m2e.maven.runtime_3.9.700.20240602-2313\jars\httpclient-4.5.14.jar
2025-11-13 17:22:32,421 [Worker-47: Launching gimalProject (1)] INFO  o.eclipse.m2e.core.internal.Bundles - 	Entry: C:\eclipse workspace\eclipse\plugins\org.eclipse.m2e.maven.runtime_3.9.700.20240602-2313\jars\httpcore-4.4.16.jar
2025-11-13 17:22:32,421 [Worker-47: Launching gimalProject (1)] INFO  o.eclipse.m2e.core.internal.Bundles - 	Entry: C:\eclipse workspace\eclipse\plugins\org.eclipse.m2e.maven.runtime_3.9.700.20240602-2313\jars\jansi-2.4.1.jar
2025-11-13 17:22:32,421 [Worker-47: Launching gimalProject (1)] INFO  o.eclipse.m2e.core.internal.Bundles - 	Entry: C:\eclipse workspace\eclipse\plugins\org.eclipse.m2e.maven.runtime_3.9.700.20240602-2313\jars\jcl-over-slf4j-1.7.36.jar
2025-11-13 17:22:32,421 [Worker-47: Launching gimalProject (1)] INFO  o.eclipse.m2e.core.internal.Bundles - 	Entry: C:\eclipse workspace\eclipse\plugins\org.eclipse.m2e.maven.runtime_3.9.700.20240602-2313\jars\maven-artifact-3.9.7.jar
2025-11-13 17:22:32,421 [Worker-47: Launching gimalProject (1)] INFO  o.eclipse.m2e.core.internal.Bundles - 	Entry: C:\eclipse workspace\eclipse\plugins\org.eclipse.m2e.maven.runtime_3.9.700.20240602-2313\jars\maven-builder-support-3.9.7.jar
2025-11-13 17:22:32,421 [Worker-47: Launching gimalProject (1)] INFO  o.eclipse.m2e.core.internal.Bundles - 	Entry: C:\eclipse workspace\eclipse\plugins\org.eclipse.m2e.maven.runtime_3.9.700.20240602-2313\jars\maven-compat-3.9.7.jar
2025-11-13 17:22:32,422 [Worker-47: Launching gimalProject (1)] INFO  o.eclipse.m2e.core.internal.Bundles - 	Entry: C:\eclipse workspace\eclipse\plugins\org.eclipse.m2e.maven.runtime_3.9.700.20240602-2313\jars\maven-core-3.9.7.jar
2025-11-13 17:22:32,422 [Worker-47: Launching gimalProject (1)] INFO  o.eclipse.m2e.core.internal.Bundles - 	Entry: C:\eclipse workspace\eclipse\plugins\org.eclipse.m2e.maven.runtime_3.9.700.20240602-2313\jars\maven-embedder-3.9.7.jar
2025-11-13 17:22:32,422 [Worker-47: Launching gimalProject (1)] INFO  o.eclipse.m2e.core.internal.Bundles - 	Entry: C:\eclipse workspace\eclipse\plugins\org.eclipse.m2e.maven.runtime_3.9.700.20240602-2313\jars\maven-model-3.9.7.jar
2025-11-13 17:22:32,422 [Worker-47: Launching gimalProject (1)] INFO  o.eclipse.m2e.core.internal.Bundles - 	Entry: C:\eclipse workspace\eclipse\plugins\org.eclipse.m2e.maven.runtime_3.9.700.20240602-2313\jars\maven-model-builder-3.9.7.jar
2025-11-13 17:22:32,422 [Worker-47: Launching gimalProject (1)] INFO  o.eclipse.m2e.core.internal.Bundles - 	Entry: C:\eclipse workspace\eclipse\plugins\org.eclipse.m2e.maven.runtime_3.9.700.20240602-2313\jars\maven-plugin-api-3.9.7.jar
2025-11-13 17:22:32,423 [Worker-47: Launching gimalProject (1)] INFO  o.eclipse.m2e.core.internal.Bundles - 	Entry: C:\eclipse workspace\eclipse\plugins\org.eclipse.m2e.maven.runtime_3.9.700.20240602-2313\jars\maven-repository-metadata-3.9.7.jar
2025-11-13 17:22:32,423 [Worker-47: Launching gimalProject (1)] INFO  o.eclipse.m2e.core.internal.Bundles - 	Entry: C:\eclipse workspace\eclipse\plugins\org.eclipse.m2e.maven.runtime_3.9.700.20240602-2313\jars\maven-resolver-api-1.9.20.jar
2025-11-13 17:22:32,423 [Worker-47: Launching gimalProject (1)] INFO  o.eclipse.m2e.core.internal.Bundles - 	Entry: C:\eclipse workspace\eclipse\plugins\org.eclipse.m2e.maven.runtime_3.9.700.20240602-2313\jars\maven-resolver-connector-basic-1.9.20.jar
2025-11-13 17:22:32,423 [Worker-47: Launching gimalProject (1)] INFO  o.eclipse.m2e.core.internal.Bundles - 	Entry: C:\eclipse workspace\eclipse\plugins\org.eclipse.m2e.maven.runtime_3.9.700.20240602-2313\jars\maven-resolver-impl-1.9.20.jar
2025-11-13 17:22:32,424 [Worker-47: Launching gimalProject (1)] INFO  o.eclipse.m2e.core.internal.Bundles - 	Entry: C:\eclipse workspace\eclipse\plugins\org.eclipse.m2e.maven.runtime_3.9.700.20240602-2313\jars\maven-resolver-named-locks-1.9.20.jar
2025-11-13 17:22:32,424 [Worker-47: Launching gimalProject (1)] INFO  o.eclipse.m2e.core.internal.Bundles - 	Entry: C:\eclipse workspace\eclipse\plugins\org.eclipse.m2e.maven.runtime_3.9.700.20240602-2313\jars\maven-resolver-provider-3.9.7.jar
2025-11-13 17:22:32,424 [Worker-47: Launching gimalProject (1)] INFO  o.eclipse.m2e.core.internal.Bundles - 	Entry: C:\eclipse workspace\eclipse\plugins\org.eclipse.m2e.maven.runtime_3.9.700.20240602-2313\jars\maven-resolver-spi-1.9.20.jar
2025-11-13 17:22:32,424 [Worker-47: Launching gimalProject (1)] INFO  o.eclipse.m2e.core.internal.Bundles - 	Entry: C:\eclipse workspace\eclipse\plugins\org.eclipse.m2e.maven.runtime_3.9.700.20240602-2313\jars\maven-resolver-transport-file-1.9.20.jar
2025-11-13 17:22:32,424 [Worker-47: Launching gimalProject (1)] INFO  o.eclipse.m2e.core.internal.Bundles - 	Entry: C:\eclipse workspace\eclipse\plugins\org.eclipse.m2e.maven.runtime_3.9.700.20240602-2313\jars\maven-resolver-transport-http-1.9.20.jar
2025-11-13 17:22:32,424 [Worker-47: Launching gimalProject (1)] INFO  o.eclipse.m2e.core.internal.Bundles - 	Entry: C:\eclipse workspace\eclipse\plugins\org.eclipse.m2e.maven.runtime_3.9.700.20240602-2313\jars\maven-resolver-transport-wagon-1.9.20.jar
2025-11-13 17:22:32,424 [Worker-47: Launching gimalProject (1)] INFO  o.eclipse.m2e.core.internal.Bundles - 	Entry: C:\eclipse workspace\eclipse\plugins\org.eclipse.m2e.maven.runtime_3.9.700.20240602-2313\jars\maven-resolver-util-1.9.20.jar
2025-11-13 17:22:32,425 [Worker-47: Launching gimalProject (1)] INFO  o.eclipse.m2e.core.internal.Bundles - 	Entry: C:\eclipse workspace\eclipse\plugins\org.eclipse.m2e.maven.runtime_3.9.700.20240602-2313\jars\maven-settings-3.9.7.jar
2025-11-13 17:22:32,425 [Worker-47: Launching gimalProject (1)] INFO  o.eclipse.m2e.core.internal.Bundles - 	Entry: C:\eclipse workspace\eclipse\plugins\org.eclipse.m2e.maven.runtime_3.9.700.20240602-2313\jars\maven-settings-builder-3.9.7.jar
2025-11-13 17:22:32,425 [Worker-47: Launching gimalProject (1)] INFO  o.eclipse.m2e.core.internal.Bundles - 	Entry: C:\eclipse workspace\eclipse\plugins\org.eclipse.m2e.maven.runtime_3.9.700.20240602-2313\jars\maven-shared-utils-3.4.2.jar
2025-11-13 17:22:32,425 [Worker-47: Launching gimalProject (1)] INFO  o.eclipse.m2e.core.internal.Bundles - 	Entry: C:\eclipse workspace\eclipse\plugins\org.eclipse.m2e.maven.runtime_3.9.700.20240602-2313\jars\org.eclipse.sisu.inject-0.9.0.M2.jar
2025-11-13 17:22:32,425 [Worker-47: Launching gimalProject (1)] INFO  o.eclipse.m2e.core.internal.Bundles - 	Entry: C:\eclipse workspace\eclipse\plugins\org.eclipse.m2e.maven.runtime_3.9.700.20240602-2313\jars\org.eclipse.sisu.plexus-0.9.0.M2.jar
2025-11-13 17:22:32,425 [Worker-47: Launching gimalProject (1)] INFO  o.eclipse.m2e.core.internal.Bundles - 	Entry: C:\eclipse workspace\eclipse\plugins\org.eclipse.m2e.maven.runtime_3.9.700.20240602-2313\jars\plexus-build-api-0.0.7.jar
2025-11-13 17:22:32,425 [Worker-47: Launching gimalProject (1)] INFO  o.eclipse.m2e.core.internal.Bundles - 	Entry: C:\eclipse workspace\eclipse\plugins\org.eclipse.m2e.maven.runtime_3.9.700.20240602-2313\jars\plexus-build-api-1.2.0.jar
2025-11-13 17:22:32,427 [Worker-47: Launching gimalProject (1)] INFO  o.eclipse.m2e.core.internal.Bundles - 	Entry: C:\eclipse workspace\eclipse\plugins\org.eclipse.m2e.maven.runtime_3.9.700.20240602-2313\jars\plexus-cipher-2.0.jar
2025-11-13 17:22:32,427 [Worker-47: Launching gimalProject (1)] INFO  o.eclipse.m2e.core.internal.Bundles - 	Entry: C:\eclipse workspace\eclipse\plugins\org.eclipse.m2e.maven.runtime_3.9.700.20240602-2313\jars\plexus-classworlds-2.8.0.jar
2025-11-13 17:22:32,427 [Worker-47: Launching gimalProject (1)] INFO  o.eclipse.m2e.core.internal.Bundles - 	Entry: C:\eclipse workspace\eclipse\plugins\org.eclipse.m2e.maven.runtime_3.9.700.20240602-2313\jars\plexus-component-annotations-2.1.0.jar
2025-11-13 17:22:32,428 [Worker-47: Launching gimalProject (1)] INFO  o.eclipse.m2e.core.internal.Bundles - 	Entry: C:\eclipse workspace\eclipse\plugins\org.eclipse.m2e.maven.runtime_3.9.700.20240602-2313\jars\plexus-interpolation-1.27.jar
2025-11-13 17:22:32,428 [Worker-47: Launching gimalProject (1)] INFO  o.eclipse.m2e.core.internal.Bundles - 	Entry: C:\eclipse workspace\eclipse\plugins\org.eclipse.m2e.maven.runtime_3.9.700.20240602-2313\jars\plexus-sec-dispatcher-2.0.jar
2025-11-13 17:22:32,428 [Worker-47: Launching gimalProject (1)] INFO  o.eclipse.m2e.core.internal.Bundles - 	Entry: C:\eclipse workspace\eclipse\plugins\org.eclipse.m2e.maven.runtime_3.9.700.20240602-2313\jars\plexus-utils-3.5.1.jar
2025-11-13 17:22:32,428 [Worker-47: Launching gimalProject (1)] INFO  o.eclipse.m2e.core.internal.Bundles - 	Entry: C:\eclipse workspace\eclipse\plugins\org.eclipse.m2e.maven.runtime_3.9.700.20240602-2313\jars\wagon-file-3.5.3.jar
2025-11-13 17:22:32,429 [Worker-47: Launching gimalProject (1)] INFO  o.eclipse.m2e.core.internal.Bundles - 	Entry: C:\eclipse workspace\eclipse\plugins\org.eclipse.m2e.maven.runtime_3.9.700.20240602-2313\jars\wagon-http-3.5.3.jar
2025-11-13 17:22:32,429 [Worker-47: Launching gimalProject (1)] INFO  o.eclipse.m2e.core.internal.Bundles - 	Entry: C:\eclipse workspace\eclipse\plugins\org.eclipse.m2e.maven.runtime_3.9.700.20240602-2313\jars\wagon-http-shared-3.5.3.jar
2025-11-13 17:22:32,429 [Worker-47: Launching gimalProject (1)] INFO  o.eclipse.m2e.core.internal.Bundles - 	Entry: C:\eclipse workspace\eclipse\plugins\org.eclipse.m2e.maven.runtime_3.9.700.20240602-2313\jars\wagon-provider-api-3.5.3.jar
2025-11-13 17:22:32,429 [Worker-47: Launching gimalProject (1)] INFO  o.eclipse.m2e.core.internal.Bundles - getClasspathEntries(Bundle=com.google.guava_33.2.0.jre [16])
2025-11-13 17:22:32,430 [Worker-47: Launching gimalProject (1)] INFO  o.eclipse.m2e.core.internal.Bundles - 	Entry: C:\eclipse workspace\eclipse\plugins\com.google.guava_33.2.0.jre.jar
2025-11-13 17:22:32,430 [Worker-47: Launching gimalProject (1)] INFO  o.eclipse.m2e.core.internal.Bundles - getClasspathEntries(Bundle=slf4j.api_2.0.13 [1010])
2025-11-13 17:22:32,430 [Worker-47: Launching gimalProject (1)] INFO  o.eclipse.m2e.core.internal.Bundles - 	Entry: C:\eclipse workspace\eclipse\plugins\slf4j.api_2.0.13.jar
2025-11-13 17:22:32,431 [Worker-47: Launching gimalProject (1)] INFO  o.eclipse.m2e.core.internal.Bundles - getClasspathEntries(Bundle=jakarta.inject.jakarta.inject-api_1.0.5 [33])
2025-11-13 17:22:32,431 [Worker-47: Launching gimalProject (1)] INFO  o.eclipse.m2e.core.internal.Bundles - 	Entry: C:\eclipse workspace\eclipse\plugins\jakarta.inject.jakarta.inject-api_1.0.5.jar
2025-11-13 17:22:32,431 [Worker-47: Launching gimalProject (1)] INFO  o.eclipse.m2e.core.internal.Bundles - getClasspathEntries(Bundle=javax.annotation_1.3.5.v20200909-1856 [44])
2025-11-13 17:22:32,432 [Worker-47: Launching gimalProject (1)] INFO  o.eclipse.m2e.core.internal.Bundles - 	Entry: C:\eclipse workspace\eclipse\plugins\javax.annotation_1.3.5.v20200909-1856.jar
2025-11-13 17:22:32,432 [Worker-47: Launching gimalProject (1)] INFO  o.eclipse.m2e.core.internal.Bundles - getClasspathEntries(Bundle=org.apache.commons.cli_1.8.0 [78])
2025-11-13 17:22:32,432 [Worker-47: Launching gimalProject (1)] INFO  o.eclipse.m2e.core.internal.Bundles - 	Entry: C:\eclipse workspace\eclipse\plugins\org.apache.commons.cli_1.8.0.jar
2025-11-13 17:22:32,432 [Worker-47: Launching gimalProject (1)] INFO  o.eclipse.m2e.core.internal.Bundles - getClasspathEntries(Bundle=org.apache.commons.commons-codec_1.16.0 [81])
2025-11-13 17:22:32,433 [Worker-47: Launching gimalProject (1)] INFO  o.eclipse.m2e.core.internal.Bundles - 	Entry: C:\eclipse workspace\eclipse\plugins\org.apache.commons.commons-codec_1.16.0.jar
2025-11-13 17:22:32,433 [Worker-47: Launching gimalProject (1)] INFO  o.eclipse.m2e.core.internal.Bundles - getClasspathEntries(Bundle=org.apache.commons.lang3_3.14.0 [89])
2025-11-13 17:22:32,433 [Worker-47: Launching gimalProject (1)] INFO  o.eclipse.m2e.core.internal.Bundles - 	Entry: C:\eclipse workspace\eclipse\plugins\org.apache.commons.lang3_3.14.0.jar
2025-11-13 17:22:32,433 [Worker-47: Launching gimalProject (1)] INFO  o.eclipse.m2e.core.internal.Bundles - getClasspathEntries(Bundle=com.google.guava.failureaccess_1.0.2 [17])
2025-11-13 17:22:32,434 [Worker-47: Launching gimalProject (1)] INFO  o.eclipse.m2e.core.internal.Bundles - 	Entry: C:\eclipse workspace\eclipse\plugins\com.google.guava.failureaccess_1.0.2.jar
2025-11-13 17:22:32,437 [Worker-47: Launching gimalProject (1)] INFO  o.e.m.i.launch.MavenLaunchDelegate - Run build in "C:\Users\Public\gimalProject\gimalProject":
2025-11-13 17:22:32,437 [Worker-47: Launching gimalProject (1)] INFO  o.e.m.i.launch.MavenLaunchDelegate -  mvn  -B -Dstyle.color=always clean install
2025-11-13 17:23:58,462 [Worker-52: Building] INFO  o.e.m.c.i.l.LifecycleMappingFactory - Using org.maven.ide.eclipse.wtp.WarLifecycleMapping lifecycle mapping for MavenProject: gimalProject:gimalProject:0.0.1-SNAPSHOT @ C:\Users\Public\gimalProject\gimalProject\pom.xml.
2025-11-13 17:23:58,637 [Worker-52: Building] INFO  o.e.m.c.i.e.AbstractTransferListenerAdapter - Downloaded https://repo.maven.apache.org/maven2/mysql/mysql-connector-j/8.0.33/mysql-connector-j-8.0.33.pom
2025-11-13 17:23:58,671 [Worker-52: Building] WARN  o.e.m.c.i.embedder.EclipseLogger - The POM for mysql:mysql-connector-j:jar:8.0.33 is missing, no dependency information available
2025-11-13 17:23:58,952 [Worker-52: Building] INFO  o.e.m.c.i.e.AbstractTransferListenerAdapter - Downloaded https://repo.maven.apache.org/maven2/mysql/mysql-connector-j/8.0.33/mysql-connector-j-8.0.33.jar
2025-11-13 17:23:59,544 [Worker-52: Building] INFO  o.a.m.s.f.DefaultMavenResourcesFiltering - Copying 0 resource from src\main\resources to target\classes
2025-11-13 17:23:59,549 [Worker-52: Building] INFO  o.a.m.s.f.DefaultMavenResourcesFiltering - skip non existing resourceDirectory C:\Users\Public\gimalProject\gimalProject\src\test\resources
2025-11-13 17:23:59,604 [Worker-52: Building] INFO  o.e.m.w.i.f.ResourceFilteringBuildParticipant - Changed resources require a complete clean of filtered resources of gimalProject
2025-11-13 17:23:59,604 [Worker-52: Building] INFO  o.e.m.w.i.f.ResourceFilteringBuildParticipant - Executing resource filtering for gimalProject
2025-11-13 17:24:00,936 [Worker-48: Download sources and javadoc] INFO  o.e.m.c.i.e.AbstractTransferListenerAdapter - Downloaded https://repo.maven.apache.org/maven2/mysql/mysql-connector-j/8.0.33/mysql-connector-j-8.0.33-sources.jar
2025-11-13 17:24:00,972 [Worker-48: Download sources and javadoc] ERROR o.e.m.j.internal.DownloadSourcesJob - Could not download sources for mysql:mysql-connector-j:8.0.33
org.eclipse.core.runtime.CoreException: Could not resolve artifact mysql:mysql-connector-j:jar:sources:8.0.33
	at org.eclipse.m2e.core.internal.embedder.MavenImpl.lambda$7(MavenImpl.java:540)
	at org.eclipse.m2e.core.internal.embedder.MavenExecutionContext.executeBare(MavenExecutionContext.java:458)
	at org.eclipse.m2e.core.internal.embedder.MavenExecutionContext.execute(MavenExecutionContext.java:292)
	at org.eclipse.m2e.core.internal.embedder.MavenExecutionContext.execute(MavenExecutionContext.java:278)
	at org.eclipse.m2e.core.internal.embedder.MavenImpl.resolve(MavenImpl.java:509)
	at org.eclipse.m2e.core.internal.embedder.MavenImpl.resolve(MavenImpl.java:494)
	at org.eclipse.m2e.jdt.internal.DownloadSourcesJob.download(DownloadSourcesJob.java:308)
	at org.eclipse.m2e.jdt.internal.DownloadSourcesJob.downloadAttachments(DownloadSourcesJob.java:282)
	at org.eclipse.m2e.jdt.internal.DownloadSourcesJob.downloadMaven(DownloadSourcesJob.java:252)
	at org.eclipse.m2e.jdt.internal.DownloadSourcesJob.downloadFilesAndPopulateToUpdate(DownloadSourcesJob.java:220)
	at org.eclipse.m2e.jdt.internal.DownloadSourcesJob.lambda$0(DownloadSourcesJob.java:149)
	at org.eclipse.m2e.core.internal.embedder.MavenExecutionContext.executeBare(MavenExecutionContext.java:458)
	at org.eclipse.m2e.core.internal.embedder.MavenExecutionContext.execute(MavenExecutionContext.java:339)
	at org.eclipse.m2e.core.internal.embedder.MavenExecutionContext.execute(MavenExecutionContext.java:278)
	at org.eclipse.m2e.core.embedder.IMaven.execute(IMaven.java:300)
	at org.eclipse.m2e.jdt.internal.DownloadSourcesJob.run(DownloadSourcesJob.java:149)
	at org.eclipse.core.internal.jobs.Worker.run(Worker.java:63)
2025-11-13 17:24:11,266 [Worker-53: Building] INFO  o.e.m.c.i.l.LifecycleMappingFactory - Using org.maven.ide.eclipse.wtp.WarLifecycleMapping lifecycle mapping for MavenProject: gimalProject:gimalProject:0.0.1-SNAPSHOT @ C:\Users\Public\gimalProject\gimalProject\pom.xml.
2025-11-13 17:24:11,486 [Worker-53: Building] INFO  o.e.m.c.i.e.AbstractTransferListenerAdapter - Downloaded https://repo.maven.apache.org/maven2/mysql/mysql-connector-j/8.0.3/mysql-connector-j-8.0.3.pom
2025-11-13 17:24:11,521 [Worker-53: Building] WARN  o.e.m.c.i.embedder.EclipseLogger - The POM for mysql:mysql-connector-j:jar:8.0.3 is missing, no dependency information available
2025-11-13 17:24:11,809 [Worker-53: Building] INFO  o.e.m.c.i.e.AbstractTransferListenerAdapter - Downloaded https://repo.maven.apache.org/maven2/mysql/mysql-connector-j/8.0.3/mysql-connector-j-8.0.3.jar
2025-11-13 17:24:12,455 [Worker-53: Building] INFO  o.a.m.s.f.DefaultMavenResourcesFiltering - Copying 0 resource from src\main\resources to target\classes
2025-11-13 17:24:12,460 [Worker-53: Building] INFO  o.a.m.s.f.DefaultMavenResourcesFiltering - skip non existing resourceDirectory C:\Users\Public\gimalProject\gimalProject\src\test\resources
2025-11-13 17:24:12,482 [Worker-53: Building] INFO  o.e.m.w.i.f.ResourceFilteringBuildParticipant - Changed resources require a complete clean of filtered resources of gimalProject
2025-11-13 17:24:12,483 [Worker-53: Building] INFO  o.e.m.w.i.f.ResourceFilteringBuildParticipant - Executing resource filtering for gimalProject
2025-11-13 17:24:13,690 [Worker-53: Download sources and javadoc] INFO  o.e.m.c.i.e.AbstractTransferListenerAdapter - Downloaded https://repo.maven.apache.org/maven2/mysql/mysql-connector-j/8.0.3/mysql-connector-j-8.0.3-sources.jar
2025-11-13 17:24:13,726 [Worker-53: Download sources and javadoc] ERROR o.e.m.j.internal.DownloadSourcesJob - Could not download sources for mysql:mysql-connector-j:8.0.3
org.eclipse.core.runtime.CoreException: Could not resolve artifact mysql:mysql-connector-j:jar:sources:8.0.3
	at org.eclipse.m2e.core.internal.embedder.MavenImpl.lambda$7(MavenImpl.java:540)
	at org.eclipse.m2e.core.internal.embedder.MavenExecutionContext.executeBare(MavenExecutionContext.java:458)
	at org.eclipse.m2e.core.internal.embedder.MavenExecutionContext.execute(MavenExecutionContext.java:292)
	at org.eclipse.m2e.core.internal.embedder.MavenExecutionContext.execute(MavenExecutionContext.java:278)
	at org.eclipse.m2e.core.internal.embedder.MavenImpl.resolve(MavenImpl.java:509)
	at org.eclipse.m2e.core.internal.embedder.MavenImpl.resolve(MavenImpl.java:494)
	at org.eclipse.m2e.jdt.internal.DownloadSourcesJob.download(DownloadSourcesJob.java:308)
	at org.eclipse.m2e.jdt.internal.DownloadSourcesJob.downloadAttachments(DownloadSourcesJob.java:282)
	at org.eclipse.m2e.jdt.internal.DownloadSourcesJob.downloadMaven(DownloadSourcesJob.java:252)
	at org.eclipse.m2e.jdt.internal.DownloadSourcesJob.downloadFilesAndPopulateToUpdate(DownloadSourcesJob.java:220)
	at org.eclipse.m2e.jdt.internal.DownloadSourcesJob.lambda$0(DownloadSourcesJob.java:149)
	at org.eclipse.m2e.core.internal.embedder.MavenExecutionContext.executeBare(MavenExecutionContext.java:458)
	at org.eclipse.m2e.core.internal.embedder.MavenExecutionContext.execute(MavenExecutionContext.java:339)
	at org.eclipse.m2e.core.internal.embedder.MavenExecutionContext.execute(MavenExecutionContext.java:278)
	at org.eclipse.m2e.core.embedder.IMaven.execute(IMaven.java:300)
	at org.eclipse.m2e.jdt.internal.DownloadSourcesJob.run(DownloadSourcesJob.java:149)
	at org.eclipse.core.internal.jobs.Worker.run(Worker.java:63)
2025-11-13 17:25:25,952 [Worker-53: Building] INFO  o.e.m.c.i.l.LifecycleMappingFactory - Using org.maven.ide.eclipse.wtp.WarLifecycleMapping lifecycle mapping for MavenProject: gimalProject:gimalProject:0.0.1-SNAPSHOT @ C:\Users\Public\gimalProject\gimalProject\pom.xml.
2025-11-13 17:25:26,001 [Worker-53: Building] WARN  o.e.m.c.i.embedder.EclipseLogger - The POM for mysql:mysql-connector-j:jar:8.0.33 is missing, no dependency information available
2025-11-13 17:25:26,664 [Worker-53: Building] INFO  o.a.m.s.f.DefaultMavenResourcesFiltering - Copying 0 resource from src\main\resources to target\classes
2025-11-13 17:25:26,669 [Worker-53: Building] INFO  o.a.m.s.f.DefaultMavenResourcesFiltering - skip non existing resourceDirectory C:\Users\Public\gimalProject\gimalProject\src\test\resources
2025-11-13 17:25:26,669 [Worker-53: Building] INFO  o.e.m.w.i.f.ResourceFilteringBuildParticipant - Changed resources require a complete clean of filtered resources of gimalProject
2025-11-13 17:25:26,669 [Worker-53: Building] INFO  o.e.m.w.i.f.ResourceFilteringBuildParticipant - Executing resource filtering for gimalProject
2025-11-13 17:25:27,734 [Worker-52: Download sources and javadoc] INFO  o.e.m.c.i.e.AbstractTransferListenerAdapter - Downloaded https://repo.maven.apache.org/maven2/mysql/mysql-connector-j/8.0.33/mysql-connector-j-8.0.33-javadoc.jar
2025-11-13 17:25:27,738 [Worker-52: Download sources and javadoc] ERROR o.e.m.j.internal.DownloadSourcesJob - Could not download javadoc for mysql:mysql-connector-j:8.0.33
org.eclipse.core.runtime.CoreException: Could not resolve artifact mysql:mysql-connector-j:jar:javadoc:8.0.33
	at org.eclipse.m2e.core.internal.embedder.MavenImpl.lambda$7(MavenImpl.java:540)
	at org.eclipse.m2e.core.internal.embedder.MavenExecutionContext.executeBare(MavenExecutionContext.java:458)
	at org.eclipse.m2e.core.internal.embedder.MavenExecutionContext.execute(MavenExecutionContext.java:292)
	at org.eclipse.m2e.core.internal.embedder.MavenExecutionContext.execute(MavenExecutionContext.java:278)
	at org.eclipse.m2e.core.internal.embedder.MavenImpl.resolve(MavenImpl.java:509)
	at org.eclipse.m2e.core.internal.embedder.MavenImpl.resolve(MavenImpl.java:494)
	at org.eclipse.m2e.jdt.internal.DownloadSourcesJob.download(DownloadSourcesJob.java:308)
	at org.eclipse.m2e.jdt.internal.DownloadSourcesJob.downloadAttachments(DownloadSourcesJob.java:294)
	at org.eclipse.m2e.jdt.internal.DownloadSourcesJob.downloadMaven(DownloadSourcesJob.java:252)
	at org.eclipse.m2e.jdt.internal.DownloadSourcesJob.downloadFilesAndPopulateToUpdate(DownloadSourcesJob.java:220)
	at org.eclipse.m2e.jdt.internal.DownloadSourcesJob.lambda$0(DownloadSourcesJob.java:149)
	at org.eclipse.m2e.core.internal.embedder.MavenExecutionContext.executeBare(MavenExecutionContext.java:458)
	at org.eclipse.m2e.core.internal.embedder.MavenExecutionContext.execute(MavenExecutionContext.java:339)
	at org.eclipse.m2e.core.internal.embedder.MavenExecutionContext.execute(MavenExecutionContext.java:278)
	at org.eclipse.m2e.core.embedder.IMaven.execute(IMaven.java:300)
	at org.eclipse.m2e.jdt.internal.DownloadSourcesJob.run(DownloadSourcesJob.java:149)
	at org.eclipse.core.internal.jobs.Worker.run(Worker.java:63)
2025-11-13 17:27:28,233 [Worker-47: Updating Maven Project] INFO  o.e.m.c.i.p.ProjectConfigurationManager - Update started
2025-11-13 17:27:28,622 [Worker-47: Updating Maven Project] INFO  o.e.m.c.i.l.LifecycleMappingFactory - Using org.maven.ide.eclipse.wtp.WarLifecycleMapping lifecycle mapping for MavenProject: gimalProject:gimalProject:0.0.1-SNAPSHOT @ C:\Users\Public\gimalProject\gimalProject\pom.xml.
2025-11-13 17:27:28,666 [Worker-47: Updating Maven Project] WARN  o.e.m.c.i.embedder.EclipseLogger - The POM for mysql:mysql-connector-j:jar:8.0.33 is missing, no dependency information available
2025-11-13 17:27:29,465 [Worker-47: Updating Maven Project] INFO  o.e.m.j.i.AbstractJavaProjectConfigurator - Adding source folder /gimalProject/src/main/java
2025-11-13 17:27:29,466 [Worker-47: Updating Maven Project] INFO  o.e.m.j.i.AbstractJavaProjectConfigurator - Adding resource folder /gimalProject/src/main/resources
2025-11-13 17:27:29,470 [Worker-47: Updating Maven Project] INFO  o.e.m.j.i.AbstractJavaProjectConfigurator - Adding source folder /gimalProject/src/test/java
2025-11-13 17:27:29,472 [Worker-47: Updating Maven Project] INFO  o.e.m.j.i.AbstractJavaProjectConfigurator - Adding resource folder /gimalProject/src/test/resources
2025-11-13 17:27:30,165 [Worker-47: Updating Maven Project] INFO  o.e.m.w.i.f.ResourceFilteringBuildParticipant - Cleaning filtered folder for gimalProject
2025-11-13 17:27:30,203 [Worker-47: Updating Maven Project] INFO  o.e.m.c.i.p.ProjectConfigurationManager - Update completed for 1 poms: local refresh takes 0.00 sec, refresh facades takes 1.00 sec, update config takes 0.00 sec 
2025-11-13 17:27:30,347 [Worker-53: Building] INFO  o.a.m.s.f.DefaultMavenResourcesFiltering - Copying 2 resources from src\main\resources to target\classes
2025-11-13 17:27:30,360 [Worker-53: Building] INFO  o.a.m.s.f.DefaultMavenResourcesFiltering - skip non existing resourceDirectory C:\Users\Public\gimalProject\gimalProject\src\test\resources
2025-11-13 17:27:30,360 [Worker-53: Building] INFO  o.e.m.w.i.f.ResourceFilteringBuildParticipant - Changed resources require a complete clean of filtered resources of gimalProject
2025-11-13 17:27:30,360 [Worker-53: Building] INFO  o.e.m.w.i.f.ResourceFilteringBuildParticipant - Executing resource filtering for gimalProject
2025-11-13 17:27:46,245 [main] INFO  o.e.m2e.actions.ExecutePomAction - Creating new launch configuration
2025-11-13 17:27:56,466 [Worker-51: Launching gimalProject (2)] INFO  o.eclipse.m2e.core.internal.Bundles - getClasspathEntries(Bundle=org.eclipse.m2e.maven.runtime_3.9.700.20240602-2313 [645])
2025-11-13 17:27:56,466 [Worker-51: Launching gimalProject (2)] INFO  o.eclipse.m2e.core.internal.Bundles - 	Entry: C:\eclipse workspace\eclipse\plugins\org.eclipse.m2e.maven.runtime_3.9.700.20240602-2313
2025-11-13 17:27:56,468 [Worker-51: Launching gimalProject (2)] INFO  o.eclipse.m2e.core.internal.Bundles - 	Entry: C:\eclipse workspace\eclipse\plugins\org.eclipse.m2e.maven.runtime_3.9.700.20240602-2313\jars\aopalliance-1.0.jar
2025-11-13 17:27:56,468 [Worker-51: Launching gimalProject (2)] INFO  o.eclipse.m2e.core.internal.Bundles - 	Entry: C:\eclipse workspace\eclipse\plugins\org.eclipse.m2e.maven.runtime_3.9.700.20240602-2313\jars\guice-5.1.0.jar
2025-11-13 17:27:56,469 [Worker-51: Launching gimalProject (2)] INFO  o.eclipse.m2e.core.internal.Bundles - 	Entry: C:\eclipse workspace\eclipse\plugins\org.eclipse.m2e.maven.runtime_3.9.700.20240602-2313\jars\httpclient-4.5.14.jar
2025-11-13 17:27:56,469 [Worker-51: Launching gimalProject (2)] INFO  o.eclipse.m2e.core.internal.Bundles - 	Entry: C:\eclipse workspace\eclipse\plugins\org.eclipse.m2e.maven.runtime_3.9.700.20240602-2313\jars\httpcore-4.4.16.jar
2025-11-13 17:27:56,469 [Worker-51: Launching gimalProject (2)] INFO  o.eclipse.m2e.core.internal.Bundles - 	Entry: C:\eclipse workspace\eclipse\plugins\org.eclipse.m2e.maven.runtime_3.9.700.20240602-2313\jars\jansi-2.4.1.jar
2025-11-13 17:27:56,469 [Worker-51: Launching gimalProject (2)] INFO  o.eclipse.m2e.core.internal.Bundles - 	Entry: C:\eclipse workspace\eclipse\plugins\org.eclipse.m2e.maven.runtime_3.9.700.20240602-2313\jars\jcl-over-slf4j-1.7.36.jar
2025-11-13 17:27:56,470 [Worker-51: Launching gimalProject (2)] INFO  o.eclipse.m2e.core.internal.Bundles - 	Entry: C:\eclipse workspace\eclipse\plugins\org.eclipse.m2e.maven.runtime_3.9.700.20240602-2313\jars\maven-artifact-3.9.7.jar
2025-11-13 17:27:56,470 [Worker-51: Launching gimalProject (2)] INFO  o.eclipse.m2e.core.internal.Bundles - 	Entry: C:\eclipse workspace\eclipse\plugins\org.eclipse.m2e.maven.runtime_3.9.700.20240602-2313\jars\maven-builder-support-3.9.7.jar
2025-11-13 17:27:56,470 [Worker-51: Launching gimalProject (2)] INFO  o.eclipse.m2e.core.internal.Bundles - 	Entry: C:\eclipse workspace\eclipse\plugins\org.eclipse.m2e.maven.runtime_3.9.700.20240602-2313\jars\maven-compat-3.9.7.jar
2025-11-13 17:27:56,471 [Worker-51: Launching gimalProject (2)] INFO  o.eclipse.m2e.core.internal.Bundles - 	Entry: C:\eclipse workspace\eclipse\plugins\org.eclipse.m2e.maven.runtime_3.9.700.20240602-2313\jars\maven-core-3.9.7.jar
2025-11-13 17:27:56,471 [Worker-51: Launching gimalProject (2)] INFO  o.eclipse.m2e.core.internal.Bundles - 	Entry: C:\eclipse workspace\eclipse\plugins\org.eclipse.m2e.maven.runtime_3.9.700.20240602-2313\jars\maven-embedder-3.9.7.jar
2025-11-13 17:27:56,471 [Worker-51: Launching gimalProject (2)] INFO  o.eclipse.m2e.core.internal.Bundles - 	Entry: C:\eclipse workspace\eclipse\plugins\org.eclipse.m2e.maven.runtime_3.9.700.20240602-2313\jars\maven-model-3.9.7.jar
2025-11-13 17:27:56,472 [Worker-51: Launching gimalProject (2)] INFO  o.eclipse.m2e.core.internal.Bundles - 	Entry: C:\eclipse workspace\eclipse\plugins\org.eclipse.m2e.maven.runtime_3.9.700.20240602-2313\jars\maven-model-builder-3.9.7.jar
2025-11-13 17:27:56,472 [Worker-51: Launching gimalProject (2)] INFO  o.eclipse.m2e.core.internal.Bundles - 	Entry: C:\eclipse workspace\eclipse\plugins\org.eclipse.m2e.maven.runtime_3.9.700.20240602-2313\jars\maven-plugin-api-3.9.7.jar
2025-11-13 17:27:56,472 [Worker-51: Launching gimalProject (2)] INFO  o.eclipse.m2e.core.internal.Bundles - 	Entry: C:\eclipse workspace\eclipse\plugins\org.eclipse.m2e.maven.runtime_3.9.700.20240602-2313\jars\maven-repository-metadata-3.9.7.jar
2025-11-13 17:27:56,473 [Worker-51: Launching gimalProject (2)] INFO  o.eclipse.m2e.core.internal.Bundles - 	Entry: C:\eclipse workspace\eclipse\plugins\org.eclipse.m2e.maven.runtime_3.9.700.20240602-2313\jars\maven-resolver-api-1.9.20.jar
2025-11-13 17:27:56,473 [Worker-51: Launching gimalProject (2)] INFO  o.eclipse.m2e.core.internal.Bundles - 	Entry: C:\eclipse workspace\eclipse\plugins\org.eclipse.m2e.maven.runtime_3.9.700.20240602-2313\jars\maven-resolver-connector-basic-1.9.20.jar
2025-11-13 17:27:56,473 [Worker-51: Launching gimalProject (2)] INFO  o.eclipse.m2e.core.internal.Bundles - 	Entry: C:\eclipse workspace\eclipse\plugins\org.eclipse.m2e.maven.runtime_3.9.700.20240602-2313\jars\maven-resolver-impl-1.9.20.jar
2025-11-13 17:27:56,474 [Worker-51: Launching gimalProject (2)] INFO  o.eclipse.m2e.core.internal.Bundles - 	Entry: C:\eclipse workspace\eclipse\plugins\org.eclipse.m2e.maven.runtime_3.9.700.20240602-2313\jars\maven-resolver-named-locks-1.9.20.jar
2025-11-13 17:27:56,474 [Worker-51: Launching gimalProject (2)] INFO  o.eclipse.m2e.core.internal.Bundles - 	Entry: C:\eclipse workspace\eclipse\plugins\org.eclipse.m2e.maven.runtime_3.9.700.20240602-2313\jars\maven-resolver-provider-3.9.7.jar
2025-11-13 17:27:56,474 [Worker-51: Launching gimalProject (2)] INFO  o.eclipse.m2e.core.internal.Bundles - 	Entry: C:\eclipse workspace\eclipse\plugins\org.eclipse.m2e.maven.runtime_3.9.700.20240602-2313\jars\maven-resolver-spi-1.9.20.jar
2025-11-13 17:27:56,475 [Worker-51: Launching gimalProject (2)] INFO  o.eclipse.m2e.core.internal.Bundles - 	Entry: C:\eclipse workspace\eclipse\plugins\org.eclipse.m2e.maven.runtime_3.9.700.20240602-2313\jars\maven-resolver-transport-file-1.9.20.jar
2025-11-13 17:27:56,475 [Worker-51: Launching gimalProject (2)] INFO  o.eclipse.m2e.core.internal.Bundles - 	Entry: C:\eclipse workspace\eclipse\plugins\org.eclipse.m2e.maven.runtime_3.9.700.20240602-2313\jars\maven-resolver-transport-http-1.9.20.jar
2025-11-13 17:27:56,475 [Worker-51: Launching gimalProject (2)] INFO  o.eclipse.m2e.core.internal.Bundles - 	Entry: C:\eclipse workspace\eclipse\plugins\org.eclipse.m2e.maven.runtime_3.9.700.20240602-2313\jars\maven-resolver-transport-wagon-1.9.20.jar
2025-11-13 17:27:56,476 [Worker-51: Launching gimalProject (2)] INFO  o.eclipse.m2e.core.internal.Bundles - 	Entry: C:\eclipse workspace\eclipse\plugins\org.eclipse.m2e.maven.runtime_3.9.700.20240602-2313\jars\maven-resolver-util-1.9.20.jar
2025-11-13 17:27:56,476 [Worker-51: Launching gimalProject (2)] INFO  o.eclipse.m2e.core.internal.Bundles - 	Entry: C:\eclipse workspace\eclipse\plugins\org.eclipse.m2e.maven.runtime_3.9.700.20240602-2313\jars\maven-settings-3.9.7.jar
2025-11-13 17:27:56,476 [Worker-51: Launching gimalProject (2)] INFO  o.eclipse.m2e.core.internal.Bundles - 	Entry: C:\eclipse workspace\eclipse\plugins\org.eclipse.m2e.maven.runtime_3.9.700.20240602-2313\jars\maven-settings-builder-3.9.7.jar
2025-11-13 17:27:56,476 [Worker-51: Launching gimalProject (2)] INFO  o.eclipse.m2e.core.internal.Bundles - 	Entry: C:\eclipse workspace\eclipse\plugins\org.eclipse.m2e.maven.runtime_3.9.700.20240602-2313\jars\maven-shared-utils-3.4.2.jar
2025-11-13 17:27:56,477 [Worker-51: Launching gimalProject (2)] INFO  o.eclipse.m2e.core.internal.Bundles - 	Entry: C:\eclipse workspace\eclipse\plugins\org.eclipse.m2e.maven.runtime_3.9.700.20240602-2313\jars\org.eclipse.sisu.inject-0.9.0.M2.jar
2025-11-13 17:27:56,477 [Worker-51: Launching gimalProject (2)] INFO  o.eclipse.m2e.core.internal.Bundles - 	Entry: C:\eclipse workspace\eclipse\plugins\org.eclipse.m2e.maven.runtime_3.9.700.20240602-2313\jars\org.eclipse.sisu.plexus-0.9.0.M2.jar
2025-11-13 17:27:56,477 [Worker-51: Launching gimalProject (2)] INFO  o.eclipse.m2e.core.internal.Bundles - 	Entry: C:\eclipse workspace\eclipse\plugins\org.eclipse.m2e.maven.runtime_3.9.700.20240602-2313\jars\plexus-build-api-0.0.7.jar
2025-11-13 17:27:56,478 [Worker-51: Launching gimalProject (2)] INFO  o.eclipse.m2e.core.internal.Bundles - 	Entry: C:\eclipse workspace\eclipse\plugins\org.eclipse.m2e.maven.runtime_3.9.700.20240602-2313\jars\plexus-build-api-1.2.0.jar
2025-11-13 17:27:56,478 [Worker-51: Launching gimalProject (2)] INFO  o.eclipse.m2e.core.internal.Bundles - 	Entry: C:\eclipse workspace\eclipse\plugins\org.eclipse.m2e.maven.runtime_3.9.700.20240602-2313\jars\plexus-cipher-2.0.jar
2025-11-13 17:27:56,478 [Worker-51: Launching gimalProject (2)] INFO  o.eclipse.m2e.core.internal.Bundles - 	Entry: C:\eclipse workspace\eclipse\plugins\org.eclipse.m2e.maven.runtime_3.9.700.20240602-2313\jars\plexus-classworlds-2.8.0.jar
2025-11-13 17:27:56,478 [Worker-51: Launching gimalProject (2)] INFO  o.eclipse.m2e.core.internal.Bundles - 	Entry: C:\eclipse workspace\eclipse\plugins\org.eclipse.m2e.maven.runtime_3.9.700.20240602-2313\jars\plexus-component-annotations-2.1.0.jar
2025-11-13 17:27:56,479 [Worker-51: Launching gimalProject (2)] INFO  o.eclipse.m2e.core.internal.Bundles - 	Entry: C:\eclipse workspace\eclipse\plugins\org.eclipse.m2e.maven.runtime_3.9.700.20240602-2313\jars\plexus-interpolation-1.27.jar
2025-11-13 17:27:56,479 [Worker-51: Launching gimalProject (2)] INFO  o.eclipse.m2e.core.internal.Bundles - 	Entry: C:\eclipse workspace\eclipse\plugins\org.eclipse.m2e.maven.runtime_3.9.700.20240602-2313\jars\plexus-sec-dispatcher-2.0.jar
2025-11-13 17:27:56,479 [Worker-51: Launching gimalProject (2)] INFO  o.eclipse.m2e.core.internal.Bundles - 	Entry: C:\eclipse workspace\eclipse\plugins\org.eclipse.m2e.maven.runtime_3.9.700.20240602-2313\jars\plexus-utils-3.5.1.jar
2025-11-13 17:27:56,479 [Worker-51: Launching gimalProject (2)] INFO  o.eclipse.m2e.core.internal.Bundles - 	Entry: C:\eclipse workspace\eclipse\plugins\org.eclipse.m2e.maven.runtime_3.9.700.20240602-2313\jars\wagon-file-3.5.3.jar
2025-11-13 17:27:56,480 [Worker-51: Launching gimalProject (2)] INFO  o.eclipse.m2e.core.internal.Bundles - 	Entry: C:\eclipse workspace\eclipse\plugins\org.eclipse.m2e.maven.runtime_3.9.700.20240602-2313\jars\wagon-http-3.5.3.jar
2025-11-13 17:27:56,480 [Worker-51: Launching gimalProject (2)] INFO  o.eclipse.m2e.core.internal.Bundles - 	Entry: C:\eclipse workspace\eclipse\plugins\org.eclipse.m2e.maven.runtime_3.9.700.20240602-2313\jars\wagon-http-shared-3.5.3.jar
2025-11-13 17:27:56,480 [Worker-51: Launching gimalProject (2)] INFO  o.eclipse.m2e.core.internal.Bundles - 	Entry: C:\eclipse workspace\eclipse\plugins\org.eclipse.m2e.maven.runtime_3.9.700.20240602-2313\jars\wagon-provider-api-3.5.3.jar
2025-11-13 17:27:56,481 [Worker-51: Launching gimalProject (2)] INFO  o.eclipse.m2e.core.internal.Bundles - getClasspathEntries(Bundle=com.google.guava_33.2.0.jre [16])
2025-11-13 17:27:56,482 [Worker-51: Launching gimalProject (2)] INFO  o.eclipse.m2e.core.internal.Bundles - 	Entry: C:\eclipse workspace\eclipse\plugins\com.google.guava_33.2.0.jre.jar
2025-11-13 17:27:56,482 [Worker-51: Launching gimalProject (2)] INFO  o.eclipse.m2e.core.internal.Bundles - getClasspathEntries(Bundle=slf4j.api_2.0.13 [1010])
2025-11-13 17:27:56,482 [Worker-51: Launching gimalProject (2)] INFO  o.eclipse.m2e.core.internal.Bundles - 	Entry: C:\eclipse workspace\eclipse\plugins\slf4j.api_2.0.13.jar
2025-11-13 17:27:56,482 [Worker-51: Launching gimalProject (2)] INFO  o.eclipse.m2e.core.internal.Bundles - getClasspathEntries(Bundle=jakarta.inject.jakarta.inject-api_1.0.5 [33])
2025-11-13 17:27:56,483 [Worker-51: Launching gimalProject (2)] INFO  o.eclipse.m2e.core.internal.Bundles - 	Entry: C:\eclipse workspace\eclipse\plugins\jakarta.inject.jakarta.inject-api_1.0.5.jar
2025-11-13 17:27:56,483 [Worker-51: Launching gimalProject (2)] INFO  o.eclipse.m2e.core.internal.Bundles - getClasspathEntries(Bundle=javax.annotation_1.3.5.v20200909-1856 [44])
2025-11-13 17:27:56,483 [Worker-51: Launching gimalProject (2)] INFO  o.eclipse.m2e.core.internal.Bundles - 	Entry: C:\eclipse workspace\eclipse\plugins\javax.annotation_1.3.5.v20200909-1856.jar
2025-11-13 17:27:56,483 [Worker-51: Launching gimalProject (2)] INFO  o.eclipse.m2e.core.internal.Bundles - getClasspathEntries(Bundle=org.apache.commons.cli_1.8.0 [78])
2025-11-13 17:27:56,484 [Worker-51: Launching gimalProject (2)] INFO  o.eclipse.m2e.core.internal.Bundles - 	Entry: C:\eclipse workspace\eclipse\plugins\org.apache.commons.cli_1.8.0.jar
2025-11-13 17:27:56,484 [Worker-51: Launching gimalProject (2)] INFO  o.eclipse.m2e.core.internal.Bundles - getClasspathEntries(Bundle=org.apache.commons.commons-codec_1.16.0 [81])
2025-11-13 17:27:56,484 [Worker-51: Launching gimalProject (2)] INFO  o.eclipse.m2e.core.internal.Bundles - 	Entry: C:\eclipse workspace\eclipse\plugins\org.apache.commons.commons-codec_1.16.0.jar
2025-11-13 17:27:56,484 [Worker-51: Launching gimalProject (2)] INFO  o.eclipse.m2e.core.internal.Bundles - getClasspathEntries(Bundle=org.apache.commons.lang3_3.14.0 [89])
2025-11-13 17:27:56,485 [Worker-51: Launching gimalProject (2)] INFO  o.eclipse.m2e.core.internal.Bundles - 	Entry: C:\eclipse workspace\eclipse\plugins\org.apache.commons.lang3_3.14.0.jar
2025-11-13 17:27:56,485 [Worker-51: Launching gimalProject (2)] INFO  o.eclipse.m2e.core.internal.Bundles - getClasspathEntries(Bundle=com.google.guava.failureaccess_1.0.2 [17])
2025-11-13 17:27:56,485 [Worker-51: Launching gimalProject (2)] INFO  o.eclipse.m2e.core.internal.Bundles - 	Entry: C:\eclipse workspace\eclipse\plugins\com.google.guava.failureaccess_1.0.2.jar
2025-11-13 17:27:56,489 [Worker-51: Launching gimalProject (2)] INFO  o.e.m.i.launch.MavenLaunchDelegate - Run build in "C:\Users\Public\gimalProject\gimalProject":
2025-11-13 17:27:56,489 [Worker-51: Launching gimalProject (2)] INFO  o.e.m.i.launch.MavenLaunchDelegate -  mvn  -B -Dstyle.color=always mvn dependency:purge-local-repository
2025-11-13 17:28:15,216 [main] INFO  o.e.m2e.actions.ExecutePomAction - Creating new launch configuration
2025-11-13 17:29:28,847 [main] INFO  o.e.m2e.actions.ExecutePomAction - Creating new launch configuration
2025-11-13 17:29:32,178 [Worker-52: Launching gimalProject (4)] INFO  o.eclipse.m2e.core.internal.Bundles - getClasspathEntries(Bundle=org.eclipse.m2e.maven.runtime_3.9.700.20240602-2313 [645])
2025-11-13 17:29:32,179 [Worker-52: Launching gimalProject (4)] INFO  o.eclipse.m2e.core.internal.Bundles - 	Entry: C:\eclipse workspace\eclipse\plugins\org.eclipse.m2e.maven.runtime_3.9.700.20240602-2313
2025-11-13 17:29:32,180 [Worker-52: Launching gimalProject (4)] INFO  o.eclipse.m2e.core.internal.Bundles - 	Entry: C:\eclipse workspace\eclipse\plugins\org.eclipse.m2e.maven.runtime_3.9.700.20240602-2313\jars\aopalliance-1.0.jar
2025-11-13 17:29:32,180 [Worker-52: Launching gimalProject (4)] INFO  o.eclipse.m2e.core.internal.Bundles - 	Entry: C:\eclipse workspace\eclipse\plugins\org.eclipse.m2e.maven.runtime_3.9.700.20240602-2313\jars\guice-5.1.0.jar
2025-11-13 17:29:32,180 [Worker-52: Launching gimalProject (4)] INFO  o.eclipse.m2e.core.internal.Bundles - 	Entry: C:\eclipse workspace\eclipse\plugins\org.eclipse.m2e.maven.runtime_3.9.700.20240602-2313\jars\httpclient-4.5.14.jar
2025-11-13 17:29:32,181 [Worker-52: Launching gimalProject (4)] INFO  o.eclipse.m2e.core.internal.Bundles - 	Entry: C:\eclipse workspace\eclipse\plugins\org.eclipse.m2e.maven.runtime_3.9.700.20240602-2313\jars\httpcore-4.4.16.jar
2025-11-13 17:29:32,181 [Worker-52: Launching gimalProject (4)] INFO  o.eclipse.m2e.core.internal.Bundles - 	Entry: C:\eclipse workspace\eclipse\plugins\org.eclipse.m2e.maven.runtime_3.9.700.20240602-2313\jars\jansi-2.4.1.jar
2025-11-13 17:29:32,181 [Worker-52: Launching gimalProject (4)] INFO  o.eclipse.m2e.core.internal.Bundles - 	Entry: C:\eclipse workspace\eclipse\plugins\org.eclipse.m2e.maven.runtime_3.9.700.20240602-2313\jars\jcl-over-slf4j-1.7.36.jar
2025-11-13 17:29:32,181 [Worker-52: Launching gimalProject (4)] INFO  o.eclipse.m2e.core.internal.Bundles - 	Entry: C:\eclipse workspace\eclipse\plugins\org.eclipse.m2e.maven.runtime_3.9.700.20240602-2313\jars\maven-artifact-3.9.7.jar
2025-11-13 17:29:32,182 [Worker-52: Launching gimalProject (4)] INFO  o.eclipse.m2e.core.internal.Bundles - 	Entry: C:\eclipse workspace\eclipse\plugins\org.eclipse.m2e.maven.runtime_3.9.700.20240602-2313\jars\maven-builder-support-3.9.7.jar
2025-11-13 17:29:32,182 [Worker-52: Launching gimalProject (4)] INFO  o.eclipse.m2e.core.internal.Bundles - 	Entry: C:\eclipse workspace\eclipse\plugins\org.eclipse.m2e.maven.runtime_3.9.700.20240602-2313\jars\maven-compat-3.9.7.jar
2025-11-13 17:29:32,182 [Worker-52: Launching gimalProject (4)] INFO  o.eclipse.m2e.core.internal.Bundles - 	Entry: C:\eclipse workspace\eclipse\plugins\org.eclipse.m2e.maven.runtime_3.9.700.20240602-2313\jars\maven-core-3.9.7.jar
2025-11-13 17:29:32,182 [Worker-52: Launching gimalProject (4)] INFO  o.eclipse.m2e.core.internal.Bundles - 	Entry: C:\eclipse workspace\eclipse\plugins\org.eclipse.m2e.maven.runtime_3.9.700.20240602-2313\jars\maven-embedder-3.9.7.jar
2025-11-13 17:29:32,182 [Worker-52: Launching gimalProject (4)] INFO  o.eclipse.m2e.core.internal.Bundles - 	Entry: C:\eclipse workspace\eclipse\plugins\org.eclipse.m2e.maven.runtime_3.9.700.20240602-2313\jars\maven-model-3.9.7.jar
2025-11-13 17:29:32,184 [Worker-52: Launching gimalProject (4)] INFO  o.eclipse.m2e.core.internal.Bundles - 	Entry: C:\eclipse workspace\eclipse\plugins\org.eclipse.m2e.maven.runtime_3.9.700.20240602-2313\jars\maven-model-builder-3.9.7.jar
2025-11-13 17:29:32,184 [Worker-52: Launching gimalProject (4)] INFO  o.eclipse.m2e.core.internal.Bundles - 	Entry: C:\eclipse workspace\eclipse\plugins\org.eclipse.m2e.maven.runtime_3.9.700.20240602-2313\jars\maven-plugin-api-3.9.7.jar
2025-11-13 17:29:32,184 [Worker-52: Launching gimalProject (4)] INFO  o.eclipse.m2e.core.internal.Bundles - 	Entry: C:\eclipse workspace\eclipse\plugins\org.eclipse.m2e.maven.runtime_3.9.700.20240602-2313\jars\maven-repository-metadata-3.9.7.jar
2025-11-13 17:29:32,184 [Worker-52: Launching gimalProject (4)] INFO  o.eclipse.m2e.core.internal.Bundles - 	Entry: C:\eclipse workspace\eclipse\plugins\org.eclipse.m2e.maven.runtime_3.9.700.20240602-2313\jars\maven-resolver-api-1.9.20.jar
2025-11-13 17:29:32,184 [Worker-52: Launching gimalProject (4)] INFO  o.eclipse.m2e.core.internal.Bundles - 	Entry: C:\eclipse workspace\eclipse\plugins\org.eclipse.m2e.maven.runtime_3.9.700.20240602-2313\jars\maven-resolver-connector-basic-1.9.20.jar
2025-11-13 17:29:32,184 [Worker-52: Launching gimalProject (4)] INFO  o.eclipse.m2e.core.internal.Bundles - 	Entry: C:\eclipse workspace\eclipse\plugins\org.eclipse.m2e.maven.runtime_3.9.700.20240602-2313\jars\maven-resolver-impl-1.9.20.jar
2025-11-13 17:29:32,184 [Worker-52: Launching gimalProject (4)] INFO  o.eclipse.m2e.core.internal.Bundles - 	Entry: C:\eclipse workspace\eclipse\plugins\org.eclipse.m2e.maven.runtime_3.9.700.20240602-2313\jars\maven-resolver-named-locks-1.9.20.jar
2025-11-13 17:29:32,185 [Worker-52: Launching gimalProject (4)] INFO  o.eclipse.m2e.core.internal.Bundles - 	Entry: C:\eclipse workspace\eclipse\plugins\org.eclipse.m2e.maven.runtime_3.9.700.20240602-2313\jars\maven-resolver-provider-3.9.7.jar
2025-11-13 17:29:32,185 [Worker-52: Launching gimalProject (4)] INFO  o.eclipse.m2e.core.internal.Bundles - 	Entry: C:\eclipse workspace\eclipse\plugins\org.eclipse.m2e.maven.runtime_3.9.700.20240602-2313\jars\maven-resolver-spi-1.9.20.jar
2025-11-13 17:29:32,185 [Worker-52: Launching gimalProject (4)] INFO  o.eclipse.m2e.core.internal.Bundles - 	Entry: C:\eclipse workspace\eclipse\plugins\org.eclipse.m2e.maven.runtime_3.9.700.20240602-2313\jars\maven-resolver-transport-file-1.9.20.jar
2025-11-13 17:29:32,185 [Worker-52: Launching gimalProject (4)] INFO  o.eclipse.m2e.core.internal.Bundles - 	Entry: C:\eclipse workspace\eclipse\plugins\org.eclipse.m2e.maven.runtime_3.9.700.20240602-2313\jars\maven-resolver-transport-http-1.9.20.jar
2025-11-13 17:29:32,185 [Worker-52: Launching gimalProject (4)] INFO  o.eclipse.m2e.core.internal.Bundles - 	Entry: C:\eclipse workspace\eclipse\plugins\org.eclipse.m2e.maven.runtime_3.9.700.20240602-2313\jars\maven-resolver-transport-wagon-1.9.20.jar
2025-11-13 17:29:32,185 [Worker-52: Launching gimalProject (4)] INFO  o.eclipse.m2e.core.internal.Bundles - 	Entry: C:\eclipse workspace\eclipse\plugins\org.eclipse.m2e.maven.runtime_3.9.700.20240602-2313\jars\maven-resolver-util-1.9.20.jar
2025-11-13 17:29:32,187 [Worker-52: Launching gimalProject (4)] INFO  o.eclipse.m2e.core.internal.Bundles - 	Entry: C:\eclipse workspace\eclipse\plugins\org.eclipse.m2e.maven.runtime_3.9.700.20240602-2313\jars\maven-settings-3.9.7.jar
2025-11-13 17:29:32,187 [Worker-52: Launching gimalProject (4)] INFO  o.eclipse.m2e.core.internal.Bundles - 	Entry: C:\eclipse workspace\eclipse\plugins\org.eclipse.m2e.maven.runtime_3.9.700.20240602-2313\jars\maven-settings-builder-3.9.7.jar
2025-11-13 17:29:32,187 [Worker-52: Launching gimalProject (4)] INFO  o.eclipse.m2e.core.internal.Bundles - 	Entry: C:\eclipse workspace\eclipse\plugins\org.eclipse.m2e.maven.runtime_3.9.700.20240602-2313\jars\maven-shared-utils-3.4.2.jar
2025-11-13 17:29:32,187 [Worker-52: Launching gimalProject (4)] INFO  o.eclipse.m2e.core.internal.Bundles - 	Entry: C:\eclipse workspace\eclipse\plugins\org.eclipse.m2e.maven.runtime_3.9.700.20240602-2313\jars\org.eclipse.sisu.inject-0.9.0.M2.jar
2025-11-13 17:29:32,188 [Worker-52: Launching gimalProject (4)] INFO  o.eclipse.m2e.core.internal.Bundles - 	Entry: C:\eclipse workspace\eclipse\plugins\org.eclipse.m2e.maven.runtime_3.9.700.20240602-2313\jars\org.eclipse.sisu.plexus-0.9.0.M2.jar
2025-11-13 17:29:32,188 [Worker-52: Launching gimalProject (4)] INFO  o.eclipse.m2e.core.internal.Bundles - 	Entry: C:\eclipse workspace\eclipse\plugins\org.eclipse.m2e.maven.runtime_3.9.700.20240602-2313\jars\plexus-build-api-0.0.7.jar
2025-11-13 17:29:32,188 [Worker-52: Launching gimalProject (4)] INFO  o.eclipse.m2e.core.internal.Bundles - 	Entry: C:\eclipse workspace\eclipse\plugins\org.eclipse.m2e.maven.runtime_3.9.700.20240602-2313\jars\plexus-build-api-1.2.0.jar
2025-11-13 17:29:32,188 [Worker-52: Launching gimalProject (4)] INFO  o.eclipse.m2e.core.internal.Bundles - 	Entry: C:\eclipse workspace\eclipse\plugins\org.eclipse.m2e.maven.runtime_3.9.700.20240602-2313\jars\plexus-cipher-2.0.jar
2025-11-13 17:29:32,189 [Worker-52: Launching gimalProject (4)] INFO  o.eclipse.m2e.core.internal.Bundles - 	Entry: C:\eclipse workspace\eclipse\plugins\org.eclipse.m2e.maven.runtime_3.9.700.20240602-2313\jars\plexus-classworlds-2.8.0.jar
2025-11-13 17:29:32,189 [Worker-52: Launching gimalProject (4)] INFO  o.eclipse.m2e.core.internal.Bundles - 	Entry: C:\eclipse workspace\eclipse\plugins\org.eclipse.m2e.maven.runtime_3.9.700.20240602-2313\jars\plexus-component-annotations-2.1.0.jar
2025-11-13 17:29:32,189 [Worker-52: Launching gimalProject (4)] INFO  o.eclipse.m2e.core.internal.Bundles - 	Entry: C:\eclipse workspace\eclipse\plugins\org.eclipse.m2e.maven.runtime_3.9.700.20240602-2313\jars\plexus-interpolation-1.27.jar
2025-11-13 17:29:32,189 [Worker-52: Launching gimalProject (4)] INFO  o.eclipse.m2e.core.internal.Bundles - 	Entry: C:\eclipse workspace\eclipse\plugins\org.eclipse.m2e.maven.runtime_3.9.700.20240602-2313\jars\plexus-sec-dispatcher-2.0.jar
2025-11-13 17:29:32,189 [Worker-52: Launching gimalProject (4)] INFO  o.eclipse.m2e.core.internal.Bundles - 	Entry: C:\eclipse workspace\eclipse\plugins\org.eclipse.m2e.maven.runtime_3.9.700.20240602-2313\jars\plexus-utils-3.5.1.jar
2025-11-13 17:29:32,190 [Worker-52: Launching gimalProject (4)] INFO  o.eclipse.m2e.core.internal.Bundles - 	Entry: C:\eclipse workspace\eclipse\plugins\org.eclipse.m2e.maven.runtime_3.9.700.20240602-2313\jars\wagon-file-3.5.3.jar
2025-11-13 17:29:32,190 [Worker-52: Launching gimalProject (4)] INFO  o.eclipse.m2e.core.internal.Bundles - 	Entry: C:\eclipse workspace\eclipse\plugins\org.eclipse.m2e.maven.runtime_3.9.700.20240602-2313\jars\wagon-http-3.5.3.jar
2025-11-13 17:29:32,190 [Worker-52: Launching gimalProject (4)] INFO  o.eclipse.m2e.core.internal.Bundles - 	Entry: C:\eclipse workspace\eclipse\plugins\org.eclipse.m2e.maven.runtime_3.9.700.20240602-2313\jars\wagon-http-shared-3.5.3.jar
2025-11-13 17:29:32,190 [Worker-52: Launching gimalProject (4)] INFO  o.eclipse.m2e.core.internal.Bundles - 	Entry: C:\eclipse workspace\eclipse\plugins\org.eclipse.m2e.maven.runtime_3.9.700.20240602-2313\jars\wagon-provider-api-3.5.3.jar
2025-11-13 17:29:32,191 [Worker-52: Launching gimalProject (4)] INFO  o.eclipse.m2e.core.internal.Bundles - getClasspathEntries(Bundle=com.google.guava_33.2.0.jre [16])
2025-11-13 17:29:32,191 [Worker-52: Launching gimalProject (4)] INFO  o.eclipse.m2e.core.internal.Bundles - 	Entry: C:\eclipse workspace\eclipse\plugins\com.google.guava_33.2.0.jre.jar
2025-11-13 17:29:32,191 [Worker-52: Launching gimalProject (4)] INFO  o.eclipse.m2e.core.internal.Bundles - getClasspathEntries(Bundle=slf4j.api_2.0.13 [1010])
2025-11-13 17:29:32,192 [Worker-52: Launching gimalProject (4)] INFO  o.eclipse.m2e.core.internal.Bundles - 	Entry: C:\eclipse workspace\eclipse\plugins\slf4j.api_2.0.13.jar
2025-11-13 17:29:32,192 [Worker-52: Launching gimalProject (4)] INFO  o.eclipse.m2e.core.internal.Bundles - getClasspathEntries(Bundle=jakarta.inject.jakarta.inject-api_1.0.5 [33])
2025-11-13 17:29:32,192 [Worker-52: Launching gimalProject (4)] INFO  o.eclipse.m2e.core.internal.Bundles - 	Entry: C:\eclipse workspace\eclipse\plugins\jakarta.inject.jakarta.inject-api_1.0.5.jar
2025-11-13 17:29:32,192 [Worker-52: Launching gimalProject (4)] INFO  o.eclipse.m2e.core.internal.Bundles - getClasspathEntries(Bundle=javax.annotation_1.3.5.v20200909-1856 [44])
2025-11-13 17:29:32,192 [Worker-52: Launching gimalProject (4)] INFO  o.eclipse.m2e.core.internal.Bundles - 	Entry: C:\eclipse workspace\eclipse\plugins\javax.annotation_1.3.5.v20200909-1856.jar
2025-11-13 17:29:32,192 [Worker-52: Launching gimalProject (4)] INFO  o.eclipse.m2e.core.internal.Bundles - getClasspathEntries(Bundle=org.apache.commons.cli_1.8.0 [78])
2025-11-13 17:29:32,192 [Worker-52: Launching gimalProject (4)] INFO  o.eclipse.m2e.core.internal.Bundles - 	Entry: C:\eclipse workspace\eclipse\plugins\org.apache.commons.cli_1.8.0.jar
2025-11-13 17:29:32,192 [Worker-52: Launching gimalProject (4)] INFO  o.eclipse.m2e.core.internal.Bundles - getClasspathEntries(Bundle=org.apache.commons.commons-codec_1.16.0 [81])
2025-11-13 17:29:32,193 [Worker-52: Launching gimalProject (4)] INFO  o.eclipse.m2e.core.internal.Bundles - 	Entry: C:\eclipse workspace\eclipse\plugins\org.apache.commons.commons-codec_1.16.0.jar
2025-11-13 17:29:32,193 [Worker-52: Launching gimalProject (4)] INFO  o.eclipse.m2e.core.internal.Bundles - getClasspathEntries(Bundle=org.apache.commons.lang3_3.14.0 [89])
2025-11-13 17:29:32,193 [Worker-52: Launching gimalProject (4)] INFO  o.eclipse.m2e.core.internal.Bundles - 	Entry: C:\eclipse workspace\eclipse\plugins\org.apache.commons.lang3_3.14.0.jar
2025-11-13 17:29:32,193 [Worker-52: Launching gimalProject (4)] INFO  o.eclipse.m2e.core.internal.Bundles - getClasspathEntries(Bundle=com.google.guava.failureaccess_1.0.2 [17])
2025-11-13 17:29:32,195 [Worker-52: Launching gimalProject (4)] INFO  o.eclipse.m2e.core.internal.Bundles - 	Entry: C:\eclipse workspace\eclipse\plugins\com.google.guava.failureaccess_1.0.2.jar
2025-11-13 17:29:32,198 [Worker-52: Launching gimalProject (4)] INFO  o.e.m.i.launch.MavenLaunchDelegate - Run build in "C:\Users\Public\gimalProject\gimalProject":
2025-11-13 17:29:32,198 [Worker-52: Launching gimalProject (4)] INFO  o.e.m.i.launch.MavenLaunchDelegate -  mvn  -B -Dstyle.color=always dependency:purge-local-repository
2025-11-13 17:30:33,927 [main] INFO  o.e.m2e.actions.ExecutePomAction - Creating new launch configuration
2025-11-13 17:30:40,528 [Worker-52: Launching gimalProject (5)] INFO  o.eclipse.m2e.core.internal.Bundles - getClasspathEntries(Bundle=org.eclipse.m2e.maven.runtime_3.9.700.20240602-2313 [645])
2025-11-13 17:30:40,528 [Worker-52: Launching gimalProject (5)] INFO  o.eclipse.m2e.core.internal.Bundles - 	Entry: C:\eclipse workspace\eclipse\plugins\org.eclipse.m2e.maven.runtime_3.9.700.20240602-2313
2025-11-13 17:30:40,529 [Worker-52: Launching gimalProject (5)] INFO  o.eclipse.m2e.core.internal.Bundles - 	Entry: C:\eclipse workspace\eclipse\plugins\org.eclipse.m2e.maven.runtime_3.9.700.20240602-2313\jars\aopalliance-1.0.jar
2025-11-13 17:30:40,529 [Worker-52: Launching gimalProject (5)] INFO  o.eclipse.m2e.core.internal.Bundles - 	Entry: C:\eclipse workspace\eclipse\plugins\org.eclipse.m2e.maven.runtime_3.9.700.20240602-2313\jars\guice-5.1.0.jar
2025-11-13 17:30:40,529 [Worker-52: Launching gimalProject (5)] INFO  o.eclipse.m2e.core.internal.Bundles - 	Entry: C:\eclipse workspace\eclipse\plugins\org.eclipse.m2e.maven.runtime_3.9.700.20240602-2313\jars\httpclient-4.5.14.jar
2025-11-13 17:30:40,529 [Worker-52: Launching gimalProject (5)] INFO  o.eclipse.m2e.core.internal.Bundles - 	Entry: C:\eclipse workspace\eclipse\plugins\org.eclipse.m2e.maven.runtime_3.9.700.20240602-2313\jars\httpcore-4.4.16.jar
2025-11-13 17:30:40,530 [Worker-52: Launching gimalProject (5)] INFO  o.eclipse.m2e.core.internal.Bundles - 	Entry: C:\eclipse workspace\eclipse\plugins\org.eclipse.m2e.maven.runtime_3.9.700.20240602-2313\jars\jansi-2.4.1.jar
2025-11-13 17:30:40,530 [Worker-52: Launching gimalProject (5)] INFO  o.eclipse.m2e.core.internal.Bundles - 	Entry: C:\eclipse workspace\eclipse\plugins\org.eclipse.m2e.maven.runtime_3.9.700.20240602-2313\jars\jcl-over-slf4j-1.7.36.jar
2025-11-13 17:30:40,530 [Worker-52: Launching gimalProject (5)] INFO  o.eclipse.m2e.core.internal.Bundles - 	Entry: C:\eclipse workspace\eclipse\plugins\org.eclipse.m2e.maven.runtime_3.9.700.20240602-2313\jars\maven-artifact-3.9.7.jar
2025-11-13 17:30:40,530 [Worker-52: Launching gimalProject (5)] INFO  o.eclipse.m2e.core.internal.Bundles - 	Entry: C:\eclipse workspace\eclipse\plugins\org.eclipse.m2e.maven.runtime_3.9.700.20240602-2313\jars\maven-builder-support-3.9.7.jar
2025-11-13 17:30:40,530 [Worker-52: Launching gimalProject (5)] INFO  o.eclipse.m2e.core.internal.Bundles - 	Entry: C:\eclipse workspace\eclipse\plugins\org.eclipse.m2e.maven.runtime_3.9.700.20240602-2313\jars\maven-compat-3.9.7.jar
2025-11-13 17:30:40,530 [Worker-52: Launching gimalProject (5)] INFO  o.eclipse.m2e.core.internal.Bundles - 	Entry: C:\eclipse workspace\eclipse\plugins\org.eclipse.m2e.maven.runtime_3.9.700.20240602-2313\jars\maven-core-3.9.7.jar
2025-11-13 17:30:40,531 [Worker-52: Launching gimalProject (5)] INFO  o.eclipse.m2e.core.internal.Bundles - 	Entry: C:\eclipse workspace\eclipse\plugins\org.eclipse.m2e.maven.runtime_3.9.700.20240602-2313\jars\maven-embedder-3.9.7.jar
2025-11-13 17:30:40,531 [Worker-52: Launching gimalProject (5)] INFO  o.eclipse.m2e.core.internal.Bundles - 	Entry: C:\eclipse workspace\eclipse\plugins\org.eclipse.m2e.maven.runtime_3.9.700.20240602-2313\jars\maven-model-3.9.7.jar
2025-11-13 17:30:40,531 [Worker-52: Launching gimalProject (5)] INFO  o.eclipse.m2e.core.internal.Bundles - 	Entry: C:\eclipse workspace\eclipse\plugins\org.eclipse.m2e.maven.runtime_3.9.700.20240602-2313\jars\maven-model-builder-3.9.7.jar
2025-11-13 17:30:40,531 [Worker-52: Launching gimalProject (5)] INFO  o.eclipse.m2e.core.internal.Bundles - 	Entry: C:\eclipse workspace\eclipse\plugins\org.eclipse.m2e.maven.runtime_3.9.700.20240602-2313\jars\maven-plugin-api-3.9.7.jar
2025-11-13 17:30:40,531 [Worker-52: Launching gimalProject (5)] INFO  o.eclipse.m2e.core.internal.Bundles - 	Entry: C:\eclipse workspace\eclipse\plugins\org.eclipse.m2e.maven.runtime_3.9.700.20240602-2313\jars\maven-repository-metadata-3.9.7.jar
2025-11-13 17:30:40,531 [Worker-52: Launching gimalProject (5)] INFO  o.eclipse.m2e.core.internal.Bundles - 	Entry: C:\eclipse workspace\eclipse\plugins\org.eclipse.m2e.maven.runtime_3.9.700.20240602-2313\jars\maven-resolver-api-1.9.20.jar
2025-11-13 17:30:40,532 [Worker-52: Launching gimalProject (5)] INFO  o.eclipse.m2e.core.internal.Bundles - 	Entry: C:\eclipse workspace\eclipse\plugins\org.eclipse.m2e.maven.runtime_3.9.700.20240602-2313\jars\maven-resolver-connector-basic-1.9.20.jar
2025-11-13 17:30:40,532 [Worker-52: Launching gimalProject (5)] INFO  o.eclipse.m2e.core.internal.Bundles - 	Entry: C:\eclipse workspace\eclipse\plugins\org.eclipse.m2e.maven.runtime_3.9.700.20240602-2313\jars\maven-resolver-impl-1.9.20.jar
2025-11-13 17:30:40,532 [Worker-52: Launching gimalProject (5)] INFO  o.eclipse.m2e.core.internal.Bundles - 	Entry: C:\eclipse workspace\eclipse\plugins\org.eclipse.m2e.maven.runtime_3.9.700.20240602-2313\jars\maven-resolver-named-locks-1.9.20.jar
2025-11-13 17:30:40,532 [Worker-52: Launching gimalProject (5)] INFO  o.eclipse.m2e.core.internal.Bundles - 	Entry: C:\eclipse workspace\eclipse\plugins\org.eclipse.m2e.maven.runtime_3.9.700.20240602-2313\jars\maven-resolver-provider-3.9.7.jar
2025-11-13 17:30:40,532 [Worker-52: Launching gimalProject (5)] INFO  o.eclipse.m2e.core.internal.Bundles - 	Entry: C:\eclipse workspace\eclipse\plugins\org.eclipse.m2e.maven.runtime_3.9.700.20240602-2313\jars\maven-resolver-spi-1.9.20.jar
2025-11-13 17:30:40,533 [Worker-52: Launching gimalProject (5)] INFO  o.eclipse.m2e.core.internal.Bundles - 	Entry: C:\eclipse workspace\eclipse\plugins\org.eclipse.m2e.maven.runtime_3.9.700.20240602-2313\jars\maven-resolver-transport-file-1.9.20.jar
2025-11-13 17:30:40,533 [Worker-52: Launching gimalProject (5)] INFO  o.eclipse.m2e.core.internal.Bundles - 	Entry: C:\eclipse workspace\eclipse\plugins\org.eclipse.m2e.maven.runtime_3.9.700.20240602-2313\jars\maven-resolver-transport-http-1.9.20.jar
2025-11-13 17:30:40,533 [Worker-52: Launching gimalProject (5)] INFO  o.eclipse.m2e.core.internal.Bundles - 	Entry: C:\eclipse workspace\eclipse\plugins\org.eclipse.m2e.maven.runtime_3.9.700.20240602-2313\jars\maven-resolver-transport-wagon-1.9.20.jar
2025-11-13 17:30:40,533 [Worker-52: Launching gimalProject (5)] INFO  o.eclipse.m2e.core.internal.Bundles - 	Entry: C:\eclipse workspace\eclipse\plugins\org.eclipse.m2e.maven.runtime_3.9.700.20240602-2313\jars\maven-resolver-util-1.9.20.jar
2025-11-13 17:30:40,533 [Worker-52: Launching gimalProject (5)] INFO  o.eclipse.m2e.core.internal.Bundles - 	Entry: C:\eclipse workspace\eclipse\plugins\org.eclipse.m2e.maven.runtime_3.9.700.20240602-2313\jars\maven-settings-3.9.7.jar
2025-11-13 17:30:40,534 [Worker-52: Launching gimalProject (5)] INFO  o.eclipse.m2e.core.internal.Bundles - 	Entry: C:\eclipse workspace\eclipse\plugins\org.eclipse.m2e.maven.runtime_3.9.700.20240602-2313\jars\maven-settings-builder-3.9.7.jar
2025-11-13 17:30:40,534 [Worker-52: Launching gimalProject (5)] INFO  o.eclipse.m2e.core.internal.Bundles - 	Entry: C:\eclipse workspace\eclipse\plugins\org.eclipse.m2e.maven.runtime_3.9.700.20240602-2313\jars\maven-shared-utils-3.4.2.jar
2025-11-13 17:30:40,534 [Worker-52: Launching gimalProject (5)] INFO  o.eclipse.m2e.core.internal.Bundles - 	Entry: C:\eclipse workspace\eclipse\plugins\org.eclipse.m2e.maven.runtime_3.9.700.20240602-2313\jars\org.eclipse.sisu.inject-0.9.0.M2.jar
2025-11-13 17:30:40,534 [Worker-52: Launching gimalProject (5)] INFO  o.eclipse.m2e.core.internal.Bundles - 	Entry: C:\eclipse workspace\eclipse\plugins\org.eclipse.m2e.maven.runtime_3.9.700.20240602-2313\jars\org.eclipse.sisu.plexus-0.9.0.M2.jar
2025-11-13 17:30:40,534 [Worker-52: Launching gimalProject (5)] INFO  o.eclipse.m2e.core.internal.Bundles - 	Entry: C:\eclipse workspace\eclipse\plugins\org.eclipse.m2e.maven.runtime_3.9.700.20240602-2313\jars\plexus-build-api-0.0.7.jar
2025-11-13 17:30:40,534 [Worker-52: Launching gimalProject (5)] INFO  o.eclipse.m2e.core.internal.Bundles - 	Entry: C:\eclipse workspace\eclipse\plugins\org.eclipse.m2e.maven.runtime_3.9.700.20240602-2313\jars\plexus-build-api-1.2.0.jar
2025-11-13 17:30:40,535 [Worker-52: Launching gimalProject (5)] INFO  o.eclipse.m2e.core.internal.Bundles - 	Entry: C:\eclipse workspace\eclipse\plugins\org.eclipse.m2e.maven.runtime_3.9.700.20240602-2313\jars\plexus-cipher-2.0.jar
2025-11-13 17:30:40,535 [Worker-52: Launching gimalProject (5)] INFO  o.eclipse.m2e.core.internal.Bundles - 	Entry: C:\eclipse workspace\eclipse\plugins\org.eclipse.m2e.maven.runtime_3.9.700.20240602-2313\jars\plexus-classworlds-2.8.0.jar
2025-11-13 17:30:40,535 [Worker-52: Launching gimalProject (5)] INFO  o.eclipse.m2e.core.internal.Bundles - 	Entry: C:\eclipse workspace\eclipse\plugins\org.eclipse.m2e.maven.runtime_3.9.700.20240602-2313\jars\plexus-component-annotations-2.1.0.jar
2025-11-13 17:30:40,535 [Worker-52: Launching gimalProject (5)] INFO  o.eclipse.m2e.core.internal.Bundles - 	Entry: C:\eclipse workspace\eclipse\plugins\org.eclipse.m2e.maven.runtime_3.9.700.20240602-2313\jars\plexus-interpolation-1.27.jar
2025-11-13 17:30:40,536 [Worker-52: Launching gimalProject (5)] INFO  o.eclipse.m2e.core.internal.Bundles - 	Entry: C:\eclipse workspace\eclipse\plugins\org.eclipse.m2e.maven.runtime_3.9.700.20240602-2313\jars\plexus-sec-dispatcher-2.0.jar
2025-11-13 17:30:40,536 [Worker-52: Launching gimalProject (5)] INFO  o.eclipse.m2e.core.internal.Bundles - 	Entry: C:\eclipse workspace\eclipse\plugins\org.eclipse.m2e.maven.runtime_3.9.700.20240602-2313\jars\plexus-utils-3.5.1.jar
2025-11-13 17:30:40,536 [Worker-52: Launching gimalProject (5)] INFO  o.eclipse.m2e.core.internal.Bundles - 	Entry: C:\eclipse workspace\eclipse\plugins\org.eclipse.m2e.maven.runtime_3.9.700.20240602-2313\jars\wagon-file-3.5.3.jar
2025-11-13 17:30:40,537 [Worker-52: Launching gimalProject (5)] INFO  o.eclipse.m2e.core.internal.Bundles - 	Entry: C:\eclipse workspace\eclipse\plugins\org.eclipse.m2e.maven.runtime_3.9.700.20240602-2313\jars\wagon-http-3.5.3.jar
2025-11-13 17:30:40,537 [Worker-52: Launching gimalProject (5)] INFO  o.eclipse.m2e.core.internal.Bundles - 	Entry: C:\eclipse workspace\eclipse\plugins\org.eclipse.m2e.maven.runtime_3.9.700.20240602-2313\jars\wagon-http-shared-3.5.3.jar
2025-11-13 17:30:40,537 [Worker-52: Launching gimalProject (5)] INFO  o.eclipse.m2e.core.internal.Bundles - 	Entry: C:\eclipse workspace\eclipse\plugins\org.eclipse.m2e.maven.runtime_3.9.700.20240602-2313\jars\wagon-provider-api-3.5.3.jar
2025-11-13 17:30:40,537 [Worker-52: Launching gimalProject (5)] INFO  o.eclipse.m2e.core.internal.Bundles - getClasspathEntries(Bundle=com.google.guava_33.2.0.jre [16])
2025-11-13 17:30:40,538 [Worker-52: Launching gimalProject (5)] INFO  o.eclipse.m2e.core.internal.Bundles - 	Entry: C:\eclipse workspace\eclipse\plugins\com.google.guava_33.2.0.jre.jar
2025-11-13 17:30:40,538 [Worker-52: Launching gimalProject (5)] INFO  o.eclipse.m2e.core.internal.Bundles - getClasspathEntries(Bundle=slf4j.api_2.0.13 [1010])
2025-11-13 17:30:40,538 [Worker-52: Launching gimalProject (5)] INFO  o.eclipse.m2e.core.internal.Bundles - 	Entry: C:\eclipse workspace\eclipse\plugins\slf4j.api_2.0.13.jar
2025-11-13 17:30:40,538 [Worker-52: Launching gimalProject (5)] INFO  o.eclipse.m2e.core.internal.Bundles - getClasspathEntries(Bundle=jakarta.inject.jakarta.inject-api_1.0.5 [33])
2025-11-13 17:30:40,539 [Worker-52: Launching gimalProject (5)] INFO  o.eclipse.m2e.core.internal.Bundles - 	Entry: C:\eclipse workspace\eclipse\plugins\jakarta.inject.jakarta.inject-api_1.0.5.jar
2025-11-13 17:30:40,539 [Worker-52: Launching gimalProject (5)] INFO  o.eclipse.m2e.core.internal.Bundles - getClasspathEntries(Bundle=javax.annotation_1.3.5.v20200909-1856 [44])
2025-11-13 17:30:40,539 [Worker-52: Launching gimalProject (5)] INFO  o.eclipse.m2e.core.internal.Bundles - 	Entry: C:\eclipse workspace\eclipse\plugins\javax.annotation_1.3.5.v20200909-1856.jar
2025-11-13 17:30:40,539 [Worker-52: Launching gimalProject (5)] INFO  o.eclipse.m2e.core.internal.Bundles - getClasspathEntries(Bundle=org.apache.commons.cli_1.8.0 [78])
2025-11-13 17:30:40,541 [Worker-52: Launching gimalProject (5)] INFO  o.eclipse.m2e.core.internal.Bundles - 	Entry: C:\eclipse workspace\eclipse\plugins\org.apache.commons.cli_1.8.0.jar
2025-11-13 17:30:40,541 [Worker-52: Launching gimalProject (5)] INFO  o.eclipse.m2e.core.internal.Bundles - getClasspathEntries(Bundle=org.apache.commons.commons-codec_1.16.0 [81])
2025-11-13 17:30:40,542 [Worker-52: Launching gimalProject (5)] INFO  o.eclipse.m2e.core.internal.Bundles - 	Entry: C:\eclipse workspace\eclipse\plugins\org.apache.commons.commons-codec_1.16.0.jar
2025-11-13 17:30:40,542 [Worker-52: Launching gimalProject (5)] INFO  o.eclipse.m2e.core.internal.Bundles - getClasspathEntries(Bundle=org.apache.commons.lang3_3.14.0 [89])
2025-11-13 17:30:40,542 [Worker-52: Launching gimalProject (5)] INFO  o.eclipse.m2e.core.internal.Bundles - 	Entry: C:\eclipse workspace\eclipse\plugins\org.apache.commons.lang3_3.14.0.jar
2025-11-13 17:30:40,543 [Worker-52: Launching gimalProject (5)] INFO  o.eclipse.m2e.core.internal.Bundles - getClasspathEntries(Bundle=com.google.guava.failureaccess_1.0.2 [17])
2025-11-13 17:30:40,543 [Worker-52: Launching gimalProject (5)] INFO  o.eclipse.m2e.core.internal.Bundles - 	Entry: C:\eclipse workspace\eclipse\plugins\com.google.guava.failureaccess_1.0.2.jar
2025-11-13 17:30:40,547 [Worker-52: Launching gimalProject (5)] INFO  o.e.m.i.launch.MavenLaunchDelegate - Run build in "C:\Users\Public\gimalProject\gimalProject":
2025-11-13 17:30:40,547 [Worker-52: Launching gimalProject (5)] INFO  o.e.m.i.launch.MavenLaunchDelegate -  mvn  -B -Dstyle.color=always clean install
2025-11-13 17:30:41,072 [Worker-48: Building] INFO  o.e.m.c.i.l.LifecycleMappingFactory - Using org.maven.ide.eclipse.wtp.WarLifecycleMapping lifecycle mapping for MavenProject: gimalProject:gimalProject:0.0.1-SNAPSHOT @ C:\Users\Public\gimalProject\gimalProject\pom.xml.
2025-11-13 17:30:41,118 [Worker-48: Building] WARN  o.e.m.c.i.embedder.EclipseLogger - The POM for mysql:mysql-connector-j:jar:8.0.33 is missing, no dependency information available
2025-11-13 17:30:42,855 [Worker-48: Building] INFO  o.a.m.s.f.DefaultMavenResourcesFiltering - Copying 0 resource from src\main\resources to target\classes
2025-11-13 17:30:42,859 [Worker-48: Building] INFO  o.a.m.s.f.DefaultMavenResourcesFiltering - skip non existing resourceDirectory C:\Users\Public\gimalProject\gimalProject\src\test\resources
2025-11-13 17:30:42,859 [Worker-48: Building] INFO  o.e.m.w.i.f.ResourceFilteringBuildParticipant - Changed resources require a complete clean of filtered resources of gimalProject
2025-11-13 17:30:42,859 [Worker-48: Building] INFO  o.e.m.w.i.f.ResourceFilteringBuildParticipant - Executing resource filtering for gimalProject
2025-11-13 17:30:43,807 [Worker-56: Download sources and javadoc] INFO  o.e.m.c.i.e.AbstractTransferListenerAdapter - Downloading https://repo.maven.apache.org/maven2/io/jsonwebtoken/jjwt-api/0.11.5/jjwt-api-0.11.5-sources.jar
2025-11-13 17:30:43,902 [Worker-56: Download sources and javadoc] INFO  o.e.m.c.i.e.AbstractTransferListenerAdapter - Downloaded https://repo.maven.apache.org/maven2/io/jsonwebtoken/jjwt-api/0.11.5/jjwt-api-0.11.5-sources.jar
2025-11-13 17:30:43,908 [Worker-56: Download sources and javadoc] INFO  o.e.m.j.internal.DownloadSourcesJob - Downloaded sources for io.jsonwebtoken:jjwt-api:0.11.5
2025-11-13 17:30:44,014 [Worker-56: Download sources and javadoc] INFO  o.e.m.c.i.e.AbstractTransferListenerAdapter - Downloading https://repo.maven.apache.org/maven2/io/jsonwebtoken/jjwt-impl/0.11.5/jjwt-impl-0.11.5-sources.jar
2025-11-13 17:30:44,053 [Worker-56: Download sources and javadoc] INFO  o.e.m.c.i.e.AbstractTransferListenerAdapter - Downloaded https://repo.maven.apache.org/maven2/io/jsonwebtoken/jjwt-impl/0.11.5/jjwt-impl-0.11.5-sources.jar
2025-11-13 17:30:44,059 [Worker-56: Download sources and javadoc] INFO  o.e.m.j.internal.DownloadSourcesJob - Downloaded sources for io.jsonwebtoken:jjwt-impl:0.11.5
2025-11-13 17:30:44,223 [Worker-56: Download sources and javadoc] INFO  o.e.m.c.i.e.AbstractTransferListenerAdapter - Downloading https://repo.maven.apache.org/maven2/io/jsonwebtoken/jjwt-jackson/0.11.5/jjwt-jackson-0.11.5-sources.jar
2025-11-13 17:30:44,302 [Worker-56: Download sources and javadoc] INFO  o.e.m.c.i.e.AbstractTransferListenerAdapter - Downloaded https://repo.maven.apache.org/maven2/io/jsonwebtoken/jjwt-jackson/0.11.5/jjwt-jackson-0.11.5-sources.jar
2025-11-13 17:30:44,307 [Worker-56: Download sources and javadoc] INFO  o.e.m.j.internal.DownloadSourcesJob - Downloaded sources for io.jsonwebtoken:jjwt-jackson:0.11.5
2025-11-13 17:30:44,436 [Worker-56: Download sources and javadoc] INFO  o.e.m.c.i.e.AbstractTransferListenerAdapter - Downloading https://repo.maven.apache.org/maven2/com/fasterxml/jackson/core/jackson-annotations/2.15.2/jackson-annotations-2.15.2-sources.jar
2025-11-13 17:30:44,516 [Worker-56: Download sources and javadoc] INFO  o.e.m.c.i.e.AbstractTransferListenerAdapter - Downloaded https://repo.maven.apache.org/maven2/com/fasterxml/jackson/core/jackson-annotations/2.15.2/jackson-annotations-2.15.2-sources.jar
2025-11-13 17:30:44,523 [Worker-56: Download sources and javadoc] INFO  o.e.m.j.internal.DownloadSourcesJob - Downloaded sources for com.fasterxml.jackson.core:jackson-annotations:2.15.2
2025-11-13 17:30:44,641 [Worker-56: Download sources and javadoc] INFO  o.e.m.c.i.e.AbstractTransferListenerAdapter - Downloading https://repo.maven.apache.org/maven2/com/fasterxml/jackson/core/jackson-core/2.15.2/jackson-core-2.15.2-sources.jar
2025-11-13 17:30:44,739 [Worker-56: Download sources and javadoc] INFO  o.e.m.c.i.e.AbstractTransferListenerAdapter - Downloaded https://repo.maven.apache.org/maven2/com/fasterxml/jackson/core/jackson-core/2.15.2/jackson-core-2.15.2-sources.jar
2025-11-13 17:30:44,745 [Worker-56: Download sources and javadoc] INFO  o.e.m.j.internal.DownloadSourcesJob - Downloaded sources for com.fasterxml.jackson.core:jackson-core:2.15.2
2025-11-13 17:30:44,850 [Worker-56: Download sources and javadoc] INFO  o.e.m.c.i.e.AbstractTransferListenerAdapter - Downloading https://repo.maven.apache.org/maven2/com/fasterxml/jackson/core/jackson-databind/2.15.2/jackson-databind-2.15.2-sources.jar
2025-11-13 17:30:44,964 [Worker-56: Download sources and javadoc] INFO  o.e.m.c.i.e.AbstractTransferListenerAdapter - Downloaded https://repo.maven.apache.org/maven2/com/fasterxml/jackson/core/jackson-databind/2.15.2/jackson-databind-2.15.2-sources.jar
2025-11-13 17:30:44,970 [Worker-56: Download sources and javadoc] INFO  o.e.m.j.internal.DownloadSourcesJob - Downloaded sources for com.fasterxml.jackson.core:jackson-databind:2.15.2
2025-11-13 17:30:45,061 [Worker-56: Download sources and javadoc] INFO  o.e.m.c.i.e.AbstractTransferListenerAdapter - Downloading https://repo.maven.apache.org/maven2/io/swagger/core/v3/swagger-jaxrs2/2.2.3/swagger-jaxrs2-2.2.3-sources.jar
2025-11-13 17:30:45,876 [Worker-56: Download sources and javadoc] INFO  o.e.m.c.i.e.AbstractTransferListenerAdapter - Downloaded https://repo.maven.apache.org/maven2/io/swagger/core/v3/swagger-jaxrs2/2.2.3/swagger-jaxrs2-2.2.3-sources.jar
2025-11-13 17:30:45,882 [Worker-56: Download sources and javadoc] INFO  o.e.m.j.internal.DownloadSourcesJob - Downloaded sources for io.swagger.core.v3:swagger-jaxrs2:2.2.3
2025-11-13 17:30:45,998 [Worker-56: Download sources and javadoc] INFO  o.e.m.c.i.e.AbstractTransferListenerAdapter - Downloading https://repo.maven.apache.org/maven2/io/swagger/core/v3/swagger-integration/2.2.3/swagger-integration-2.2.3-sources.jar
2025-11-13 17:30:46,461 [Worker-56: Download sources and javadoc] INFO  o.e.m.c.i.e.AbstractTransferListenerAdapter - Downloaded https://repo.maven.apache.org/maven2/io/swagger/core/v3/swagger-integration/2.2.3/swagger-integration-2.2.3-sources.jar
2025-11-13 17:30:46,467 [Worker-56: Download sources and javadoc] INFO  o.e.m.j.internal.DownloadSourcesJob - Downloaded sources for io.swagger.core.v3:swagger-integration:2.2.3
2025-11-13 17:30:46,625 [Worker-56: Download sources and javadoc] INFO  o.e.m.c.i.e.AbstractTransferListenerAdapter - Downloading https://repo.maven.apache.org/maven2/io/swagger/core/v3/swagger-annotations/2.2.3/swagger-annotations-2.2.3-sources.jar
2025-11-13 17:30:47,454 [Worker-56: Download sources and javadoc] INFO  o.e.m.c.i.e.AbstractTransferListenerAdapter - Downloaded https://repo.maven.apache.org/maven2/io/swagger/core/v3/swagger-annotations/2.2.3/swagger-annotations-2.2.3-sources.jar
2025-11-13 17:30:47,460 [Worker-56: Download sources and javadoc] INFO  o.e.m.j.internal.DownloadSourcesJob - Downloaded sources for io.swagger.core.v3:swagger-annotations:2.2.3
2025-11-13 17:31:10,598 [Worker-52: Building] INFO  o.e.m.c.i.l.LifecycleMappingFactory - Using org.maven.ide.eclipse.wtp.WarLifecycleMapping lifecycle mapping for MavenProject: gimalProject:gimalProject:0.0.1-SNAPSHOT @ C:\Users\Public\gimalProject\gimalProject\pom.xml.
2025-11-13 17:31:10,636 [Worker-52: Building] WARN  o.e.m.c.i.embedder.EclipseLogger - The POM for mysql:mysql-connector-j:jar:8.0.34 is missing, no dependency information available
2025-11-13 17:31:11,251 [Worker-52: Building] INFO  o.a.m.s.f.DefaultMavenResourcesFiltering - Copying 0 resource from src\main\resources to target\classes
2025-11-13 17:31:11,254 [Worker-52: Building] INFO  o.a.m.s.f.DefaultMavenResourcesFiltering - skip non existing resourceDirectory C:\Users\Public\gimalProject\gimalProject\src\test\resources
2025-11-13 17:31:11,255 [Worker-52: Building] INFO  o.e.m.w.i.f.ResourceFilteringBuildParticipant - Changed resources require a complete clean of filtered resources of gimalProject
2025-11-13 17:31:11,255 [Worker-52: Building] INFO  o.e.m.w.i.f.ResourceFilteringBuildParticipant - Executing resource filtering for gimalProject
2025-11-13 17:31:12,736 [Worker-48: Download sources and javadoc] INFO  o.e.m.c.i.e.AbstractTransferListenerAdapter - Downloaded https://repo.maven.apache.org/maven2/mysql/mysql-connector-j/8.0.34/mysql-connector-j-8.0.34-javadoc.jar
2025-11-13 17:31:12,740 [Worker-48: Download sources and javadoc] ERROR o.e.m.j.internal.DownloadSourcesJob - Could not download javadoc for mysql:mysql-connector-j:8.0.34
org.eclipse.core.runtime.CoreException: Could not resolve artifact mysql:mysql-connector-j:jar:javadoc:8.0.34
	at org.eclipse.m2e.core.internal.embedder.MavenImpl.lambda$7(MavenImpl.java:540)
	at org.eclipse.m2e.core.internal.embedder.MavenExecutionContext.executeBare(MavenExecutionContext.java:458)
	at org.eclipse.m2e.core.internal.embedder.MavenExecutionContext.execute(MavenExecutionContext.java:292)
	at org.eclipse.m2e.core.internal.embedder.MavenExecutionContext.execute(MavenExecutionContext.java:278)
	at org.eclipse.m2e.core.internal.embedder.MavenImpl.resolve(MavenImpl.java:509)
	at org.eclipse.m2e.core.internal.embedder.MavenImpl.resolve(MavenImpl.java:494)
	at org.eclipse.m2e.jdt.internal.DownloadSourcesJob.download(DownloadSourcesJob.java:308)
	at org.eclipse.m2e.jdt.internal.DownloadSourcesJob.downloadAttachments(DownloadSourcesJob.java:294)
	at org.eclipse.m2e.jdt.internal.DownloadSourcesJob.downloadMaven(DownloadSourcesJob.java:252)
	at org.eclipse.m2e.jdt.internal.DownloadSourcesJob.downloadFilesAndPopulateToUpdate(DownloadSourcesJob.java:220)
	at org.eclipse.m2e.jdt.internal.DownloadSourcesJob.lambda$0(DownloadSourcesJob.java:149)
	at org.eclipse.m2e.core.internal.embedder.MavenExecutionContext.executeBare(MavenExecutionContext.java:458)
	at org.eclipse.m2e.core.internal.embedder.MavenExecutionContext.execute(MavenExecutionContext.java:339)
	at org.eclipse.m2e.core.internal.embedder.MavenExecutionContext.execute(MavenExecutionContext.java:278)
	at org.eclipse.m2e.core.embedder.IMaven.execute(IMaven.java:300)
	at org.eclipse.m2e.jdt.internal.DownloadSourcesJob.run(DownloadSourcesJob.java:149)
	at org.eclipse.core.internal.jobs.Worker.run(Worker.java:63)
2025-11-13 17:31:13,783 [Worker-48: Building] INFO  o.e.m.c.i.l.LifecycleMappingFactory - Using org.maven.ide.eclipse.wtp.WarLifecycleMapping lifecycle mapping for MavenProject: gimalProject:gimalProject:0.0.1-SNAPSHOT @ C:\Users\Public\gimalProject\gimalProject\pom.xml.
2025-11-13 17:31:13,990 [Worker-48: Building] INFO  o.e.m.c.i.e.AbstractTransferListenerAdapter - Downloaded https://repo.maven.apache.org/maven2/mysql/mysql-connector-j/8.0.32/mysql-connector-j-8.0.32.pom
2025-11-13 17:31:13,992 [Worker-48: Building] WARN  o.e.m.c.i.embedder.EclipseLogger - The POM for mysql:mysql-connector-j:jar:8.0.32 is missing, no dependency information available
2025-11-13 17:31:14,199 [Worker-48: Building] INFO  o.e.m.c.i.e.AbstractTransferListenerAdapter - Downloaded https://repo.maven.apache.org/maven2/mysql/mysql-connector-j/8.0.32/mysql-connector-j-8.0.32.jar
2025-11-13 17:31:14,818 [Worker-48: Building] INFO  o.a.m.s.f.DefaultMavenResourcesFiltering - Copying 0 resource from src\main\resources to target\classes
2025-11-13 17:31:14,822 [Worker-48: Building] INFO  o.a.m.s.f.DefaultMavenResourcesFiltering - skip non existing resourceDirectory C:\Users\Public\gimalProject\gimalProject\src\test\resources
2025-11-13 17:31:14,822 [Worker-48: Building] INFO  o.e.m.w.i.f.ResourceFilteringBuildParticipant - Changed resources require a complete clean of filtered resources of gimalProject
2025-11-13 17:31:14,822 [Worker-48: Building] INFO  o.e.m.w.i.f.ResourceFilteringBuildParticipant - Executing resource filtering for gimalProject
2025-11-13 17:31:16,192 [Worker-53: Download sources and javadoc] INFO  o.e.m.c.i.e.AbstractTransferListenerAdapter - Downloaded https://repo.maven.apache.org/maven2/mysql/mysql-connector-j/8.0.32/mysql-connector-j-8.0.32-sources.jar
2025-11-13 17:31:16,201 [Worker-53: Download sources and javadoc] ERROR o.e.m.j.internal.DownloadSourcesJob - Could not download sources for mysql:mysql-connector-j:8.0.32
org.eclipse.core.runtime.CoreException: Could not resolve artifact mysql:mysql-connector-j:jar:sources:8.0.32
	at org.eclipse.m2e.core.internal.embedder.MavenImpl.lambda$7(MavenImpl.java:540)
	at org.eclipse.m2e.core.internal.embedder.MavenExecutionContext.executeBare(MavenExecutionContext.java:458)
	at org.eclipse.m2e.core.internal.embedder.MavenExecutionContext.execute(MavenExecutionContext.java:292)
	at org.eclipse.m2e.core.internal.embedder.MavenExecutionContext.execute(MavenExecutionContext.java:278)
	at org.eclipse.m2e.core.internal.embedder.MavenImpl.resolve(MavenImpl.java:509)
	at org.eclipse.m2e.core.internal.embedder.MavenImpl.resolve(MavenImpl.java:494)
	at org.eclipse.m2e.jdt.internal.DownloadSourcesJob.download(DownloadSourcesJob.java:308)
	at org.eclipse.m2e.jdt.internal.DownloadSourcesJob.downloadAttachments(DownloadSourcesJob.java:282)
	at org.eclipse.m2e.jdt.internal.DownloadSourcesJob.downloadMaven(DownloadSourcesJob.java:252)
	at org.eclipse.m2e.jdt.internal.DownloadSourcesJob.downloadFilesAndPopulateToUpdate(DownloadSourcesJob.java:220)
	at org.eclipse.m2e.jdt.internal.DownloadSourcesJob.lambda$0(DownloadSourcesJob.java:149)
	at org.eclipse.m2e.core.internal.embedder.MavenExecutionContext.executeBare(MavenExecutionContext.java:458)
	at org.eclipse.m2e.core.internal.embedder.MavenExecutionContext.execute(MavenExecutionContext.java:339)
	at org.eclipse.m2e.core.internal.embedder.MavenExecutionContext.execute(MavenExecutionContext.java:278)
	at org.eclipse.m2e.core.embedder.IMaven.execute(IMaven.java:300)
	at org.eclipse.m2e.jdt.internal.DownloadSourcesJob.run(DownloadSourcesJob.java:149)
	at org.eclipse.core.internal.jobs.Worker.run(Worker.java:63)
2025-11-13 17:31:48,868 [Worker-58: Building] INFO  o.e.m.c.i.l.LifecycleMappingFactory - Using org.maven.ide.eclipse.wtp.WarLifecycleMapping lifecycle mapping for MavenProject: gimalProject:gimalProject:0.0.1-SNAPSHOT @ C:\Users\Public\gimalProject\gimalProject\pom.xml.
2025-11-13 17:31:48,981 [Worker-58: Building] INFO  o.e.m.c.i.e.AbstractTransferListenerAdapter - Downloaded https://repo.maven.apache.org/maven2/mysql/mysql-connector-j/9.5.0/mysql-connector-j-9.5.0.pom
2025-11-13 17:31:48,984 [Worker-58: Building] WARN  o.e.m.c.i.embedder.EclipseLogger - The POM for mysql:mysql-connector-j:jar:9.5.0 is missing, no dependency information available
2025-11-13 17:31:49,190 [Worker-58: Building] INFO  o.e.m.c.i.e.AbstractTransferListenerAdapter - Downloaded https://repo.maven.apache.org/maven2/mysql/mysql-connector-j/9.5.0/mysql-connector-j-9.5.0.jar
2025-11-13 17:31:49,796 [Worker-58: Building] INFO  o.a.m.s.f.DefaultMavenResourcesFiltering - Copying 0 resource from src\main\resources to target\classes
2025-11-13 17:31:49,799 [Worker-58: Building] INFO  o.a.m.s.f.DefaultMavenResourcesFiltering - skip non existing resourceDirectory C:\Users\Public\gimalProject\gimalProject\src\test\resources
2025-11-13 17:31:49,799 [Worker-58: Building] INFO  o.e.m.w.i.f.ResourceFilteringBuildParticipant - Changed resources require a complete clean of filtered resources of gimalProject
2025-11-13 17:31:49,799 [Worker-58: Building] INFO  o.e.m.w.i.f.ResourceFilteringBuildParticipant - Executing resource filtering for gimalProject
2025-11-13 17:31:51,174 [Worker-58: Download sources and javadoc] INFO  o.e.m.c.i.e.AbstractTransferListenerAdapter - Downloaded https://repo.maven.apache.org/maven2/mysql/mysql-connector-j/9.5.0/mysql-connector-j-9.5.0-sources.jar
2025-11-13 17:31:51,209 [Worker-58: Download sources and javadoc] ERROR o.e.m.j.internal.DownloadSourcesJob - Could not download sources for mysql:mysql-connector-j:9.5.0
org.eclipse.core.runtime.CoreException: Could not resolve artifact mysql:mysql-connector-j:jar:sources:9.5.0
	at org.eclipse.m2e.core.internal.embedder.MavenImpl.lambda$7(MavenImpl.java:540)
	at org.eclipse.m2e.core.internal.embedder.MavenExecutionContext.executeBare(MavenExecutionContext.java:458)
	at org.eclipse.m2e.core.internal.embedder.MavenExecutionContext.execute(MavenExecutionContext.java:292)
	at org.eclipse.m2e.core.internal.embedder.MavenExecutionContext.execute(MavenExecutionContext.java:278)
	at org.eclipse.m2e.core.internal.embedder.MavenImpl.resolve(MavenImpl.java:509)
	at org.eclipse.m2e.core.internal.embedder.MavenImpl.resolve(MavenImpl.java:494)
	at org.eclipse.m2e.jdt.internal.DownloadSourcesJob.download(DownloadSourcesJob.java:308)
	at org.eclipse.m2e.jdt.internal.DownloadSourcesJob.downloadAttachments(DownloadSourcesJob.java:282)
	at org.eclipse.m2e.jdt.internal.DownloadSourcesJob.downloadMaven(DownloadSourcesJob.java:252)
	at org.eclipse.m2e.jdt.internal.DownloadSourcesJob.downloadFilesAndPopulateToUpdate(DownloadSourcesJob.java:220)
	at org.eclipse.m2e.jdt.internal.DownloadSourcesJob.lambda$0(DownloadSourcesJob.java:149)
	at org.eclipse.m2e.core.internal.embedder.MavenExecutionContext.executeBare(MavenExecutionContext.java:458)
	at org.eclipse.m2e.core.internal.embedder.MavenExecutionContext.execute(MavenExecutionContext.java:339)
	at org.eclipse.m2e.core.internal.embedder.MavenExecutionContext.execute(MavenExecutionContext.java:278)
	at org.eclipse.m2e.core.embedder.IMaven.execute(IMaven.java:300)
	at org.eclipse.m2e.jdt.internal.DownloadSourcesJob.run(DownloadSourcesJob.java:149)
	at org.eclipse.core.internal.jobs.Worker.run(Worker.java:63)
2025-11-13 17:31:57,859 [main] INFO  o.e.m2e.actions.ExecutePomAction - Creating new launch configuration
2025-11-13 17:32:01,981 [Worker-58: Launching gimalProject (6)] INFO  o.eclipse.m2e.core.internal.Bundles - getClasspathEntries(Bundle=org.eclipse.m2e.maven.runtime_3.9.700.20240602-2313 [645])
2025-11-13 17:32:01,982 [Worker-58: Launching gimalProject (6)] INFO  o.eclipse.m2e.core.internal.Bundles - 	Entry: C:\eclipse workspace\eclipse\plugins\org.eclipse.m2e.maven.runtime_3.9.700.20240602-2313
2025-11-13 17:32:01,983 [Worker-58: Launching gimalProject (6)] INFO  o.eclipse.m2e.core.internal.Bundles - 	Entry: C:\eclipse workspace\eclipse\plugins\org.eclipse.m2e.maven.runtime_3.9.700.20240602-2313\jars\aopalliance-1.0.jar
2025-11-13 17:32:01,983 [Worker-58: Launching gimalProject (6)] INFO  o.eclipse.m2e.core.internal.Bundles - 	Entry: C:\eclipse workspace\eclipse\plugins\org.eclipse.m2e.maven.runtime_3.9.700.20240602-2313\jars\guice-5.1.0.jar
2025-11-13 17:32:01,983 [Worker-58: Launching gimalProject (6)] INFO  o.eclipse.m2e.core.internal.Bundles - 	Entry: C:\eclipse workspace\eclipse\plugins\org.eclipse.m2e.maven.runtime_3.9.700.20240602-2313\jars\httpclient-4.5.14.jar
2025-11-13 17:32:01,984 [Worker-58: Launching gimalProject (6)] INFO  o.eclipse.m2e.core.internal.Bundles - 	Entry: C:\eclipse workspace\eclipse\plugins\org.eclipse.m2e.maven.runtime_3.9.700.20240602-2313\jars\httpcore-4.4.16.jar
2025-11-13 17:32:01,984 [Worker-58: Launching gimalProject (6)] INFO  o.eclipse.m2e.core.internal.Bundles - 	Entry: C:\eclipse workspace\eclipse\plugins\org.eclipse.m2e.maven.runtime_3.9.700.20240602-2313\jars\jansi-2.4.1.jar
2025-11-13 17:32:01,984 [Worker-58: Launching gimalProject (6)] INFO  o.eclipse.m2e.core.internal.Bundles - 	Entry: C:\eclipse workspace\eclipse\plugins\org.eclipse.m2e.maven.runtime_3.9.700.20240602-2313\jars\jcl-over-slf4j-1.7.36.jar
2025-11-13 17:32:01,984 [Worker-58: Launching gimalProject (6)] INFO  o.eclipse.m2e.core.internal.Bundles - 	Entry: C:\eclipse workspace\eclipse\plugins\org.eclipse.m2e.maven.runtime_3.9.700.20240602-2313\jars\maven-artifact-3.9.7.jar
2025-11-13 17:32:01,984 [Worker-58: Launching gimalProject (6)] INFO  o.eclipse.m2e.core.internal.Bundles - 	Entry: C:\eclipse workspace\eclipse\plugins\org.eclipse.m2e.maven.runtime_3.9.700.20240602-2313\jars\maven-builder-support-3.9.7.jar
2025-11-13 17:32:01,984 [Worker-58: Launching gimalProject (6)] INFO  o.eclipse.m2e.core.internal.Bundles - 	Entry: C:\eclipse workspace\eclipse\plugins\org.eclipse.m2e.maven.runtime_3.9.700.20240602-2313\jars\maven-compat-3.9.7.jar
2025-11-13 17:32:01,984 [Worker-58: Launching gimalProject (6)] INFO  o.eclipse.m2e.core.internal.Bundles - 	Entry: C:\eclipse workspace\eclipse\plugins\org.eclipse.m2e.maven.runtime_3.9.700.20240602-2313\jars\maven-core-3.9.7.jar
2025-11-13 17:32:01,986 [Worker-58: Launching gimalProject (6)] INFO  o.eclipse.m2e.core.internal.Bundles - 	Entry: C:\eclipse workspace\eclipse\plugins\org.eclipse.m2e.maven.runtime_3.9.700.20240602-2313\jars\maven-embedder-3.9.7.jar
2025-11-13 17:32:01,986 [Worker-58: Launching gimalProject (6)] INFO  o.eclipse.m2e.core.internal.Bundles - 	Entry: C:\eclipse workspace\eclipse\plugins\org.eclipse.m2e.maven.runtime_3.9.700.20240602-2313\jars\maven-model-3.9.7.jar
2025-11-13 17:32:01,986 [Worker-58: Launching gimalProject (6)] INFO  o.eclipse.m2e.core.internal.Bundles - 	Entry: C:\eclipse workspace\eclipse\plugins\org.eclipse.m2e.maven.runtime_3.9.700.20240602-2313\jars\maven-model-builder-3.9.7.jar
2025-11-13 17:32:01,986 [Worker-58: Launching gimalProject (6)] INFO  o.eclipse.m2e.core.internal.Bundles - 	Entry: C:\eclipse workspace\eclipse\plugins\org.eclipse.m2e.maven.runtime_3.9.700.20240602-2313\jars\maven-plugin-api-3.9.7.jar
2025-11-13 17:32:01,986 [Worker-58: Launching gimalProject (6)] INFO  o.eclipse.m2e.core.internal.Bundles - 	Entry: C:\eclipse workspace\eclipse\plugins\org.eclipse.m2e.maven.runtime_3.9.700.20240602-2313\jars\maven-repository-metadata-3.9.7.jar
2025-11-13 17:32:01,987 [Worker-58: Launching gimalProject (6)] INFO  o.eclipse.m2e.core.internal.Bundles - 	Entry: C:\eclipse workspace\eclipse\plugins\org.eclipse.m2e.maven.runtime_3.9.700.20240602-2313\jars\maven-resolver-api-1.9.20.jar
2025-11-13 17:32:01,987 [Worker-58: Launching gimalProject (6)] INFO  o.eclipse.m2e.core.internal.Bundles - 	Entry: C:\eclipse workspace\eclipse\plugins\org.eclipse.m2e.maven.runtime_3.9.700.20240602-2313\jars\maven-resolver-connector-basic-1.9.20.jar
2025-11-13 17:32:01,987 [Worker-58: Launching gimalProject (6)] INFO  o.eclipse.m2e.core.internal.Bundles - 	Entry: C:\eclipse workspace\eclipse\plugins\org.eclipse.m2e.maven.runtime_3.9.700.20240602-2313\jars\maven-resolver-impl-1.9.20.jar
2025-11-13 17:32:01,987 [Worker-58: Launching gimalProject (6)] INFO  o.eclipse.m2e.core.internal.Bundles - 	Entry: C:\eclipse workspace\eclipse\plugins\org.eclipse.m2e.maven.runtime_3.9.700.20240602-2313\jars\maven-resolver-named-locks-1.9.20.jar
2025-11-13 17:32:01,987 [Worker-58: Launching gimalProject (6)] INFO  o.eclipse.m2e.core.internal.Bundles - 	Entry: C:\eclipse workspace\eclipse\plugins\org.eclipse.m2e.maven.runtime_3.9.700.20240602-2313\jars\maven-resolver-provider-3.9.7.jar
2025-11-13 17:32:01,988 [Worker-58: Launching gimalProject (6)] INFO  o.eclipse.m2e.core.internal.Bundles - 	Entry: C:\eclipse workspace\eclipse\plugins\org.eclipse.m2e.maven.runtime_3.9.700.20240602-2313\jars\maven-resolver-spi-1.9.20.jar
2025-11-13 17:32:01,988 [Worker-58: Launching gimalProject (6)] INFO  o.eclipse.m2e.core.internal.Bundles - 	Entry: C:\eclipse workspace\eclipse\plugins\org.eclipse.m2e.maven.runtime_3.9.700.20240602-2313\jars\maven-resolver-transport-file-1.9.20.jar
2025-11-13 17:32:01,988 [Worker-58: Launching gimalProject (6)] INFO  o.eclipse.m2e.core.internal.Bundles - 	Entry: C:\eclipse workspace\eclipse\plugins\org.eclipse.m2e.maven.runtime_3.9.700.20240602-2313\jars\maven-resolver-transport-http-1.9.20.jar
2025-11-13 17:32:01,988 [Worker-58: Launching gimalProject (6)] INFO  o.eclipse.m2e.core.internal.Bundles - 	Entry: C:\eclipse workspace\eclipse\plugins\org.eclipse.m2e.maven.runtime_3.9.700.20240602-2313\jars\maven-resolver-transport-wagon-1.9.20.jar
2025-11-13 17:32:01,988 [Worker-58: Launching gimalProject (6)] INFO  o.eclipse.m2e.core.internal.Bundles - 	Entry: C:\eclipse workspace\eclipse\plugins\org.eclipse.m2e.maven.runtime_3.9.700.20240602-2313\jars\maven-resolver-util-1.9.20.jar
2025-11-13 17:32:01,988 [Worker-58: Launching gimalProject (6)] INFO  o.eclipse.m2e.core.internal.Bundles - 	Entry: C:\eclipse workspace\eclipse\plugins\org.eclipse.m2e.maven.runtime_3.9.700.20240602-2313\jars\maven-settings-3.9.7.jar
2025-11-13 17:32:01,989 [Worker-58: Launching gimalProject (6)] INFO  o.eclipse.m2e.core.internal.Bundles - 	Entry: C:\eclipse workspace\eclipse\plugins\org.eclipse.m2e.maven.runtime_3.9.700.20240602-2313\jars\maven-settings-builder-3.9.7.jar
2025-11-13 17:32:01,989 [Worker-58: Launching gimalProject (6)] INFO  o.eclipse.m2e.core.internal.Bundles - 	Entry: C:\eclipse workspace\eclipse\plugins\org.eclipse.m2e.maven.runtime_3.9.700.20240602-2313\jars\maven-shared-utils-3.4.2.jar
2025-11-13 17:32:01,989 [Worker-58: Launching gimalProject (6)] INFO  o.eclipse.m2e.core.internal.Bundles - 	Entry: C:\eclipse workspace\eclipse\plugins\org.eclipse.m2e.maven.runtime_3.9.700.20240602-2313\jars\org.eclipse.sisu.inject-0.9.0.M2.jar
2025-11-13 17:32:01,989 [Worker-58: Launching gimalProject (6)] INFO  o.eclipse.m2e.core.internal.Bundles - 	Entry: C:\eclipse workspace\eclipse\plugins\org.eclipse.m2e.maven.runtime_3.9.700.20240602-2313\jars\org.eclipse.sisu.plexus-0.9.0.M2.jar
2025-11-13 17:32:01,990 [Worker-58: Launching gimalProject (6)] INFO  o.eclipse.m2e.core.internal.Bundles - 	Entry: C:\eclipse workspace\eclipse\plugins\org.eclipse.m2e.maven.runtime_3.9.700.20240602-2313\jars\plexus-build-api-0.0.7.jar
2025-11-13 17:32:01,990 [Worker-58: Launching gimalProject (6)] INFO  o.eclipse.m2e.core.internal.Bundles - 	Entry: C:\eclipse workspace\eclipse\plugins\org.eclipse.m2e.maven.runtime_3.9.700.20240602-2313\jars\plexus-build-api-1.2.0.jar
2025-11-13 17:32:01,990 [Worker-58: Launching gimalProject (6)] INFO  o.eclipse.m2e.core.internal.Bundles - 	Entry: C:\eclipse workspace\eclipse\plugins\org.eclipse.m2e.maven.runtime_3.9.700.20240602-2313\jars\plexus-cipher-2.0.jar
2025-11-13 17:32:01,990 [Worker-58: Launching gimalProject (6)] INFO  o.eclipse.m2e.core.internal.Bundles - 	Entry: C:\eclipse workspace\eclipse\plugins\org.eclipse.m2e.maven.runtime_3.9.700.20240602-2313\jars\plexus-classworlds-2.8.0.jar
2025-11-13 17:32:01,990 [Worker-58: Launching gimalProject (6)] INFO  o.eclipse.m2e.core.internal.Bundles - 	Entry: C:\eclipse workspace\eclipse\plugins\org.eclipse.m2e.maven.runtime_3.9.700.20240602-2313\jars\plexus-component-annotations-2.1.0.jar
2025-11-13 17:32:01,991 [Worker-58: Launching gimalProject (6)] INFO  o.eclipse.m2e.core.internal.Bundles - 	Entry: C:\eclipse workspace\eclipse\plugins\org.eclipse.m2e.maven.runtime_3.9.700.20240602-2313\jars\plexus-interpolation-1.27.jar
2025-11-13 17:32:01,991 [Worker-58: Launching gimalProject (6)] INFO  o.eclipse.m2e.core.internal.Bundles - 	Entry: C:\eclipse workspace\eclipse\plugins\org.eclipse.m2e.maven.runtime_3.9.700.20240602-2313\jars\plexus-sec-dispatcher-2.0.jar
2025-11-13 17:32:01,991 [Worker-58: Launching gimalProject (6)] INFO  o.eclipse.m2e.core.internal.Bundles - 	Entry: C:\eclipse workspace\eclipse\plugins\org.eclipse.m2e.maven.runtime_3.9.700.20240602-2313\jars\plexus-utils-3.5.1.jar
2025-11-13 17:32:01,991 [Worker-58: Launching gimalProject (6)] INFO  o.eclipse.m2e.core.internal.Bundles - 	Entry: C:\eclipse workspace\eclipse\plugins\org.eclipse.m2e.maven.runtime_3.9.700.20240602-2313\jars\wagon-file-3.5.3.jar
2025-11-13 17:32:01,991 [Worker-58: Launching gimalProject (6)] INFO  o.eclipse.m2e.core.internal.Bundles - 	Entry: C:\eclipse workspace\eclipse\plugins\org.eclipse.m2e.maven.runtime_3.9.700.20240602-2313\jars\wagon-http-3.5.3.jar
2025-11-13 17:32:01,991 [Worker-58: Launching gimalProject (6)] INFO  o.eclipse.m2e.core.internal.Bundles - 	Entry: C:\eclipse workspace\eclipse\plugins\org.eclipse.m2e.maven.runtime_3.9.700.20240602-2313\jars\wagon-http-shared-3.5.3.jar
2025-11-13 17:32:01,991 [Worker-58: Launching gimalProject (6)] INFO  o.eclipse.m2e.core.internal.Bundles - 	Entry: C:\eclipse workspace\eclipse\plugins\org.eclipse.m2e.maven.runtime_3.9.700.20240602-2313\jars\wagon-provider-api-3.5.3.jar
2025-11-13 17:32:01,992 [Worker-58: Launching gimalProject (6)] INFO  o.eclipse.m2e.core.internal.Bundles - getClasspathEntries(Bundle=com.google.guava_33.2.0.jre [16])
2025-11-13 17:32:01,993 [Worker-58: Launching gimalProject (6)] INFO  o.eclipse.m2e.core.internal.Bundles - 	Entry: C:\eclipse workspace\eclipse\plugins\com.google.guava_33.2.0.jre.jar
2025-11-13 17:32:01,993 [Worker-58: Launching gimalProject (6)] INFO  o.eclipse.m2e.core.internal.Bundles - getClasspathEntries(Bundle=slf4j.api_2.0.13 [1010])
2025-11-13 17:32:01,993 [Worker-58: Launching gimalProject (6)] INFO  o.eclipse.m2e.core.internal.Bundles - 	Entry: C:\eclipse workspace\eclipse\plugins\slf4j.api_2.0.13.jar
2025-11-13 17:32:01,993 [Worker-58: Launching gimalProject (6)] INFO  o.eclipse.m2e.core.internal.Bundles - getClasspathEntries(Bundle=jakarta.inject.jakarta.inject-api_1.0.5 [33])
2025-11-13 17:32:01,994 [Worker-58: Launching gimalProject (6)] INFO  o.eclipse.m2e.core.internal.Bundles - 	Entry: C:\eclipse workspace\eclipse\plugins\jakarta.inject.jakarta.inject-api_1.0.5.jar
2025-11-13 17:32:01,994 [Worker-58: Launching gimalProject (6)] INFO  o.eclipse.m2e.core.internal.Bundles - getClasspathEntries(Bundle=javax.annotation_1.3.5.v20200909-1856 [44])
2025-11-13 17:32:01,994 [Worker-58: Launching gimalProject (6)] INFO  o.eclipse.m2e.core.internal.Bundles - 	Entry: C:\eclipse workspace\eclipse\plugins\javax.annotation_1.3.5.v20200909-1856.jar
2025-11-13 17:32:01,994 [Worker-58: Launching gimalProject (6)] INFO  o.eclipse.m2e.core.internal.Bundles - getClasspathEntries(Bundle=org.apache.commons.cli_1.8.0 [78])
2025-11-13 17:32:01,995 [Worker-58: Launching gimalProject (6)] INFO  o.eclipse.m2e.core.internal.Bundles - 	Entry: C:\eclipse workspace\eclipse\plugins\org.apache.commons.cli_1.8.0.jar
2025-11-13 17:32:01,995 [Worker-58: Launching gimalProject (6)] INFO  o.eclipse.m2e.core.internal.Bundles - getClasspathEntries(Bundle=org.apache.commons.commons-codec_1.16.0 [81])
2025-11-13 17:32:01,995 [Worker-58: Launching gimalProject (6)] INFO  o.eclipse.m2e.core.internal.Bundles - 	Entry: C:\eclipse workspace\eclipse\plugins\org.apache.commons.commons-codec_1.16.0.jar
2025-11-13 17:32:01,995 [Worker-58: Launching gimalProject (6)] INFO  o.eclipse.m2e.core.internal.Bundles - getClasspathEntries(Bundle=org.apache.commons.lang3_3.14.0 [89])
2025-11-13 17:32:01,995 [Worker-58: Launching gimalProject (6)] INFO  o.eclipse.m2e.core.internal.Bundles - 	Entry: C:\eclipse workspace\eclipse\plugins\org.apache.commons.lang3_3.14.0.jar
2025-11-13 17:32:01,995 [Worker-58: Launching gimalProject (6)] INFO  o.eclipse.m2e.core.internal.Bundles - getClasspathEntries(Bundle=com.google.guava.failureaccess_1.0.2 [17])
2025-11-13 17:32:01,996 [Worker-58: Launching gimalProject (6)] INFO  o.eclipse.m2e.core.internal.Bundles - 	Entry: C:\eclipse workspace\eclipse\plugins\com.google.guava.failureaccess_1.0.2.jar
2025-11-13 17:32:01,999 [Worker-58: Launching gimalProject (6)] INFO  o.e.m.i.launch.MavenLaunchDelegate - Run build in "C:\Users\Public\gimalProject\gimalProject":
2025-11-13 17:32:01,999 [Worker-58: Launching gimalProject (6)] INFO  o.e.m.i.launch.MavenLaunchDelegate -  mvn  -B -Dstyle.color=always clean install
2025-11-13 17:32:59,892 [Worker-58: Building] INFO  o.e.m.c.i.l.LifecycleMappingFactory - Using org.maven.ide.eclipse.wtp.WarLifecycleMapping lifecycle mapping for MavenProject: gimalProject:gimalProject:0.0.1-SNAPSHOT @ C:\Users\Public\gimalProject\gimalProject\pom.xml.
2025-11-13 17:33:00,599 [Worker-58: Building] INFO  o.a.m.s.f.DefaultMavenResourcesFiltering - Copying 0 resource from src\main\resources to target\classes
2025-11-13 17:33:00,603 [Worker-58: Building] INFO  o.a.m.s.f.DefaultMavenResourcesFiltering - skip non existing resourceDirectory C:\Users\Public\gimalProject\gimalProject\src\test\resources
2025-11-13 17:33:00,603 [Worker-58: Building] INFO  o.e.m.w.i.f.ResourceFilteringBuildParticipant - Changed resources require a complete clean of filtered resources of gimalProject
2025-11-13 17:33:00,603 [Worker-58: Building] INFO  o.e.m.w.i.f.ResourceFilteringBuildParticipant - Executing resource filtering for gimalProject
2025-11-13 17:33:01,852 [Worker-56: Building] INFO  o.a.m.s.f.DefaultMavenResourcesFiltering - Copying 2 resources from src\main\resources to target\classes
2025-11-13 17:33:01,861 [Worker-56: Building] INFO  o.a.m.s.f.DefaultMavenResourcesFiltering - skip non existing resourceDirectory C:\Users\Public\gimalProject\gimalProject\src\test\resources
2025-11-13 17:33:09,451 [main] INFO  o.e.m2e.actions.ExecutePomAction - Creating new launch configuration
2025-11-13 17:33:14,063 [Worker-58: Launching gimalProject (7)] INFO  o.eclipse.m2e.core.internal.Bundles - getClasspathEntries(Bundle=org.eclipse.m2e.maven.runtime_3.9.700.20240602-2313 [645])
2025-11-13 17:33:14,064 [Worker-58: Launching gimalProject (7)] INFO  o.eclipse.m2e.core.internal.Bundles - 	Entry: C:\eclipse workspace\eclipse\plugins\org.eclipse.m2e.maven.runtime_3.9.700.20240602-2313
2025-11-13 17:33:14,064 [Worker-58: Launching gimalProject (7)] INFO  o.eclipse.m2e.core.internal.Bundles - 	Entry: C:\eclipse workspace\eclipse\plugins\org.eclipse.m2e.maven.runtime_3.9.700.20240602-2313\jars\aopalliance-1.0.jar
2025-11-13 17:33:14,064 [Worker-58: Launching gimalProject (7)] INFO  o.eclipse.m2e.core.internal.Bundles - 	Entry: C:\eclipse workspace\eclipse\plugins\org.eclipse.m2e.maven.runtime_3.9.700.20240602-2313\jars\guice-5.1.0.jar
2025-11-13 17:33:14,065 [Worker-58: Launching gimalProject (7)] INFO  o.eclipse.m2e.core.internal.Bundles - 	Entry: C:\eclipse workspace\eclipse\plugins\org.eclipse.m2e.maven.runtime_3.9.700.20240602-2313\jars\httpclient-4.5.14.jar
2025-11-13 17:33:14,065 [Worker-58: Launching gimalProject (7)] INFO  o.eclipse.m2e.core.internal.Bundles - 	Entry: C:\eclipse workspace\eclipse\plugins\org.eclipse.m2e.maven.runtime_3.9.700.20240602-2313\jars\httpcore-4.4.16.jar
2025-11-13 17:33:14,065 [Worker-58: Launching gimalProject (7)] INFO  o.eclipse.m2e.core.internal.Bundles - 	Entry: C:\eclipse workspace\eclipse\plugins\org.eclipse.m2e.maven.runtime_3.9.700.20240602-2313\jars\jansi-2.4.1.jar
2025-11-13 17:33:14,065 [Worker-58: Launching gimalProject (7)] INFO  o.eclipse.m2e.core.internal.Bundles - 	Entry: C:\eclipse workspace\eclipse\plugins\org.eclipse.m2e.maven.runtime_3.9.700.20240602-2313\jars\jcl-over-slf4j-1.7.36.jar
2025-11-13 17:33:14,065 [Worker-58: Launching gimalProject (7)] INFO  o.eclipse.m2e.core.internal.Bundles - 	Entry: C:\eclipse workspace\eclipse\plugins\org.eclipse.m2e.maven.runtime_3.9.700.20240602-2313\jars\maven-artifact-3.9.7.jar
2025-11-13 17:33:14,065 [Worker-58: Launching gimalProject (7)] INFO  o.eclipse.m2e.core.internal.Bundles - 	Entry: C:\eclipse workspace\eclipse\plugins\org.eclipse.m2e.maven.runtime_3.9.700.20240602-2313\jars\maven-builder-support-3.9.7.jar
2025-11-13 17:33:14,066 [Worker-58: Launching gimalProject (7)] INFO  o.eclipse.m2e.core.internal.Bundles - 	Entry: C:\eclipse workspace\eclipse\plugins\org.eclipse.m2e.maven.runtime_3.9.700.20240602-2313\jars\maven-compat-3.9.7.jar
2025-11-13 17:33:14,066 [Worker-58: Launching gimalProject (7)] INFO  o.eclipse.m2e.core.internal.Bundles - 	Entry: C:\eclipse workspace\eclipse\plugins\org.eclipse.m2e.maven.runtime_3.9.700.20240602-2313\jars\maven-core-3.9.7.jar
2025-11-13 17:33:14,066 [Worker-58: Launching gimalProject (7)] INFO  o.eclipse.m2e.core.internal.Bundles - 	Entry: C:\eclipse workspace\eclipse\plugins\org.eclipse.m2e.maven.runtime_3.9.700.20240602-2313\jars\maven-embedder-3.9.7.jar
2025-11-13 17:33:14,066 [Worker-58: Launching gimalProject (7)] INFO  o.eclipse.m2e.core.internal.Bundles - 	Entry: C:\eclipse workspace\eclipse\plugins\org.eclipse.m2e.maven.runtime_3.9.700.20240602-2313\jars\maven-model-3.9.7.jar
2025-11-13 17:33:14,066 [Worker-58: Launching gimalProject (7)] INFO  o.eclipse.m2e.core.internal.Bundles - 	Entry: C:\eclipse workspace\eclipse\plugins\org.eclipse.m2e.maven.runtime_3.9.700.20240602-2313\jars\maven-model-builder-3.9.7.jar
2025-11-13 17:33:14,066 [Worker-58: Launching gimalProject (7)] INFO  o.eclipse.m2e.core.internal.Bundles - 	Entry: C:\eclipse workspace\eclipse\plugins\org.eclipse.m2e.maven.runtime_3.9.700.20240602-2313\jars\maven-plugin-api-3.9.7.jar
2025-11-13 17:33:14,067 [Worker-58: Launching gimalProject (7)] INFO  o.eclipse.m2e.core.internal.Bundles - 	Entry: C:\eclipse workspace\eclipse\plugins\org.eclipse.m2e.maven.runtime_3.9.700.20240602-2313\jars\maven-repository-metadata-3.9.7.jar
2025-11-13 17:33:14,067 [Worker-58: Launching gimalProject (7)] INFO  o.eclipse.m2e.core.internal.Bundles - 	Entry: C:\eclipse workspace\eclipse\plugins\org.eclipse.m2e.maven.runtime_3.9.700.20240602-2313\jars\maven-resolver-api-1.9.20.jar
2025-11-13 17:33:14,067 [Worker-58: Launching gimalProject (7)] INFO  o.eclipse.m2e.core.internal.Bundles - 	Entry: C:\eclipse workspace\eclipse\plugins\org.eclipse.m2e.maven.runtime_3.9.700.20240602-2313\jars\maven-resolver-connector-basic-1.9.20.jar
2025-11-13 17:33:14,067 [Worker-58: Launching gimalProject (7)] INFO  o.eclipse.m2e.core.internal.Bundles - 	Entry: C:\eclipse workspace\eclipse\plugins\org.eclipse.m2e.maven.runtime_3.9.700.20240602-2313\jars\maven-resolver-impl-1.9.20.jar
2025-11-13 17:33:14,067 [Worker-58: Launching gimalProject (7)] INFO  o.eclipse.m2e.core.internal.Bundles - 	Entry: C:\eclipse workspace\eclipse\plugins\org.eclipse.m2e.maven.runtime_3.9.700.20240602-2313\jars\maven-resolver-named-locks-1.9.20.jar
2025-11-13 17:33:14,067 [Worker-58: Launching gimalProject (7)] INFO  o.eclipse.m2e.core.internal.Bundles - 	Entry: C:\eclipse workspace\eclipse\plugins\org.eclipse.m2e.maven.runtime_3.9.700.20240602-2313\jars\maven-resolver-provider-3.9.7.jar
2025-11-13 17:33:14,067 [Worker-58: Launching gimalProject (7)] INFO  o.eclipse.m2e.core.internal.Bundles - 	Entry: C:\eclipse workspace\eclipse\plugins\org.eclipse.m2e.maven.runtime_3.9.700.20240602-2313\jars\maven-resolver-spi-1.9.20.jar
2025-11-13 17:33:14,069 [Worker-58: Launching gimalProject (7)] INFO  o.eclipse.m2e.core.internal.Bundles - 	Entry: C:\eclipse workspace\eclipse\plugins\org.eclipse.m2e.maven.runtime_3.9.700.20240602-2313\jars\maven-resolver-transport-file-1.9.20.jar
2025-11-13 17:33:14,069 [Worker-58: Launching gimalProject (7)] INFO  o.eclipse.m2e.core.internal.Bundles - 	Entry: C:\eclipse workspace\eclipse\plugins\org.eclipse.m2e.maven.runtime_3.9.700.20240602-2313\jars\maven-resolver-transport-http-1.9.20.jar
2025-11-13 17:33:14,069 [Worker-58: Launching gimalProject (7)] INFO  o.eclipse.m2e.core.internal.Bundles - 	Entry: C:\eclipse workspace\eclipse\plugins\org.eclipse.m2e.maven.runtime_3.9.700.20240602-2313\jars\maven-resolver-transport-wagon-1.9.20.jar
2025-11-13 17:33:14,069 [Worker-58: Launching gimalProject (7)] INFO  o.eclipse.m2e.core.internal.Bundles - 	Entry: C:\eclipse workspace\eclipse\plugins\org.eclipse.m2e.maven.runtime_3.9.700.20240602-2313\jars\maven-resolver-util-1.9.20.jar
2025-11-13 17:33:14,070 [Worker-58: Launching gimalProject (7)] INFO  o.eclipse.m2e.core.internal.Bundles - 	Entry: C:\eclipse workspace\eclipse\plugins\org.eclipse.m2e.maven.runtime_3.9.700.20240602-2313\jars\maven-settings-3.9.7.jar
2025-11-13 17:33:14,070 [Worker-58: Launching gimalProject (7)] INFO  o.eclipse.m2e.core.internal.Bundles - 	Entry: C:\eclipse workspace\eclipse\plugins\org.eclipse.m2e.maven.runtime_3.9.700.20240602-2313\jars\maven-settings-builder-3.9.7.jar
2025-11-13 17:33:14,070 [Worker-58: Launching gimalProject (7)] INFO  o.eclipse.m2e.core.internal.Bundles - 	Entry: C:\eclipse workspace\eclipse\plugins\org.eclipse.m2e.maven.runtime_3.9.700.20240602-2313\jars\maven-shared-utils-3.4.2.jar
2025-11-13 17:33:14,070 [Worker-58: Launching gimalProject (7)] INFO  o.eclipse.m2e.core.internal.Bundles - 	Entry: C:\eclipse workspace\eclipse\plugins\org.eclipse.m2e.maven.runtime_3.9.700.20240602-2313\jars\org.eclipse.sisu.inject-0.9.0.M2.jar
2025-11-13 17:33:14,070 [Worker-58: Launching gimalProject (7)] INFO  o.eclipse.m2e.core.internal.Bundles - 	Entry: C:\eclipse workspace\eclipse\plugins\org.eclipse.m2e.maven.runtime_3.9.700.20240602-2313\jars\org.eclipse.sisu.plexus-0.9.0.M2.jar
2025-11-13 17:33:14,071 [Worker-58: Launching gimalProject (7)] INFO  o.eclipse.m2e.core.internal.Bundles - 	Entry: C:\eclipse workspace\eclipse\plugins\org.eclipse.m2e.maven.runtime_3.9.700.20240602-2313\jars\plexus-build-api-0.0.7.jar
2025-11-13 17:33:14,071 [Worker-58: Launching gimalProject (7)] INFO  o.eclipse.m2e.core.internal.Bundles - 	Entry: C:\eclipse workspace\eclipse\plugins\org.eclipse.m2e.maven.runtime_3.9.700.20240602-2313\jars\plexus-build-api-1.2.0.jar
2025-11-13 17:33:14,071 [Worker-58: Launching gimalProject (7)] INFO  o.eclipse.m2e.core.internal.Bundles - 	Entry: C:\eclipse workspace\eclipse\plugins\org.eclipse.m2e.maven.runtime_3.9.700.20240602-2313\jars\plexus-cipher-2.0.jar
2025-11-13 17:33:14,071 [Worker-58: Launching gimalProject (7)] INFO  o.eclipse.m2e.core.internal.Bundles - 	Entry: C:\eclipse workspace\eclipse\plugins\org.eclipse.m2e.maven.runtime_3.9.700.20240602-2313\jars\plexus-classworlds-2.8.0.jar
2025-11-13 17:33:14,071 [Worker-58: Launching gimalProject (7)] INFO  o.eclipse.m2e.core.internal.Bundles - 	Entry: C:\eclipse workspace\eclipse\plugins\org.eclipse.m2e.maven.runtime_3.9.700.20240602-2313\jars\plexus-component-annotations-2.1.0.jar
2025-11-13 17:33:14,072 [Worker-58: Launching gimalProject (7)] INFO  o.eclipse.m2e.core.internal.Bundles - 	Entry: C:\eclipse workspace\eclipse\plugins\org.eclipse.m2e.maven.runtime_3.9.700.20240602-2313\jars\plexus-interpolation-1.27.jar
2025-11-13 17:33:14,072 [Worker-58: Launching gimalProject (7)] INFO  o.eclipse.m2e.core.internal.Bundles - 	Entry: C:\eclipse workspace\eclipse\plugins\org.eclipse.m2e.maven.runtime_3.9.700.20240602-2313\jars\plexus-sec-dispatcher-2.0.jar
2025-11-13 17:33:14,072 [Worker-58: Launching gimalProject (7)] INFO  o.eclipse.m2e.core.internal.Bundles - 	Entry: C:\eclipse workspace\eclipse\plugins\org.eclipse.m2e.maven.runtime_3.9.700.20240602-2313\jars\plexus-utils-3.5.1.jar
2025-11-13 17:33:14,072 [Worker-58: Launching gimalProject (7)] INFO  o.eclipse.m2e.core.internal.Bundles - 	Entry: C:\eclipse workspace\eclipse\plugins\org.eclipse.m2e.maven.runtime_3.9.700.20240602-2313\jars\wagon-file-3.5.3.jar
2025-11-13 17:33:14,072 [Worker-58: Launching gimalProject (7)] INFO  o.eclipse.m2e.core.internal.Bundles - 	Entry: C:\eclipse workspace\eclipse\plugins\org.eclipse.m2e.maven.runtime_3.9.700.20240602-2313\jars\wagon-http-3.5.3.jar
2025-11-13 17:33:14,073 [Worker-58: Launching gimalProject (7)] INFO  o.eclipse.m2e.core.internal.Bundles - 	Entry: C:\eclipse workspace\eclipse\plugins\org.eclipse.m2e.maven.runtime_3.9.700.20240602-2313\jars\wagon-http-shared-3.5.3.jar
2025-11-13 17:33:14,073 [Worker-58: Launching gimalProject (7)] INFO  o.eclipse.m2e.core.internal.Bundles - 	Entry: C:\eclipse workspace\eclipse\plugins\org.eclipse.m2e.maven.runtime_3.9.700.20240602-2313\jars\wagon-provider-api-3.5.3.jar
2025-11-13 17:33:14,073 [Worker-58: Launching gimalProject (7)] INFO  o.eclipse.m2e.core.internal.Bundles - getClasspathEntries(Bundle=com.google.guava_33.2.0.jre [16])
2025-11-13 17:33:14,074 [Worker-58: Launching gimalProject (7)] INFO  o.eclipse.m2e.core.internal.Bundles - 	Entry: C:\eclipse workspace\eclipse\plugins\com.google.guava_33.2.0.jre.jar
2025-11-13 17:33:14,074 [Worker-58: Launching gimalProject (7)] INFO  o.eclipse.m2e.core.internal.Bundles - getClasspathEntries(Bundle=slf4j.api_2.0.13 [1010])
2025-11-13 17:33:14,074 [Worker-58: Launching gimalProject (7)] INFO  o.eclipse.m2e.core.internal.Bundles - 	Entry: C:\eclipse workspace\eclipse\plugins\slf4j.api_2.0.13.jar
2025-11-13 17:33:14,074 [Worker-58: Launching gimalProject (7)] INFO  o.eclipse.m2e.core.internal.Bundles - getClasspathEntries(Bundle=jakarta.inject.jakarta.inject-api_1.0.5 [33])
2025-11-13 17:33:14,074 [Worker-58: Launching gimalProject (7)] INFO  o.eclipse.m2e.core.internal.Bundles - 	Entry: C:\eclipse workspace\eclipse\plugins\jakarta.inject.jakarta.inject-api_1.0.5.jar
2025-11-13 17:33:14,074 [Worker-58: Launching gimalProject (7)] INFO  o.eclipse.m2e.core.internal.Bundles - getClasspathEntries(Bundle=javax.annotation_1.3.5.v20200909-1856 [44])
2025-11-13 17:33:14,075 [Worker-58: Launching gimalProject (7)] INFO  o.eclipse.m2e.core.internal.Bundles - 	Entry: C:\eclipse workspace\eclipse\plugins\javax.annotation_1.3.5.v20200909-1856.jar
2025-11-13 17:33:14,075 [Worker-58: Launching gimalProject (7)] INFO  o.eclipse.m2e.core.internal.Bundles - getClasspathEntries(Bundle=org.apache.commons.cli_1.8.0 [78])
2025-11-13 17:33:14,075 [Worker-58: Launching gimalProject (7)] INFO  o.eclipse.m2e.core.internal.Bundles - 	Entry: C:\eclipse workspace\eclipse\plugins\org.apache.commons.cli_1.8.0.jar
2025-11-13 17:33:14,075 [Worker-58: Launching gimalProject (7)] INFO  o.eclipse.m2e.core.internal.Bundles - getClasspathEntries(Bundle=org.apache.commons.commons-codec_1.16.0 [81])
2025-11-13 17:33:14,075 [Worker-58: Launching gimalProject (7)] INFO  o.eclipse.m2e.core.internal.Bundles - 	Entry: C:\eclipse workspace\eclipse\plugins\org.apache.commons.commons-codec_1.16.0.jar
2025-11-13 17:33:14,075 [Worker-58: Launching gimalProject (7)] INFO  o.eclipse.m2e.core.internal.Bundles - getClasspathEntries(Bundle=org.apache.commons.lang3_3.14.0 [89])
2025-11-13 17:33:14,076 [Worker-58: Launching gimalProject (7)] INFO  o.eclipse.m2e.core.internal.Bundles - 	Entry: C:\eclipse workspace\eclipse\plugins\org.apache.commons.lang3_3.14.0.jar
2025-11-13 17:33:14,076 [Worker-58: Launching gimalProject (7)] INFO  o.eclipse.m2e.core.internal.Bundles - getClasspathEntries(Bundle=com.google.guava.failureaccess_1.0.2 [17])
2025-11-13 17:33:14,076 [Worker-58: Launching gimalProject (7)] INFO  o.eclipse.m2e.core.internal.Bundles - 	Entry: C:\eclipse workspace\eclipse\plugins\com.google.guava.failureaccess_1.0.2.jar
2025-11-13 17:33:14,078 [Worker-58: Launching gimalProject (7)] INFO  o.e.m.i.launch.MavenLaunchDelegate - Run build in "C:\Users\Public\gimalProject\gimalProject":
2025-11-13 17:33:14,078 [Worker-58: Launching gimalProject (7)] INFO  o.e.m.i.launch.MavenLaunchDelegate -  mvn  -B -Dstyle.color=always clean install
2025-11-13 17:33:58,326 [Worker-52: Building] INFO  o.a.m.s.f.DefaultMavenResourcesFiltering - Copying 2 resources from src\main\resources to target\classes
2025-11-13 17:33:58,331 [Worker-52: Building] INFO  o.a.m.s.f.DefaultMavenResourcesFiltering - skip non existing resourceDirectory C:\Users\Public\gimalProject\gimalProject\src\test\resources
2025-11-13 17:34:34,953 [Worker-58: Launching gimalProject (7)] INFO  o.eclipse.m2e.core.internal.Bundles - getClasspathEntries(Bundle=org.eclipse.m2e.maven.runtime_3.9.700.20240602-2313 [645])
2025-11-13 17:34:34,954 [Worker-58: Launching gimalProject (7)] INFO  o.eclipse.m2e.core.internal.Bundles - 	Entry: C:\eclipse workspace\eclipse\plugins\org.eclipse.m2e.maven.runtime_3.9.700.20240602-2313
2025-11-13 17:34:34,955 [Worker-58: Launching gimalProject (7)] INFO  o.eclipse.m2e.core.internal.Bundles - 	Entry: C:\eclipse workspace\eclipse\plugins\org.eclipse.m2e.maven.runtime_3.9.700.20240602-2313\jars\aopalliance-1.0.jar
2025-11-13 17:34:34,955 [Worker-58: Launching gimalProject (7)] INFO  o.eclipse.m2e.core.internal.Bundles - 	Entry: C:\eclipse workspace\eclipse\plugins\org.eclipse.m2e.maven.runtime_3.9.700.20240602-2313\jars\guice-5.1.0.jar
2025-11-13 17:34:34,955 [Worker-58: Launching gimalProject (7)] INFO  o.eclipse.m2e.core.internal.Bundles - 	Entry: C:\eclipse workspace\eclipse\plugins\org.eclipse.m2e.maven.runtime_3.9.700.20240602-2313\jars\httpclient-4.5.14.jar
2025-11-13 17:34:34,955 [Worker-58: Launching gimalProject (7)] INFO  o.eclipse.m2e.core.internal.Bundles - 	Entry: C:\eclipse workspace\eclipse\plugins\org.eclipse.m2e.maven.runtime_3.9.700.20240602-2313\jars\httpcore-4.4.16.jar
2025-11-13 17:34:34,956 [Worker-58: Launching gimalProject (7)] INFO  o.eclipse.m2e.core.internal.Bundles - 	Entry: C:\eclipse workspace\eclipse\plugins\org.eclipse.m2e.maven.runtime_3.9.700.20240602-2313\jars\jansi-2.4.1.jar
2025-11-13 17:34:34,956 [Worker-58: Launching gimalProject (7)] INFO  o.eclipse.m2e.core.internal.Bundles - 	Entry: C:\eclipse workspace\eclipse\plugins\org.eclipse.m2e.maven.runtime_3.9.700.20240602-2313\jars\jcl-over-slf4j-1.7.36.jar
2025-11-13 17:34:34,956 [Worker-58: Launching gimalProject (7)] INFO  o.eclipse.m2e.core.internal.Bundles - 	Entry: C:\eclipse workspace\eclipse\plugins\org.eclipse.m2e.maven.runtime_3.9.700.20240602-2313\jars\maven-artifact-3.9.7.jar
2025-11-13 17:34:34,956 [Worker-58: Launching gimalProject (7)] INFO  o.eclipse.m2e.core.internal.Bundles - 	Entry: C:\eclipse workspace\eclipse\plugins\org.eclipse.m2e.maven.runtime_3.9.700.20240602-2313\jars\maven-builder-support-3.9.7.jar
2025-11-13 17:34:34,958 [Worker-58: Launching gimalProject (7)] INFO  o.eclipse.m2e.core.internal.Bundles - 	Entry: C:\eclipse workspace\eclipse\plugins\org.eclipse.m2e.maven.runtime_3.9.700.20240602-2313\jars\maven-compat-3.9.7.jar
2025-11-13 17:34:34,958 [Worker-58: Launching gimalProject (7)] INFO  o.eclipse.m2e.core.internal.Bundles - 	Entry: C:\eclipse workspace\eclipse\plugins\org.eclipse.m2e.maven.runtime_3.9.700.20240602-2313\jars\maven-core-3.9.7.jar
2025-11-13 17:34:34,958 [Worker-58: Launching gimalProject (7)] INFO  o.eclipse.m2e.core.internal.Bundles - 	Entry: C:\eclipse workspace\eclipse\plugins\org.eclipse.m2e.maven.runtime_3.9.700.20240602-2313\jars\maven-embedder-3.9.7.jar
2025-11-13 17:34:34,958 [Worker-58: Launching gimalProject (7)] INFO  o.eclipse.m2e.core.internal.Bundles - 	Entry: C:\eclipse workspace\eclipse\plugins\org.eclipse.m2e.maven.runtime_3.9.700.20240602-2313\jars\maven-model-3.9.7.jar
2025-11-13 17:34:34,958 [Worker-58: Launching gimalProject (7)] INFO  o.eclipse.m2e.core.internal.Bundles - 	Entry: C:\eclipse workspace\eclipse\plugins\org.eclipse.m2e.maven.runtime_3.9.700.20240602-2313\jars\maven-model-builder-3.9.7.jar
2025-11-13 17:34:34,958 [Worker-58: Launching gimalProject (7)] INFO  o.eclipse.m2e.core.internal.Bundles - 	Entry: C:\eclipse workspace\eclipse\plugins\org.eclipse.m2e.maven.runtime_3.9.700.20240602-2313\jars\maven-plugin-api-3.9.7.jar
2025-11-13 17:34:34,959 [Worker-58: Launching gimalProject (7)] INFO  o.eclipse.m2e.core.internal.Bundles - 	Entry: C:\eclipse workspace\eclipse\plugins\org.eclipse.m2e.maven.runtime_3.9.700.20240602-2313\jars\maven-repository-metadata-3.9.7.jar
2025-11-13 17:34:34,959 [Worker-58: Launching gimalProject (7)] INFO  o.eclipse.m2e.core.internal.Bundles - 	Entry: C:\eclipse workspace\eclipse\plugins\org.eclipse.m2e.maven.runtime_3.9.700.20240602-2313\jars\maven-resolver-api-1.9.20.jar
2025-11-13 17:34:34,959 [Worker-58: Launching gimalProject (7)] INFO  o.eclipse.m2e.core.internal.Bundles - 	Entry: C:\eclipse workspace\eclipse\plugins\org.eclipse.m2e.maven.runtime_3.9.700.20240602-2313\jars\maven-resolver-connector-basic-1.9.20.jar
2025-11-13 17:34:34,959 [Worker-58: Launching gimalProject (7)] INFO  o.eclipse.m2e.core.internal.Bundles - 	Entry: C:\eclipse workspace\eclipse\plugins\org.eclipse.m2e.maven.runtime_3.9.700.20240602-2313\jars\maven-resolver-impl-1.9.20.jar
2025-11-13 17:34:34,959 [Worker-58: Launching gimalProject (7)] INFO  o.eclipse.m2e.core.internal.Bundles - 	Entry: C:\eclipse workspace\eclipse\plugins\org.eclipse.m2e.maven.runtime_3.9.700.20240602-2313\jars\maven-resolver-named-locks-1.9.20.jar
2025-11-13 17:34:34,959 [Worker-58: Launching gimalProject (7)] INFO  o.eclipse.m2e.core.internal.Bundles - 	Entry: C:\eclipse workspace\eclipse\plugins\org.eclipse.m2e.maven.runtime_3.9.700.20240602-2313\jars\maven-resolver-provider-3.9.7.jar
2025-11-13 17:34:34,960 [Worker-58: Launching gimalProject (7)] INFO  o.eclipse.m2e.core.internal.Bundles - 	Entry: C:\eclipse workspace\eclipse\plugins\org.eclipse.m2e.maven.runtime_3.9.700.20240602-2313\jars\maven-resolver-spi-1.9.20.jar
2025-11-13 17:34:34,960 [Worker-58: Launching gimalProject (7)] INFO  o.eclipse.m2e.core.internal.Bundles - 	Entry: C:\eclipse workspace\eclipse\plugins\org.eclipse.m2e.maven.runtime_3.9.700.20240602-2313\jars\maven-resolver-transport-file-1.9.20.jar
2025-11-13 17:34:34,960 [Worker-58: Launching gimalProject (7)] INFO  o.eclipse.m2e.core.internal.Bundles - 	Entry: C:\eclipse workspace\eclipse\plugins\org.eclipse.m2e.maven.runtime_3.9.700.20240602-2313\jars\maven-resolver-transport-http-1.9.20.jar
2025-11-13 17:34:34,960 [Worker-58: Launching gimalProject (7)] INFO  o.eclipse.m2e.core.internal.Bundles - 	Entry: C:\eclipse workspace\eclipse\plugins\org.eclipse.m2e.maven.runtime_3.9.700.20240602-2313\jars\maven-resolver-transport-wagon-1.9.20.jar
2025-11-13 17:34:34,960 [Worker-58: Launching gimalProject (7)] INFO  o.eclipse.m2e.core.internal.Bundles - 	Entry: C:\eclipse workspace\eclipse\plugins\org.eclipse.m2e.maven.runtime_3.9.700.20240602-2313\jars\maven-resolver-util-1.9.20.jar
2025-11-13 17:34:34,961 [Worker-58: Launching gimalProject (7)] INFO  o.eclipse.m2e.core.internal.Bundles - 	Entry: C:\eclipse workspace\eclipse\plugins\org.eclipse.m2e.maven.runtime_3.9.700.20240602-2313\jars\maven-settings-3.9.7.jar
2025-11-13 17:34:34,961 [Worker-58: Launching gimalProject (7)] INFO  o.eclipse.m2e.core.internal.Bundles - 	Entry: C:\eclipse workspace\eclipse\plugins\org.eclipse.m2e.maven.runtime_3.9.700.20240602-2313\jars\maven-settings-builder-3.9.7.jar
2025-11-13 17:34:34,961 [Worker-58: Launching gimalProject (7)] INFO  o.eclipse.m2e.core.internal.Bundles - 	Entry: C:\eclipse workspace\eclipse\plugins\org.eclipse.m2e.maven.runtime_3.9.700.20240602-2313\jars\maven-shared-utils-3.4.2.jar
2025-11-13 17:34:34,961 [Worker-58: Launching gimalProject (7)] INFO  o.eclipse.m2e.core.internal.Bundles - 	Entry: C:\eclipse workspace\eclipse\plugins\org.eclipse.m2e.maven.runtime_3.9.700.20240602-2313\jars\org.eclipse.sisu.inject-0.9.0.M2.jar
2025-11-13 17:34:34,961 [Worker-58: Launching gimalProject (7)] INFO  o.eclipse.m2e.core.internal.Bundles - 	Entry: C:\eclipse workspace\eclipse\plugins\org.eclipse.m2e.maven.runtime_3.9.700.20240602-2313\jars\org.eclipse.sisu.plexus-0.9.0.M2.jar
2025-11-13 17:34:34,961 [Worker-58: Launching gimalProject (7)] INFO  o.eclipse.m2e.core.internal.Bundles - 	Entry: C:\eclipse workspace\eclipse\plugins\org.eclipse.m2e.maven.runtime_3.9.700.20240602-2313\jars\plexus-build-api-0.0.7.jar
2025-11-13 17:34:34,962 [Worker-58: Launching gimalProject (7)] INFO  o.eclipse.m2e.core.internal.Bundles - 	Entry: C:\eclipse workspace\eclipse\plugins\org.eclipse.m2e.maven.runtime_3.9.700.20240602-2313\jars\plexus-build-api-1.2.0.jar
2025-11-13 17:34:34,962 [Worker-58: Launching gimalProject (7)] INFO  o.eclipse.m2e.core.internal.Bundles - 	Entry: C:\eclipse workspace\eclipse\plugins\org.eclipse.m2e.maven.runtime_3.9.700.20240602-2313\jars\plexus-cipher-2.0.jar
2025-11-13 17:34:34,962 [Worker-58: Launching gimalProject (7)] INFO  o.eclipse.m2e.core.internal.Bundles - 	Entry: C:\eclipse workspace\eclipse\plugins\org.eclipse.m2e.maven.runtime_3.9.700.20240602-2313\jars\plexus-classworlds-2.8.0.jar
2025-11-13 17:34:34,962 [Worker-58: Launching gimalProject (7)] INFO  o.eclipse.m2e.core.internal.Bundles - 	Entry: C:\eclipse workspace\eclipse\plugins\org.eclipse.m2e.maven.runtime_3.9.700.20240602-2313\jars\plexus-component-annotations-2.1.0.jar
2025-11-13 17:34:34,962 [Worker-58: Launching gimalProject (7)] INFO  o.eclipse.m2e.core.internal.Bundles - 	Entry: C:\eclipse workspace\eclipse\plugins\org.eclipse.m2e.maven.runtime_3.9.700.20240602-2313\jars\plexus-interpolation-1.27.jar
2025-11-13 17:34:34,963 [Worker-58: Launching gimalProject (7)] INFO  o.eclipse.m2e.core.internal.Bundles - 	Entry: C:\eclipse workspace\eclipse\plugins\org.eclipse.m2e.maven.runtime_3.9.700.20240602-2313\jars\plexus-sec-dispatcher-2.0.jar
2025-11-13 17:34:34,963 [Worker-58: Launching gimalProject (7)] INFO  o.eclipse.m2e.core.internal.Bundles - 	Entry: C:\eclipse workspace\eclipse\plugins\org.eclipse.m2e.maven.runtime_3.9.700.20240602-2313\jars\plexus-utils-3.5.1.jar
2025-11-13 17:34:34,963 [Worker-58: Launching gimalProject (7)] INFO  o.eclipse.m2e.core.internal.Bundles - 	Entry: C:\eclipse workspace\eclipse\plugins\org.eclipse.m2e.maven.runtime_3.9.700.20240602-2313\jars\wagon-file-3.5.3.jar
2025-11-13 17:34:34,963 [Worker-58: Launching gimalProject (7)] INFO  o.eclipse.m2e.core.internal.Bundles - 	Entry: C:\eclipse workspace\eclipse\plugins\org.eclipse.m2e.maven.runtime_3.9.700.20240602-2313\jars\wagon-http-3.5.3.jar
2025-11-13 17:34:34,963 [Worker-58: Launching gimalProject (7)] INFO  o.eclipse.m2e.core.internal.Bundles - 	Entry: C:\eclipse workspace\eclipse\plugins\org.eclipse.m2e.maven.runtime_3.9.700.20240602-2313\jars\wagon-http-shared-3.5.3.jar
2025-11-13 17:34:34,963 [Worker-58: Launching gimalProject (7)] INFO  o.eclipse.m2e.core.internal.Bundles - 	Entry: C:\eclipse workspace\eclipse\plugins\org.eclipse.m2e.maven.runtime_3.9.700.20240602-2313\jars\wagon-provider-api-3.5.3.jar
2025-11-13 17:34:34,964 [Worker-58: Launching gimalProject (7)] INFO  o.eclipse.m2e.core.internal.Bundles - getClasspathEntries(Bundle=com.google.guava_33.2.0.jre [16])
2025-11-13 17:34:34,964 [Worker-58: Launching gimalProject (7)] INFO  o.eclipse.m2e.core.internal.Bundles - 	Entry: C:\eclipse workspace\eclipse\plugins\com.google.guava_33.2.0.jre.jar
2025-11-13 17:34:34,964 [Worker-58: Launching gimalProject (7)] INFO  o.eclipse.m2e.core.internal.Bundles - getClasspathEntries(Bundle=slf4j.api_2.0.13 [1010])
2025-11-13 17:34:34,965 [Worker-58: Launching gimalProject (7)] INFO  o.eclipse.m2e.core.internal.Bundles - 	Entry: C:\eclipse workspace\eclipse\plugins\slf4j.api_2.0.13.jar
2025-11-13 17:34:34,965 [Worker-58: Launching gimalProject (7)] INFO  o.eclipse.m2e.core.internal.Bundles - getClasspathEntries(Bundle=jakarta.inject.jakarta.inject-api_1.0.5 [33])
2025-11-13 17:34:34,965 [Worker-58: Launching gimalProject (7)] INFO  o.eclipse.m2e.core.internal.Bundles - 	Entry: C:\eclipse workspace\eclipse\plugins\jakarta.inject.jakarta.inject-api_1.0.5.jar
2025-11-13 17:34:34,965 [Worker-58: Launching gimalProject (7)] INFO  o.eclipse.m2e.core.internal.Bundles - getClasspathEntries(Bundle=javax.annotation_1.3.5.v20200909-1856 [44])
2025-11-13 17:34:34,965 [Worker-58: Launching gimalProject (7)] INFO  o.eclipse.m2e.core.internal.Bundles - 	Entry: C:\eclipse workspace\eclipse\plugins\javax.annotation_1.3.5.v20200909-1856.jar
2025-11-13 17:34:34,965 [Worker-58: Launching gimalProject (7)] INFO  o.eclipse.m2e.core.internal.Bundles - getClasspathEntries(Bundle=org.apache.commons.cli_1.8.0 [78])
2025-11-13 17:34:34,966 [Worker-58: Launching gimalProject (7)] INFO  o.eclipse.m2e.core.internal.Bundles - 	Entry: C:\eclipse workspace\eclipse\plugins\org.apache.commons.cli_1.8.0.jar
2025-11-13 17:34:34,966 [Worker-58: Launching gimalProject (7)] INFO  o.eclipse.m2e.core.internal.Bundles - getClasspathEntries(Bundle=org.apache.commons.commons-codec_1.16.0 [81])
2025-11-13 17:34:34,966 [Worker-58: Launching gimalProject (7)] INFO  o.eclipse.m2e.core.internal.Bundles - 	Entry: C:\eclipse workspace\eclipse\plugins\org.apache.commons.commons-codec_1.16.0.jar
2025-11-13 17:34:34,966 [Worker-58: Launching gimalProject (7)] INFO  o.eclipse.m2e.core.internal.Bundles - getClasspathEntries(Bundle=org.apache.commons.lang3_3.14.0 [89])
2025-11-13 17:34:34,967 [Worker-58: Launching gimalProject (7)] INFO  o.eclipse.m2e.core.internal.Bundles - 	Entry: C:\eclipse workspace\eclipse\plugins\org.apache.commons.lang3_3.14.0.jar
2025-11-13 17:34:34,967 [Worker-58: Launching gimalProject (7)] INFO  o.eclipse.m2e.core.internal.Bundles - getClasspathEntries(Bundle=com.google.guava.failureaccess_1.0.2 [17])
2025-11-13 17:34:34,967 [Worker-58: Launching gimalProject (7)] INFO  o.eclipse.m2e.core.internal.Bundles - 	Entry: C:\eclipse workspace\eclipse\plugins\com.google.guava.failureaccess_1.0.2.jar
2025-11-13 17:34:34,969 [Worker-58: Launching gimalProject (7)] INFO  o.e.m.i.launch.MavenLaunchDelegate - Run build in "C:\Users\Public\gimalProject\gimalProject":
2025-11-13 17:34:34,970 [Worker-58: Launching gimalProject (7)] INFO  o.e.m.i.launch.MavenLaunchDelegate -  mvn  -B -Dstyle.color=always clean install
2025-11-13 17:35:30,641 [Worker-55: Building] INFO  o.e.m.c.i.l.LifecycleMappingFactory - Using org.maven.ide.eclipse.wtp.WarLifecycleMapping lifecycle mapping for MavenProject: gimalProject:gimalProject:0.0.1-SNAPSHOT @ C:\Users\Public\gimalProject\gimalProject\pom.xml.
2025-11-13 17:35:30,837 [Worker-55: Building] INFO  o.e.m.c.i.e.AbstractTransferListenerAdapter - Downloading https://repo.maven.apache.org/maven2/jakarta/servlet/jakarta.servlet-api/6.0.0/jakarta.servlet-api-6.0.0.pom
2025-11-13 17:35:30,867 [Worker-55: Building] INFO  o.e.m.c.i.e.AbstractTransferListenerAdapter - Downloaded https://repo.maven.apache.org/maven2/jakarta/servlet/jakarta.servlet-api/6.0.0/jakarta.servlet-api-6.0.0.pom
2025-11-13 17:35:31,047 [Worker-55: Building] INFO  o.e.m.c.i.e.AbstractTransferListenerAdapter - Downloading https://repo.maven.apache.org/maven2/jakarta/servlet/jakarta.servlet-api/6.0.0/jakarta.servlet-api-6.0.0.jar
2025-11-13 17:35:31,120 [Worker-55: Building] INFO  o.e.m.c.i.e.AbstractTransferListenerAdapter - Downloaded https://repo.maven.apache.org/maven2/jakarta/servlet/jakarta.servlet-api/6.0.0/jakarta.servlet-api-6.0.0.jar
2025-11-13 17:35:31,443 [Worker-55: Building] INFO  o.a.m.s.f.DefaultMavenResourcesFiltering - Copying 0 resource from src\main\resources to target\classes
2025-11-13 17:35:31,445 [Worker-55: Building] INFO  o.a.m.s.f.DefaultMavenResourcesFiltering - skip non existing resourceDirectory C:\Users\Public\gimalProject\gimalProject\src\test\resources
2025-11-13 17:35:31,446 [Worker-55: Building] INFO  o.e.m.w.i.f.ResourceFilteringBuildParticipant - Changed resources require a complete clean of filtered resources of gimalProject
2025-11-13 17:35:31,446 [Worker-55: Building] INFO  o.e.m.w.i.f.ResourceFilteringBuildParticipant - Executing resource filtering for gimalProject
2025-11-13 17:35:32,422 [Worker-57: Download sources and javadoc] INFO  o.e.m.c.i.e.AbstractTransferListenerAdapter - Downloading https://repo.maven.apache.org/maven2/jakarta/servlet/jakarta.servlet-api/6.0.0/jakarta.servlet-api-6.0.0-sources.jar
2025-11-13 17:35:32,488 [Worker-57: Download sources and javadoc] INFO  o.e.m.c.i.e.AbstractTransferListenerAdapter - Downloaded https://repo.maven.apache.org/maven2/jakarta/servlet/jakarta.servlet-api/6.0.0/jakarta.servlet-api-6.0.0-sources.jar
2025-11-13 17:35:32,491 [Worker-57: Download sources and javadoc] INFO  o.e.m.j.internal.DownloadSourcesJob - Downloaded sources for jakarta.servlet:jakarta.servlet-api:6.0.0
2025-11-13 17:35:32,788 [Worker-58: Building] INFO  o.a.m.s.f.DefaultMavenResourcesFiltering - Copying 2 resources from src\main\resources to target\classes
2025-11-13 17:35:32,795 [Worker-58: Building] INFO  o.a.m.s.f.DefaultMavenResourcesFiltering - skip non existing resourceDirectory C:\Users\Public\gimalProject\gimalProject\src\test\resources
2025-11-13 17:35:39,614 [Worker-58: Launching gimalProject (7)] INFO  o.eclipse.m2e.core.internal.Bundles - getClasspathEntries(Bundle=org.eclipse.m2e.maven.runtime_3.9.700.20240602-2313 [645])
2025-11-13 17:35:39,614 [Worker-58: Launching gimalProject (7)] INFO  o.eclipse.m2e.core.internal.Bundles - 	Entry: C:\eclipse workspace\eclipse\plugins\org.eclipse.m2e.maven.runtime_3.9.700.20240602-2313
2025-11-13 17:35:39,614 [Worker-58: Launching gimalProject (7)] INFO  o.eclipse.m2e.core.internal.Bundles - 	Entry: C:\eclipse workspace\eclipse\plugins\org.eclipse.m2e.maven.runtime_3.9.700.20240602-2313\jars\aopalliance-1.0.jar
2025-11-13 17:35:39,614 [Worker-58: Launching gimalProject (7)] INFO  o.eclipse.m2e.core.internal.Bundles - 	Entry: C:\eclipse workspace\eclipse\plugins\org.eclipse.m2e.maven.runtime_3.9.700.20240602-2313\jars\guice-5.1.0.jar
2025-11-13 17:35:39,615 [Worker-58: Launching gimalProject (7)] INFO  o.eclipse.m2e.core.internal.Bundles - 	Entry: C:\eclipse workspace\eclipse\plugins\org.eclipse.m2e.maven.runtime_3.9.700.20240602-2313\jars\httpclient-4.5.14.jar
2025-11-13 17:35:39,615 [Worker-58: Launching gimalProject (7)] INFO  o.eclipse.m2e.core.internal.Bundles - 	Entry: C:\eclipse workspace\eclipse\plugins\org.eclipse.m2e.maven.runtime_3.9.700.20240602-2313\jars\httpcore-4.4.16.jar
2025-11-13 17:35:39,615 [Worker-58: Launching gimalProject (7)] INFO  o.eclipse.m2e.core.internal.Bundles - 	Entry: C:\eclipse workspace\eclipse\plugins\org.eclipse.m2e.maven.runtime_3.9.700.20240602-2313\jars\jansi-2.4.1.jar
2025-11-13 17:35:39,615 [Worker-58: Launching gimalProject (7)] INFO  o.eclipse.m2e.core.internal.Bundles - 	Entry: C:\eclipse workspace\eclipse\plugins\org.eclipse.m2e.maven.runtime_3.9.700.20240602-2313\jars\jcl-over-slf4j-1.7.36.jar
2025-11-13 17:35:39,615 [Worker-58: Launching gimalProject (7)] INFO  o.eclipse.m2e.core.internal.Bundles - 	Entry: C:\eclipse workspace\eclipse\plugins\org.eclipse.m2e.maven.runtime_3.9.700.20240602-2313\jars\maven-artifact-3.9.7.jar
2025-11-13 17:35:39,615 [Worker-58: Launching gimalProject (7)] INFO  o.eclipse.m2e.core.internal.Bundles - 	Entry: C:\eclipse workspace\eclipse\plugins\org.eclipse.m2e.maven.runtime_3.9.700.20240602-2313\jars\maven-builder-support-3.9.7.jar
2025-11-13 17:35:39,615 [Worker-58: Launching gimalProject (7)] INFO  o.eclipse.m2e.core.internal.Bundles - 	Entry: C:\eclipse workspace\eclipse\plugins\org.eclipse.m2e.maven.runtime_3.9.700.20240602-2313\jars\maven-compat-3.9.7.jar
2025-11-13 17:35:39,615 [Worker-58: Launching gimalProject (7)] INFO  o.eclipse.m2e.core.internal.Bundles - 	Entry: C:\eclipse workspace\eclipse\plugins\org.eclipse.m2e.maven.runtime_3.9.700.20240602-2313\jars\maven-core-3.9.7.jar
2025-11-13 17:35:39,615 [Worker-58: Launching gimalProject (7)] INFO  o.eclipse.m2e.core.internal.Bundles - 	Entry: C:\eclipse workspace\eclipse\plugins\org.eclipse.m2e.maven.runtime_3.9.700.20240602-2313\jars\maven-embedder-3.9.7.jar
2025-11-13 17:35:39,615 [Worker-58: Launching gimalProject (7)] INFO  o.eclipse.m2e.core.internal.Bundles - 	Entry: C:\eclipse workspace\eclipse\plugins\org.eclipse.m2e.maven.runtime_3.9.700.20240602-2313\jars\maven-model-3.9.7.jar
2025-11-13 17:35:39,616 [Worker-58: Launching gimalProject (7)] INFO  o.eclipse.m2e.core.internal.Bundles - 	Entry: C:\eclipse workspace\eclipse\plugins\org.eclipse.m2e.maven.runtime_3.9.700.20240602-2313\jars\maven-model-builder-3.9.7.jar
2025-11-13 17:35:39,616 [Worker-58: Launching gimalProject (7)] INFO  o.eclipse.m2e.core.internal.Bundles - 	Entry: C:\eclipse workspace\eclipse\plugins\org.eclipse.m2e.maven.runtime_3.9.700.20240602-2313\jars\maven-plugin-api-3.9.7.jar
2025-11-13 17:35:39,616 [Worker-58: Launching gimalProject (7)] INFO  o.eclipse.m2e.core.internal.Bundles - 	Entry: C:\eclipse workspace\eclipse\plugins\org.eclipse.m2e.maven.runtime_3.9.700.20240602-2313\jars\maven-repository-metadata-3.9.7.jar
2025-11-13 17:35:39,616 [Worker-58: Launching gimalProject (7)] INFO  o.eclipse.m2e.core.internal.Bundles - 	Entry: C:\eclipse workspace\eclipse\plugins\org.eclipse.m2e.maven.runtime_3.9.700.20240602-2313\jars\maven-resolver-api-1.9.20.jar
2025-11-13 17:35:39,616 [Worker-58: Launching gimalProject (7)] INFO  o.eclipse.m2e.core.internal.Bundles - 	Entry: C:\eclipse workspace\eclipse\plugins\org.eclipse.m2e.maven.runtime_3.9.700.20240602-2313\jars\maven-resolver-connector-basic-1.9.20.jar
2025-11-13 17:35:39,616 [Worker-58: Launching gimalProject (7)] INFO  o.eclipse.m2e.core.internal.Bundles - 	Entry: C:\eclipse workspace\eclipse\plugins\org.eclipse.m2e.maven.runtime_3.9.700.20240602-2313\jars\maven-resolver-impl-1.9.20.jar
2025-11-13 17:35:39,616 [Worker-58: Launching gimalProject (7)] INFO  o.eclipse.m2e.core.internal.Bundles - 	Entry: C:\eclipse workspace\eclipse\plugins\org.eclipse.m2e.maven.runtime_3.9.700.20240602-2313\jars\maven-resolver-named-locks-1.9.20.jar
2025-11-13 17:35:39,616 [Worker-58: Launching gimalProject (7)] INFO  o.eclipse.m2e.core.internal.Bundles - 	Entry: C:\eclipse workspace\eclipse\plugins\org.eclipse.m2e.maven.runtime_3.9.700.20240602-2313\jars\maven-resolver-provider-3.9.7.jar
2025-11-13 17:35:39,616 [Worker-58: Launching gimalProject (7)] INFO  o.eclipse.m2e.core.internal.Bundles - 	Entry: C:\eclipse workspace\eclipse\plugins\org.eclipse.m2e.maven.runtime_3.9.700.20240602-2313\jars\maven-resolver-spi-1.9.20.jar
2025-11-13 17:35:39,616 [Worker-58: Launching gimalProject (7)] INFO  o.eclipse.m2e.core.internal.Bundles - 	Entry: C:\eclipse workspace\eclipse\plugins\org.eclipse.m2e.maven.runtime_3.9.700.20240602-2313\jars\maven-resolver-transport-file-1.9.20.jar
2025-11-13 17:35:39,617 [Worker-58: Launching gimalProject (7)] INFO  o.eclipse.m2e.core.internal.Bundles - 	Entry: C:\eclipse workspace\eclipse\plugins\org.eclipse.m2e.maven.runtime_3.9.700.20240602-2313\jars\maven-resolver-transport-http-1.9.20.jar
2025-11-13 17:35:39,617 [Worker-58: Launching gimalProject (7)] INFO  o.eclipse.m2e.core.internal.Bundles - 	Entry: C:\eclipse workspace\eclipse\plugins\org.eclipse.m2e.maven.runtime_3.9.700.20240602-2313\jars\maven-resolver-transport-wagon-1.9.20.jar
2025-11-13 17:35:39,617 [Worker-58: Launching gimalProject (7)] INFO  o.eclipse.m2e.core.internal.Bundles - 	Entry: C:\eclipse workspace\eclipse\plugins\org.eclipse.m2e.maven.runtime_3.9.700.20240602-2313\jars\maven-resolver-util-1.9.20.jar
2025-11-13 17:35:39,617 [Worker-58: Launching gimalProject (7)] INFO  o.eclipse.m2e.core.internal.Bundles - 	Entry: C:\eclipse workspace\eclipse\plugins\org.eclipse.m2e.maven.runtime_3.9.700.20240602-2313\jars\maven-settings-3.9.7.jar
2025-11-13 17:35:39,617 [Worker-58: Launching gimalProject (7)] INFO  o.eclipse.m2e.core.internal.Bundles - 	Entry: C:\eclipse workspace\eclipse\plugins\org.eclipse.m2e.maven.runtime_3.9.700.20240602-2313\jars\maven-settings-builder-3.9.7.jar
2025-11-13 17:35:39,617 [Worker-58: Launching gimalProject (7)] INFO  o.eclipse.m2e.core.internal.Bundles - 	Entry: C:\eclipse workspace\eclipse\plugins\org.eclipse.m2e.maven.runtime_3.9.700.20240602-2313\jars\maven-shared-utils-3.4.2.jar
2025-11-13 17:35:39,617 [Worker-58: Launching gimalProject (7)] INFO  o.eclipse.m2e.core.internal.Bundles - 	Entry: C:\eclipse workspace\eclipse\plugins\org.eclipse.m2e.maven.runtime_3.9.700.20240602-2313\jars\org.eclipse.sisu.inject-0.9.0.M2.jar
2025-11-13 17:35:39,617 [Worker-58: Launching gimalProject (7)] INFO  o.eclipse.m2e.core.internal.Bundles - 	Entry: C:\eclipse workspace\eclipse\plugins\org.eclipse.m2e.maven.runtime_3.9.700.20240602-2313\jars\org.eclipse.sisu.plexus-0.9.0.M2.jar
2025-11-13 17:35:39,617 [Worker-58: Launching gimalProject (7)] INFO  o.eclipse.m2e.core.internal.Bundles - 	Entry: C:\eclipse workspace\eclipse\plugins\org.eclipse.m2e.maven.runtime_3.9.700.20240602-2313\jars\plexus-build-api-0.0.7.jar
2025-11-13 17:35:39,618 [Worker-58: Launching gimalProject (7)] INFO  o.eclipse.m2e.core.internal.Bundles - 	Entry: C:\eclipse workspace\eclipse\plugins\org.eclipse.m2e.maven.runtime_3.9.700.20240602-2313\jars\plexus-build-api-1.2.0.jar
2025-11-13 17:35:39,618 [Worker-58: Launching gimalProject (7)] INFO  o.eclipse.m2e.core.internal.Bundles - 	Entry: C:\eclipse workspace\eclipse\plugins\org.eclipse.m2e.maven.runtime_3.9.700.20240602-2313\jars\plexus-cipher-2.0.jar
2025-11-13 17:35:39,618 [Worker-58: Launching gimalProject (7)] INFO  o.eclipse.m2e.core.internal.Bundles - 	Entry: C:\eclipse workspace\eclipse\plugins\org.eclipse.m2e.maven.runtime_3.9.700.20240602-2313\jars\plexus-classworlds-2.8.0.jar
2025-11-13 17:35:39,618 [Worker-58: Launching gimalProject (7)] INFO  o.eclipse.m2e.core.internal.Bundles - 	Entry: C:\eclipse workspace\eclipse\plugins\org.eclipse.m2e.maven.runtime_3.9.700.20240602-2313\jars\plexus-component-annotations-2.1.0.jar
2025-11-13 17:35:39,618 [Worker-58: Launching gimalProject (7)] INFO  o.eclipse.m2e.core.internal.Bundles - 	Entry: C:\eclipse workspace\eclipse\plugins\org.eclipse.m2e.maven.runtime_3.9.700.20240602-2313\jars\plexus-interpolation-1.27.jar
2025-11-13 17:35:39,618 [Worker-58: Launching gimalProject (7)] INFO  o.eclipse.m2e.core.internal.Bundles - 	Entry: C:\eclipse workspace\eclipse\plugins\org.eclipse.m2e.maven.runtime_3.9.700.20240602-2313\jars\plexus-sec-dispatcher-2.0.jar
2025-11-13 17:35:39,618 [Worker-58: Launching gimalProject (7)] INFO  o.eclipse.m2e.core.internal.Bundles - 	Entry: C:\eclipse workspace\eclipse\plugins\org.eclipse.m2e.maven.runtime_3.9.700.20240602-2313\jars\plexus-utils-3.5.1.jar
2025-11-13 17:35:39,618 [Worker-58: Launching gimalProject (7)] INFO  o.eclipse.m2e.core.internal.Bundles - 	Entry: C:\eclipse workspace\eclipse\plugins\org.eclipse.m2e.maven.runtime_3.9.700.20240602-2313\jars\wagon-file-3.5.3.jar
2025-11-13 17:35:39,619 [Worker-58: Launching gimalProject (7)] INFO  o.eclipse.m2e.core.internal.Bundles - 	Entry: C:\eclipse workspace\eclipse\plugins\org.eclipse.m2e.maven.runtime_3.9.700.20240602-2313\jars\wagon-http-3.5.3.jar
2025-11-13 17:35:39,619 [Worker-58: Launching gimalProject (7)] INFO  o.eclipse.m2e.core.internal.Bundles - 	Entry: C:\eclipse workspace\eclipse\plugins\org.eclipse.m2e.maven.runtime_3.9.700.20240602-2313\jars\wagon-http-shared-3.5.3.jar
2025-11-13 17:35:39,619 [Worker-58: Launching gimalProject (7)] INFO  o.eclipse.m2e.core.internal.Bundles - 	Entry: C:\eclipse workspace\eclipse\plugins\org.eclipse.m2e.maven.runtime_3.9.700.20240602-2313\jars\wagon-provider-api-3.5.3.jar
2025-11-13 17:35:39,619 [Worker-58: Launching gimalProject (7)] INFO  o.eclipse.m2e.core.internal.Bundles - getClasspathEntries(Bundle=com.google.guava_33.2.0.jre [16])
2025-11-13 17:35:39,619 [Worker-58: Launching gimalProject (7)] INFO  o.eclipse.m2e.core.internal.Bundles - 	Entry: C:\eclipse workspace\eclipse\plugins\com.google.guava_33.2.0.jre.jar
2025-11-13 17:35:39,619 [Worker-58: Launching gimalProject (7)] INFO  o.eclipse.m2e.core.internal.Bundles - getClasspathEntries(Bundle=slf4j.api_2.0.13 [1010])
2025-11-13 17:35:39,620 [Worker-58: Launching gimalProject (7)] INFO  o.eclipse.m2e.core.internal.Bundles - 	Entry: C:\eclipse workspace\eclipse\plugins\slf4j.api_2.0.13.jar
2025-11-13 17:35:39,620 [Worker-58: Launching gimalProject (7)] INFO  o.eclipse.m2e.core.internal.Bundles - getClasspathEntries(Bundle=jakarta.inject.jakarta.inject-api_1.0.5 [33])
2025-11-13 17:35:39,620 [Worker-58: Launching gimalProject (7)] INFO  o.eclipse.m2e.core.internal.Bundles - 	Entry: C:\eclipse workspace\eclipse\plugins\jakarta.inject.jakarta.inject-api_1.0.5.jar
2025-11-13 17:35:39,620 [Worker-58: Launching gimalProject (7)] INFO  o.eclipse.m2e.core.internal.Bundles - getClasspathEntries(Bundle=javax.annotation_1.3.5.v20200909-1856 [44])
2025-11-13 17:35:39,620 [Worker-58: Launching gimalProject (7)] INFO  o.eclipse.m2e.core.internal.Bundles - 	Entry: C:\eclipse workspace\eclipse\plugins\javax.annotation_1.3.5.v20200909-1856.jar
2025-11-13 17:35:39,620 [Worker-58: Launching gimalProject (7)] INFO  o.eclipse.m2e.core.internal.Bundles - getClasspathEntries(Bundle=org.apache.commons.cli_1.8.0 [78])
2025-11-13 17:35:39,620 [Worker-58: Launching gimalProject (7)] INFO  o.eclipse.m2e.core.internal.Bundles - 	Entry: C:\eclipse workspace\eclipse\plugins\org.apache.commons.cli_1.8.0.jar
2025-11-13 17:35:39,620 [Worker-58: Launching gimalProject (7)] INFO  o.eclipse.m2e.core.internal.Bundles - getClasspathEntries(Bundle=org.apache.commons.commons-codec_1.16.0 [81])
2025-11-13 17:35:39,621 [Worker-58: Launching gimalProject (7)] INFO  o.eclipse.m2e.core.internal.Bundles - 	Entry: C:\eclipse workspace\eclipse\plugins\org.apache.commons.commons-codec_1.16.0.jar
2025-11-13 17:35:39,621 [Worker-58: Launching gimalProject (7)] INFO  o.eclipse.m2e.core.internal.Bundles - getClasspathEntries(Bundle=org.apache.commons.lang3_3.14.0 [89])
2025-11-13 17:35:39,621 [Worker-58: Launching gimalProject (7)] INFO  o.eclipse.m2e.core.internal.Bundles - 	Entry: C:\eclipse workspace\eclipse\plugins\org.apache.commons.lang3_3.14.0.jar
2025-11-13 17:35:39,621 [Worker-58: Launching gimalProject (7)] INFO  o.eclipse.m2e.core.internal.Bundles - getClasspathEntries(Bundle=com.google.guava.failureaccess_1.0.2 [17])
2025-11-13 17:35:39,621 [Worker-58: Launching gimalProject (7)] INFO  o.eclipse.m2e.core.internal.Bundles - 	Entry: C:\eclipse workspace\eclipse\plugins\com.google.guava.failureaccess_1.0.2.jar
2025-11-13 17:35:39,622 [Worker-58: Launching gimalProject (7)] INFO  o.e.m.i.launch.MavenLaunchDelegate - Run build in "C:\Users\Public\gimalProject\gimalProject":
2025-11-13 17:35:39,622 [Worker-58: Launching gimalProject (7)] INFO  o.e.m.i.launch.MavenLaunchDelegate -  mvn  -B -Dstyle.color=always clean install
2025-11-13 17:36:33,513 [Worker-57: Building] INFO  o.e.m.c.i.l.LifecycleMappingFactory - Using org.maven.ide.eclipse.wtp.WarLifecycleMapping lifecycle mapping for MavenProject: gimalProject:gimalProject:0.0.1-SNAPSHOT @ C:\Users\Public\gimalProject\gimalProject\pom.xml.
2025-11-13 17:36:33,609 [Worker-57: Building] INFO  o.e.m.c.i.e.AbstractTransferListenerAdapter - Downloaded https://repo.maven.apache.org/maven2/jakarta/security/auth/message/jakarta.security.auth.message-api/2.0.0/jakarta.security.auth.message-api-2.0.0.pom
2025-11-13 17:36:33,612 [Worker-57: Building] WARN  o.e.m.c.i.embedder.EclipseLogger - The POM for jakarta.security.auth.message:jakarta.security.auth.message-api:jar:2.0.0 is missing, no dependency information available
2025-11-13 17:36:34,135 [Worker-57: Building] INFO  o.e.m.c.i.e.AbstractTransferListenerAdapter - Downloaded https://repo.maven.apache.org/maven2/jakarta/security/auth/message/jakarta.security.auth.message-api/2.0.0/jakarta.security.auth.message-api-2.0.0.jar
2025-11-13 17:36:34,432 [Worker-57: Building] INFO  o.a.m.s.f.DefaultMavenResourcesFiltering - Copying 0 resource from src\main\resources to target\classes
2025-11-13 17:36:34,433 [Worker-57: Building] INFO  o.a.m.s.f.DefaultMavenResourcesFiltering - skip non existing resourceDirectory C:\Users\Public\gimalProject\gimalProject\src\test\resources
2025-11-13 17:36:34,433 [Worker-57: Building] INFO  o.e.m.w.i.f.ResourceFilteringBuildParticipant - Changed resources require a complete clean of filtered resources of gimalProject
2025-11-13 17:36:34,433 [Worker-57: Building] INFO  o.e.m.w.i.f.ResourceFilteringBuildParticipant - Executing resource filtering for gimalProject
2025-11-13 17:36:35,907 [Worker-48: Download sources and javadoc] INFO  o.e.m.c.i.e.AbstractTransferListenerAdapter - Downloaded https://repo.maven.apache.org/maven2/jakarta/security/auth/message/jakarta.security.auth.message-api/2.0.0/jakarta.security.auth.message-api-2.0.0-sources.jar
2025-11-13 17:36:35,909 [Worker-48: Download sources and javadoc] ERROR o.e.m.j.internal.DownloadSourcesJob - Could not download sources for jakarta.security.auth.message:jakarta.security.auth.message-api:2.0.0
org.eclipse.core.runtime.CoreException: Could not resolve artifact jakarta.security.auth.message:jakarta.security.auth.message-api:jar:sources:2.0.0
	at org.eclipse.m2e.core.internal.embedder.MavenImpl.lambda$7(MavenImpl.java:540)
	at org.eclipse.m2e.core.internal.embedder.MavenExecutionContext.executeBare(MavenExecutionContext.java:458)
	at org.eclipse.m2e.core.internal.embedder.MavenExecutionContext.execute(MavenExecutionContext.java:292)
	at org.eclipse.m2e.core.internal.embedder.MavenExecutionContext.execute(MavenExecutionContext.java:278)
	at org.eclipse.m2e.core.internal.embedder.MavenImpl.resolve(MavenImpl.java:509)
	at org.eclipse.m2e.core.internal.embedder.MavenImpl.resolve(MavenImpl.java:494)
	at org.eclipse.m2e.jdt.internal.DownloadSourcesJob.download(DownloadSourcesJob.java:308)
	at org.eclipse.m2e.jdt.internal.DownloadSourcesJob.downloadAttachments(DownloadSourcesJob.java:282)
	at org.eclipse.m2e.jdt.internal.DownloadSourcesJob.downloadMaven(DownloadSourcesJob.java:252)
	at org.eclipse.m2e.jdt.internal.DownloadSourcesJob.downloadFilesAndPopulateToUpdate(DownloadSourcesJob.java:220)
	at org.eclipse.m2e.jdt.internal.DownloadSourcesJob.lambda$0(DownloadSourcesJob.java:149)
	at org.eclipse.m2e.core.internal.embedder.MavenExecutionContext.executeBare(MavenExecutionContext.java:458)
	at org.eclipse.m2e.core.internal.embedder.MavenExecutionContext.execute(MavenExecutionContext.java:339)
	at org.eclipse.m2e.core.internal.embedder.MavenExecutionContext.execute(MavenExecutionContext.java:278)
	at org.eclipse.m2e.core.embedder.IMaven.execute(IMaven.java:300)
	at org.eclipse.m2e.jdt.internal.DownloadSourcesJob.run(DownloadSourcesJob.java:149)
	at org.eclipse.core.internal.jobs.Worker.run(Worker.java:63)
2025-11-13 17:37:15,231 [Worker-58: Building] INFO  o.e.m.c.i.l.LifecycleMappingFactory - Using org.maven.ide.eclipse.wtp.WarLifecycleMapping lifecycle mapping for MavenProject: gimalProject:gimalProject:0.0.1-SNAPSHOT @ C:\Users\Public\gimalProject\gimalProject\pom.xml.
2025-11-13 17:37:15,391 [Worker-58: Building] INFO  o.e.m.c.i.e.AbstractTransferListenerAdapter - Downloading https://repo.maven.apache.org/maven2/jakarta/security/auth/message/jakarta.security.auth.message-api/1.1.3/jakarta.security.auth.message-api-1.1.3.pom
2025-11-13 17:37:15,422 [Worker-58: Building] INFO  o.e.m.c.i.e.AbstractTransferListenerAdapter - Downloaded https://repo.maven.apache.org/maven2/jakarta/security/auth/message/jakarta.security.auth.message-api/1.1.3/jakarta.security.auth.message-api-1.1.3.pom
2025-11-13 17:37:15,601 [Worker-58: Building] INFO  o.e.m.c.i.e.AbstractTransferListenerAdapter - Downloading https://repo.maven.apache.org/maven2/jakarta/security/auth/message/jakarta.security.auth.message-api/1.1.3/jakarta.security.auth.message-api-1.1.3.jar
2025-11-13 17:37:16,109 [Worker-58: Building] INFO  o.e.m.c.i.e.AbstractTransferListenerAdapter - Downloaded https://repo.maven.apache.org/maven2/jakarta/security/auth/message/jakarta.security.auth.message-api/1.1.3/jakarta.security.auth.message-api-1.1.3.jar
2025-11-13 17:37:16,563 [Worker-58: Building] INFO  o.a.m.s.f.DefaultMavenResourcesFiltering - Copying 0 resource from src\main\resources to target\classes
2025-11-13 17:37:16,566 [Worker-58: Building] INFO  o.a.m.s.f.DefaultMavenResourcesFiltering - skip non existing resourceDirectory C:\Users\Public\gimalProject\gimalProject\src\test\resources
2025-11-13 17:37:16,669 [Worker-58: Building] INFO  o.e.m.w.i.f.ResourceFilteringBuildParticipant - Changed resources require a complete clean of filtered resources of gimalProject
2025-11-13 17:37:16,669 [Worker-58: Building] INFO  o.e.m.w.i.f.ResourceFilteringBuildParticipant - Executing resource filtering for gimalProject
2025-11-13 17:37:17,530 [Worker-56: Download sources and javadoc] INFO  o.e.m.c.i.e.AbstractTransferListenerAdapter - Downloading https://repo.maven.apache.org/maven2/jakarta/security/auth/message/jakarta.security.auth.message-api/1.1.3/jakarta.security.auth.message-api-1.1.3-sources.jar
2025-11-13 17:37:17,569 [Worker-56: Download sources and javadoc] INFO  o.e.m.c.i.e.AbstractTransferListenerAdapter - Downloaded https://repo.maven.apache.org/maven2/jakarta/security/auth/message/jakarta.security.auth.message-api/1.1.3/jakarta.security.auth.message-api-1.1.3-sources.jar
2025-11-13 17:37:17,574 [Worker-56: Download sources and javadoc] INFO  o.e.m.j.internal.DownloadSourcesJob - Downloaded sources for jakarta.security.auth.message:jakarta.security.auth.message-api:1.1.3
2025-11-13 17:37:17,861 [Worker-56: Building] INFO  o.a.m.s.f.DefaultMavenResourcesFiltering - Copying 2 resources from src\main\resources to target\classes
2025-11-13 17:37:17,868 [Worker-56: Building] INFO  o.a.m.s.f.DefaultMavenResourcesFiltering - skip non existing resourceDirectory C:\Users\Public\gimalProject\gimalProject\src\test\resources
2025-11-13 17:37:23,782 [Worker-53: Launching gimalProject (7)] INFO  o.eclipse.m2e.core.internal.Bundles - getClasspathEntries(Bundle=org.eclipse.m2e.maven.runtime_3.9.700.20240602-2313 [645])
2025-11-13 17:37:23,782 [Worker-53: Launching gimalProject (7)] INFO  o.eclipse.m2e.core.internal.Bundles - 	Entry: C:\eclipse workspace\eclipse\plugins\org.eclipse.m2e.maven.runtime_3.9.700.20240602-2313
2025-11-13 17:37:23,782 [Worker-53: Launching gimalProject (7)] INFO  o.eclipse.m2e.core.internal.Bundles - 	Entry: C:\eclipse workspace\eclipse\plugins\org.eclipse.m2e.maven.runtime_3.9.700.20240602-2313\jars\aopalliance-1.0.jar
2025-11-13 17:37:23,782 [Worker-53: Launching gimalProject (7)] INFO  o.eclipse.m2e.core.internal.Bundles - 	Entry: C:\eclipse workspace\eclipse\plugins\org.eclipse.m2e.maven.runtime_3.9.700.20240602-2313\jars\guice-5.1.0.jar
2025-11-13 17:37:23,782 [Worker-53: Launching gimalProject (7)] INFO  o.eclipse.m2e.core.internal.Bundles - 	Entry: C:\eclipse workspace\eclipse\plugins\org.eclipse.m2e.maven.runtime_3.9.700.20240602-2313\jars\httpclient-4.5.14.jar
2025-11-13 17:37:23,783 [Worker-53: Launching gimalProject (7)] INFO  o.eclipse.m2e.core.internal.Bundles - 	Entry: C:\eclipse workspace\eclipse\plugins\org.eclipse.m2e.maven.runtime_3.9.700.20240602-2313\jars\httpcore-4.4.16.jar
2025-11-13 17:37:23,783 [Worker-53: Launching gimalProject (7)] INFO  o.eclipse.m2e.core.internal.Bundles - 	Entry: C:\eclipse workspace\eclipse\plugins\org.eclipse.m2e.maven.runtime_3.9.700.20240602-2313\jars\jansi-2.4.1.jar
2025-11-13 17:37:23,783 [Worker-53: Launching gimalProject (7)] INFO  o.eclipse.m2e.core.internal.Bundles - 	Entry: C:\eclipse workspace\eclipse\plugins\org.eclipse.m2e.maven.runtime_3.9.700.20240602-2313\jars\jcl-over-slf4j-1.7.36.jar
2025-11-13 17:37:23,783 [Worker-53: Launching gimalProject (7)] INFO  o.eclipse.m2e.core.internal.Bundles - 	Entry: C:\eclipse workspace\eclipse\plugins\org.eclipse.m2e.maven.runtime_3.9.700.20240602-2313\jars\maven-artifact-3.9.7.jar
2025-11-13 17:37:23,783 [Worker-53: Launching gimalProject (7)] INFO  o.eclipse.m2e.core.internal.Bundles - 	Entry: C:\eclipse workspace\eclipse\plugins\org.eclipse.m2e.maven.runtime_3.9.700.20240602-2313\jars\maven-builder-support-3.9.7.jar
2025-11-13 17:37:23,783 [Worker-53: Launching gimalProject (7)] INFO  o.eclipse.m2e.core.internal.Bundles - 	Entry: C:\eclipse workspace\eclipse\plugins\org.eclipse.m2e.maven.runtime_3.9.700.20240602-2313\jars\maven-compat-3.9.7.jar
2025-11-13 17:37:23,784 [Worker-53: Launching gimalProject (7)] INFO  o.eclipse.m2e.core.internal.Bundles - 	Entry: C:\eclipse workspace\eclipse\plugins\org.eclipse.m2e.maven.runtime_3.9.700.20240602-2313\jars\maven-core-3.9.7.jar
2025-11-13 17:37:23,784 [Worker-53: Launching gimalProject (7)] INFO  o.eclipse.m2e.core.internal.Bundles - 	Entry: C:\eclipse workspace\eclipse\plugins\org.eclipse.m2e.maven.runtime_3.9.700.20240602-2313\jars\maven-embedder-3.9.7.jar
2025-11-13 17:37:23,784 [Worker-53: Launching gimalProject (7)] INFO  o.eclipse.m2e.core.internal.Bundles - 	Entry: C:\eclipse workspace\eclipse\plugins\org.eclipse.m2e.maven.runtime_3.9.700.20240602-2313\jars\maven-model-3.9.7.jar
2025-11-13 17:37:23,784 [Worker-53: Launching gimalProject (7)] INFO  o.eclipse.m2e.core.internal.Bundles - 	Entry: C:\eclipse workspace\eclipse\plugins\org.eclipse.m2e.maven.runtime_3.9.700.20240602-2313\jars\maven-model-builder-3.9.7.jar
2025-11-13 17:37:23,784 [Worker-53: Launching gimalProject (7)] INFO  o.eclipse.m2e.core.internal.Bundles - 	Entry: C:\eclipse workspace\eclipse\plugins\org.eclipse.m2e.maven.runtime_3.9.700.20240602-2313\jars\maven-plugin-api-3.9.7.jar
2025-11-13 17:37:23,784 [Worker-53: Launching gimalProject (7)] INFO  o.eclipse.m2e.core.internal.Bundles - 	Entry: C:\eclipse workspace\eclipse\plugins\org.eclipse.m2e.maven.runtime_3.9.700.20240602-2313\jars\maven-repository-metadata-3.9.7.jar
2025-11-13 17:37:23,784 [Worker-53: Launching gimalProject (7)] INFO  o.eclipse.m2e.core.internal.Bundles - 	Entry: C:\eclipse workspace\eclipse\plugins\org.eclipse.m2e.maven.runtime_3.9.700.20240602-2313\jars\maven-resolver-api-1.9.20.jar
2025-11-13 17:37:23,785 [Worker-53: Launching gimalProject (7)] INFO  o.eclipse.m2e.core.internal.Bundles - 	Entry: C:\eclipse workspace\eclipse\plugins\org.eclipse.m2e.maven.runtime_3.9.700.20240602-2313\jars\maven-resolver-connector-basic-1.9.20.jar
2025-11-13 17:37:23,785 [Worker-53: Launching gimalProject (7)] INFO  o.eclipse.m2e.core.internal.Bundles - 	Entry: C:\eclipse workspace\eclipse\plugins\org.eclipse.m2e.maven.runtime_3.9.700.20240602-2313\jars\maven-resolver-impl-1.9.20.jar
2025-11-13 17:37:23,785 [Worker-53: Launching gimalProject (7)] INFO  o.eclipse.m2e.core.internal.Bundles - 	Entry: C:\eclipse workspace\eclipse\plugins\org.eclipse.m2e.maven.runtime_3.9.700.20240602-2313\jars\maven-resolver-named-locks-1.9.20.jar
2025-11-13 17:37:23,785 [Worker-53: Launching gimalProject (7)] INFO  o.eclipse.m2e.core.internal.Bundles - 	Entry: C:\eclipse workspace\eclipse\plugins\org.eclipse.m2e.maven.runtime_3.9.700.20240602-2313\jars\maven-resolver-provider-3.9.7.jar
2025-11-13 17:37:23,785 [Worker-53: Launching gimalProject (7)] INFO  o.eclipse.m2e.core.internal.Bundles - 	Entry: C:\eclipse workspace\eclipse\plugins\org.eclipse.m2e.maven.runtime_3.9.700.20240602-2313\jars\maven-resolver-spi-1.9.20.jar
2025-11-13 17:37:23,785 [Worker-53: Launching gimalProject (7)] INFO  o.eclipse.m2e.core.internal.Bundles - 	Entry: C:\eclipse workspace\eclipse\plugins\org.eclipse.m2e.maven.runtime_3.9.700.20240602-2313\jars\maven-resolver-transport-file-1.9.20.jar
2025-11-13 17:37:23,785 [Worker-53: Launching gimalProject (7)] INFO  o.eclipse.m2e.core.internal.Bundles - 	Entry: C:\eclipse workspace\eclipse\plugins\org.eclipse.m2e.maven.runtime_3.9.700.20240602-2313\jars\maven-resolver-transport-http-1.9.20.jar
2025-11-13 17:37:23,786 [Worker-53: Launching gimalProject (7)] INFO  o.eclipse.m2e.core.internal.Bundles - 	Entry: C:\eclipse workspace\eclipse\plugins\org.eclipse.m2e.maven.runtime_3.9.700.20240602-2313\jars\maven-resolver-transport-wagon-1.9.20.jar
2025-11-13 17:37:23,786 [Worker-53: Launching gimalProject (7)] INFO  o.eclipse.m2e.core.internal.Bundles - 	Entry: C:\eclipse workspace\eclipse\plugins\org.eclipse.m2e.maven.runtime_3.9.700.20240602-2313\jars\maven-resolver-util-1.9.20.jar
2025-11-13 17:37:23,786 [Worker-53: Launching gimalProject (7)] INFO  o.eclipse.m2e.core.internal.Bundles - 	Entry: C:\eclipse workspace\eclipse\plugins\org.eclipse.m2e.maven.runtime_3.9.700.20240602-2313\jars\maven-settings-3.9.7.jar
2025-11-13 17:37:23,786 [Worker-53: Launching gimalProject (7)] INFO  o.eclipse.m2e.core.internal.Bundles - 	Entry: C:\eclipse workspace\eclipse\plugins\org.eclipse.m2e.maven.runtime_3.9.700.20240602-2313\jars\maven-settings-builder-3.9.7.jar
2025-11-13 17:37:23,786 [Worker-53: Launching gimalProject (7)] INFO  o.eclipse.m2e.core.internal.Bundles - 	Entry: C:\eclipse workspace\eclipse\plugins\org.eclipse.m2e.maven.runtime_3.9.700.20240602-2313\jars\maven-shared-utils-3.4.2.jar
2025-11-13 17:37:23,786 [Worker-53: Launching gimalProject (7)] INFO  o.eclipse.m2e.core.internal.Bundles - 	Entry: C:\eclipse workspace\eclipse\plugins\org.eclipse.m2e.maven.runtime_3.9.700.20240602-2313\jars\org.eclipse.sisu.inject-0.9.0.M2.jar
2025-11-13 17:37:23,786 [Worker-53: Launching gimalProject (7)] INFO  o.eclipse.m2e.core.internal.Bundles - 	Entry: C:\eclipse workspace\eclipse\plugins\org.eclipse.m2e.maven.runtime_3.9.700.20240602-2313\jars\org.eclipse.sisu.plexus-0.9.0.M2.jar
2025-11-13 17:37:23,786 [Worker-53: Launching gimalProject (7)] INFO  o.eclipse.m2e.core.internal.Bundles - 	Entry: C:\eclipse workspace\eclipse\plugins\org.eclipse.m2e.maven.runtime_3.9.700.20240602-2313\jars\plexus-build-api-0.0.7.jar
2025-11-13 17:37:23,786 [Worker-53: Launching gimalProject (7)] INFO  o.eclipse.m2e.core.internal.Bundles - 	Entry: C:\eclipse workspace\eclipse\plugins\org.eclipse.m2e.maven.runtime_3.9.700.20240602-2313\jars\plexus-build-api-1.2.0.jar
2025-11-13 17:37:23,787 [Worker-53: Launching gimalProject (7)] INFO  o.eclipse.m2e.core.internal.Bundles - 	Entry: C:\eclipse workspace\eclipse\plugins\org.eclipse.m2e.maven.runtime_3.9.700.20240602-2313\jars\plexus-cipher-2.0.jar
2025-11-13 17:37:23,787 [Worker-53: Launching gimalProject (7)] INFO  o.eclipse.m2e.core.internal.Bundles - 	Entry: C:\eclipse workspace\eclipse\plugins\org.eclipse.m2e.maven.runtime_3.9.700.20240602-2313\jars\plexus-classworlds-2.8.0.jar
2025-11-13 17:37:23,787 [Worker-53: Launching gimalProject (7)] INFO  o.eclipse.m2e.core.internal.Bundles - 	Entry: C:\eclipse workspace\eclipse\plugins\org.eclipse.m2e.maven.runtime_3.9.700.20240602-2313\jars\plexus-component-annotations-2.1.0.jar
2025-11-13 17:37:23,787 [Worker-53: Launching gimalProject (7)] INFO  o.eclipse.m2e.core.internal.Bundles - 	Entry: C:\eclipse workspace\eclipse\plugins\org.eclipse.m2e.maven.runtime_3.9.700.20240602-2313\jars\plexus-interpolation-1.27.jar
2025-11-13 17:37:23,787 [Worker-53: Launching gimalProject (7)] INFO  o.eclipse.m2e.core.internal.Bundles - 	Entry: C:\eclipse workspace\eclipse\plugins\org.eclipse.m2e.maven.runtime_3.9.700.20240602-2313\jars\plexus-sec-dispatcher-2.0.jar
2025-11-13 17:37:23,787 [Worker-53: Launching gimalProject (7)] INFO  o.eclipse.m2e.core.internal.Bundles - 	Entry: C:\eclipse workspace\eclipse\plugins\org.eclipse.m2e.maven.runtime_3.9.700.20240602-2313\jars\plexus-utils-3.5.1.jar
2025-11-13 17:37:23,787 [Worker-53: Launching gimalProject (7)] INFO  o.eclipse.m2e.core.internal.Bundles - 	Entry: C:\eclipse workspace\eclipse\plugins\org.eclipse.m2e.maven.runtime_3.9.700.20240602-2313\jars\wagon-file-3.5.3.jar
2025-11-13 17:37:23,788 [Worker-53: Launching gimalProject (7)] INFO  o.eclipse.m2e.core.internal.Bundles - 	Entry: C:\eclipse workspace\eclipse\plugins\org.eclipse.m2e.maven.runtime_3.9.700.20240602-2313\jars\wagon-http-3.5.3.jar
2025-11-13 17:37:23,788 [Worker-53: Launching gimalProject (7)] INFO  o.eclipse.m2e.core.internal.Bundles - 	Entry: C:\eclipse workspace\eclipse\plugins\org.eclipse.m2e.maven.runtime_3.9.700.20240602-2313\jars\wagon-http-shared-3.5.3.jar
2025-11-13 17:37:23,788 [Worker-53: Launching gimalProject (7)] INFO  o.eclipse.m2e.core.internal.Bundles - 	Entry: C:\eclipse workspace\eclipse\plugins\org.eclipse.m2e.maven.runtime_3.9.700.20240602-2313\jars\wagon-provider-api-3.5.3.jar
2025-11-13 17:37:23,788 [Worker-53: Launching gimalProject (7)] INFO  o.eclipse.m2e.core.internal.Bundles - getClasspathEntries(Bundle=com.google.guava_33.2.0.jre [16])
2025-11-13 17:37:23,788 [Worker-53: Launching gimalProject (7)] INFO  o.eclipse.m2e.core.internal.Bundles - 	Entry: C:\eclipse workspace\eclipse\plugins\com.google.guava_33.2.0.jre.jar
2025-11-13 17:37:23,788 [Worker-53: Launching gimalProject (7)] INFO  o.eclipse.m2e.core.internal.Bundles - getClasspathEntries(Bundle=slf4j.api_2.0.13 [1010])
2025-11-13 17:37:23,788 [Worker-53: Launching gimalProject (7)] INFO  o.eclipse.m2e.core.internal.Bundles - 	Entry: C:\eclipse workspace\eclipse\plugins\slf4j.api_2.0.13.jar
2025-11-13 17:37:23,788 [Worker-53: Launching gimalProject (7)] INFO  o.eclipse.m2e.core.internal.Bundles - getClasspathEntries(Bundle=jakarta.inject.jakarta.inject-api_1.0.5 [33])
2025-11-13 17:37:23,789 [Worker-53: Launching gimalProject (7)] INFO  o.eclipse.m2e.core.internal.Bundles - 	Entry: C:\eclipse workspace\eclipse\plugins\jakarta.inject.jakarta.inject-api_1.0.5.jar
2025-11-13 17:37:23,789 [Worker-53: Launching gimalProject (7)] INFO  o.eclipse.m2e.core.internal.Bundles - getClasspathEntries(Bundle=javax.annotation_1.3.5.v20200909-1856 [44])
2025-11-13 17:37:23,789 [Worker-53: Launching gimalProject (7)] INFO  o.eclipse.m2e.core.internal.Bundles - 	Entry: C:\eclipse workspace\eclipse\plugins\javax.annotation_1.3.5.v20200909-1856.jar
2025-11-13 17:37:23,789 [Worker-53: Launching gimalProject (7)] INFO  o.eclipse.m2e.core.internal.Bundles - getClasspathEntries(Bundle=org.apache.commons.cli_1.8.0 [78])
2025-11-13 17:37:23,789 [Worker-53: Launching gimalProject (7)] INFO  o.eclipse.m2e.core.internal.Bundles - 	Entry: C:\eclipse workspace\eclipse\plugins\org.apache.commons.cli_1.8.0.jar
2025-11-13 17:37:23,789 [Worker-53: Launching gimalProject (7)] INFO  o.eclipse.m2e.core.internal.Bundles - getClasspathEntries(Bundle=org.apache.commons.commons-codec_1.16.0 [81])
2025-11-13 17:37:23,789 [Worker-53: Launching gimalProject (7)] INFO  o.eclipse.m2e.core.internal.Bundles - 	Entry: C:\eclipse workspace\eclipse\plugins\org.apache.commons.commons-codec_1.16.0.jar
2025-11-13 17:37:23,789 [Worker-53: Launching gimalProject (7)] INFO  o.eclipse.m2e.core.internal.Bundles - getClasspathEntries(Bundle=org.apache.commons.lang3_3.14.0 [89])
2025-11-13 17:37:23,790 [Worker-53: Launching gimalProject (7)] INFO  o.eclipse.m2e.core.internal.Bundles - 	Entry: C:\eclipse workspace\eclipse\plugins\org.apache.commons.lang3_3.14.0.jar
2025-11-13 17:37:23,790 [Worker-53: Launching gimalProject (7)] INFO  o.eclipse.m2e.core.internal.Bundles - getClasspathEntries(Bundle=com.google.guava.failureaccess_1.0.2 [17])
2025-11-13 17:37:23,790 [Worker-53: Launching gimalProject (7)] INFO  o.eclipse.m2e.core.internal.Bundles - 	Entry: C:\eclipse workspace\eclipse\plugins\com.google.guava.failureaccess_1.0.2.jar
2025-11-13 17:37:23,791 [Worker-53: Launching gimalProject (7)] INFO  o.e.m.i.launch.MavenLaunchDelegate - Run build in "C:\Users\Public\gimalProject\gimalProject":
2025-11-13 17:37:23,791 [Worker-53: Launching gimalProject (7)] INFO  o.e.m.i.launch.MavenLaunchDelegate -  mvn  -B -Dstyle.color=always clean install
2025-11-13 17:38:27,942 [Worker-52: Building] INFO  o.e.m.c.i.l.LifecycleMappingFactory - Using org.maven.ide.eclipse.wtp.WarLifecycleMapping lifecycle mapping for MavenProject: gimalProject:gimalProject:0.0.1-SNAPSHOT @ C:\Users\Public\gimalProject\gimalProject\pom.xml.
2025-11-13 17:38:28,048 [Worker-52: Building] INFO  o.e.m.c.i.e.AbstractTransferListenerAdapter - Downloading https://repo.maven.apache.org/maven2/org/apache/tomcat/tomcat-catalina/10.1.14/tomcat-catalina-10.1.14.pom
2025-11-13 17:38:28,075 [Worker-52: Building] INFO  o.e.m.c.i.e.AbstractTransferListenerAdapter - Downloaded https://repo.maven.apache.org/maven2/org/apache/tomcat/tomcat-catalina/10.1.14/tomcat-catalina-10.1.14.pom
2025-11-13 17:38:28,104 [Worker-52: Building] INFO  o.e.m.c.i.e.AbstractTransferListenerAdapter - Downloading https://repo.maven.apache.org/maven2/org/apache/tomcat/tomcat-servlet-api/10.1.14/tomcat-servlet-api-10.1.14.pom
2025-11-13 17:38:28,128 [Worker-52: Building] INFO  o.e.m.c.i.e.AbstractTransferListenerAdapter - Downloaded https://repo.maven.apache.org/maven2/org/apache/tomcat/tomcat-servlet-api/10.1.14/tomcat-servlet-api-10.1.14.pom
2025-11-13 17:38:28,165 [Worker-52: Building] INFO  o.e.m.c.i.e.AbstractTransferListenerAdapter - Downloading https://repo.maven.apache.org/maven2/org/apache/tomcat/tomcat-jsp-api/10.1.14/tomcat-jsp-api-10.1.14.pom
2025-11-13 17:38:28,190 [Worker-52: Building] INFO  o.e.m.c.i.e.AbstractTransferListenerAdapter - Downloaded https://repo.maven.apache.org/maven2/org/apache/tomcat/tomcat-jsp-api/10.1.14/tomcat-jsp-api-10.1.14.pom
2025-11-13 17:38:28,234 [Worker-52: Building] INFO  o.e.m.c.i.e.AbstractTransferListenerAdapter - Downloading https://repo.maven.apache.org/maven2/org/apache/tomcat/tomcat-el-api/10.1.14/tomcat-el-api-10.1.14.pom
2025-11-13 17:38:28,259 [Worker-52: Building] INFO  o.e.m.c.i.e.AbstractTransferListenerAdapter - Downloaded https://repo.maven.apache.org/maven2/org/apache/tomcat/tomcat-el-api/10.1.14/tomcat-el-api-10.1.14.pom
2025-11-13 17:38:28,291 [Worker-52: Building] INFO  o.e.m.c.i.e.AbstractTransferListenerAdapter - Downloading https://repo.maven.apache.org/maven2/org/apache/tomcat/tomcat-juli/10.1.14/tomcat-juli-10.1.14.pom
2025-11-13 17:38:28,313 [Worker-52: Building] INFO  o.e.m.c.i.e.AbstractTransferListenerAdapter - Downloaded https://repo.maven.apache.org/maven2/org/apache/tomcat/tomcat-juli/10.1.14/tomcat-juli-10.1.14.pom
2025-11-13 17:38:28,345 [Worker-52: Building] INFO  o.e.m.c.i.e.AbstractTransferListenerAdapter - Downloading https://repo.maven.apache.org/maven2/org/apache/tomcat/tomcat-annotations-api/10.1.14/tomcat-annotations-api-10.1.14.pom
2025-11-13 17:38:28,369 [Worker-52: Building] INFO  o.e.m.c.i.e.AbstractTransferListenerAdapter - Downloaded https://repo.maven.apache.org/maven2/org/apache/tomcat/tomcat-annotations-api/10.1.14/tomcat-annotations-api-10.1.14.pom
2025-11-13 17:38:28,404 [Worker-52: Building] INFO  o.e.m.c.i.e.AbstractTransferListenerAdapter - Downloading https://repo.maven.apache.org/maven2/org/apache/tomcat/tomcat-api/10.1.14/tomcat-api-10.1.14.pom
2025-11-13 17:38:28,430 [Worker-52: Building] INFO  o.e.m.c.i.e.AbstractTransferListenerAdapter - Downloaded https://repo.maven.apache.org/maven2/org/apache/tomcat/tomcat-api/10.1.14/tomcat-api-10.1.14.pom
2025-11-13 17:38:28,469 [Worker-52: Building] INFO  o.e.m.c.i.e.AbstractTransferListenerAdapter - Downloading https://repo.maven.apache.org/maven2/org/apache/tomcat/tomcat-jni/10.1.14/tomcat-jni-10.1.14.pom
2025-11-13 17:38:28,494 [Worker-52: Building] INFO  o.e.m.c.i.e.AbstractTransferListenerAdapter - Downloaded https://repo.maven.apache.org/maven2/org/apache/tomcat/tomcat-jni/10.1.14/tomcat-jni-10.1.14.pom
2025-11-13 17:38:28,526 [Worker-52: Building] INFO  o.e.m.c.i.e.AbstractTransferListenerAdapter - Downloading https://repo.maven.apache.org/maven2/org/apache/tomcat/tomcat-coyote/10.1.14/tomcat-coyote-10.1.14.pom
2025-11-13 17:38:28,549 [Worker-52: Building] INFO  o.e.m.c.i.e.AbstractTransferListenerAdapter - Downloaded https://repo.maven.apache.org/maven2/org/apache/tomcat/tomcat-coyote/10.1.14/tomcat-coyote-10.1.14.pom
2025-11-13 17:38:28,576 [Worker-52: Building] INFO  o.e.m.c.i.e.AbstractTransferListenerAdapter - Downloading https://repo.maven.apache.org/maven2/org/apache/tomcat/tomcat-util/10.1.14/tomcat-util-10.1.14.pom
2025-11-13 17:38:28,599 [Worker-52: Building] INFO  o.e.m.c.i.e.AbstractTransferListenerAdapter - Downloaded https://repo.maven.apache.org/maven2/org/apache/tomcat/tomcat-util/10.1.14/tomcat-util-10.1.14.pom
2025-11-13 17:38:28,635 [Worker-52: Building] INFO  o.e.m.c.i.e.AbstractTransferListenerAdapter - Downloading https://repo.maven.apache.org/maven2/org/apache/tomcat/tomcat-util-scan/10.1.14/tomcat-util-scan-10.1.14.pom
2025-11-13 17:38:28,659 [Worker-52: Building] INFO  o.e.m.c.i.e.AbstractTransferListenerAdapter - Downloaded https://repo.maven.apache.org/maven2/org/apache/tomcat/tomcat-util-scan/10.1.14/tomcat-util-scan-10.1.14.pom
2025-11-13 17:38:28,694 [Worker-52: Building] INFO  o.e.m.c.i.e.AbstractTransferListenerAdapter - Downloading https://repo.maven.apache.org/maven2/org/apache/tomcat/tomcat-jaspic-api/10.1.14/tomcat-jaspic-api-10.1.14.pom
2025-11-13 17:38:28,719 [Worker-52: Building] INFO  o.e.m.c.i.e.AbstractTransferListenerAdapter - Downloaded https://repo.maven.apache.org/maven2/org/apache/tomcat/tomcat-jaspic-api/10.1.14/tomcat-jaspic-api-10.1.14.pom
2025-11-13 17:38:28,804 [Worker-52: Building] INFO  o.e.m.c.i.e.AbstractTransferListenerAdapter - Downloading https://repo.maven.apache.org/maven2/org/apache/tomcat/tomcat-catalina/10.1.14/tomcat-catalina-10.1.14.jar
2025-11-13 17:38:28,936 [Worker-52: Building] INFO  o.e.m.c.i.e.AbstractTransferListenerAdapter - Downloaded https://repo.maven.apache.org/maven2/org/apache/tomcat/tomcat-catalina/10.1.14/tomcat-catalina-10.1.14.jar
2025-11-13 17:38:28,971 [BasicRepositoryConnector-repo.maven.apache.org-4-0] INFO  o.e.m.c.i.e.AbstractTransferListenerAdapter - Downloading https://repo.maven.apache.org/maven2/org/apache/tomcat/tomcat-servlet-api/10.1.14/tomcat-servlet-api-10.1.14.jar
2025-11-13 17:38:28,988 [BasicRepositoryConnector-repo.maven.apache.org-4-2] INFO  o.e.m.c.i.e.AbstractTransferListenerAdapter - Downloading https://repo.maven.apache.org/maven2/org/apache/tomcat/tomcat-el-api/10.1.14/tomcat-el-api-10.1.14.jar
2025-11-13 17:38:28,996 [BasicRepositoryConnector-repo.maven.apache.org-4-4] INFO  o.e.m.c.i.e.AbstractTransferListenerAdapter - Downloading https://repo.maven.apache.org/maven2/org/apache/tomcat/tomcat-annotations-api/10.1.14/tomcat-annotations-api-10.1.14.jar
2025-11-13 17:38:28,999 [BasicRepositoryConnector-repo.maven.apache.org-4-1] INFO  o.e.m.c.i.e.AbstractTransferListenerAdapter - Downloading https://repo.maven.apache.org/maven2/org/apache/tomcat/tomcat-jsp-api/10.1.14/tomcat-jsp-api-10.1.14.jar
2025-11-13 17:38:29,009 [BasicRepositoryConnector-repo.maven.apache.org-4-3] INFO  o.e.m.c.i.e.AbstractTransferListenerAdapter - Downloading https://repo.maven.apache.org/maven2/org/apache/tomcat/tomcat-juli/10.1.14/tomcat-juli-10.1.14.jar
2025-11-13 17:38:29,033 [BasicRepositoryConnector-repo.maven.apache.org-4-0] INFO  o.e.m.c.i.e.AbstractTransferListenerAdapter - Downloaded https://repo.maven.apache.org/maven2/org/apache/tomcat/tomcat-servlet-api/10.1.14/tomcat-servlet-api-10.1.14.jar
2025-11-13 17:38:29,046 [BasicRepositoryConnector-repo.maven.apache.org-4-1] INFO  o.e.m.c.i.e.AbstractTransferListenerAdapter - Downloaded https://repo.maven.apache.org/maven2/org/apache/tomcat/tomcat-jsp-api/10.1.14/tomcat-jsp-api-10.1.14.jar
2025-11-13 17:38:29,046 [BasicRepositoryConnector-repo.maven.apache.org-4-2] INFO  o.e.m.c.i.e.AbstractTransferListenerAdapter - Downloaded https://repo.maven.apache.org/maven2/org/apache/tomcat/tomcat-el-api/10.1.14/tomcat-el-api-10.1.14.jar
2025-11-13 17:38:29,262 [BasicRepositoryConnector-repo.maven.apache.org-4-4] INFO  o.e.m.c.i.e.AbstractTransferListenerAdapter - Downloaded https://repo.maven.apache.org/maven2/org/apache/tomcat/tomcat-annotations-api/10.1.14/tomcat-annotations-api-10.1.14.jar
2025-11-13 17:38:29,545 [BasicRepositoryConnector-repo.maven.apache.org-4-4] INFO  o.e.m.c.i.e.AbstractTransferListenerAdapter - Downloading https://repo.maven.apache.org/maven2/org/apache/tomcat/tomcat-util/10.1.14/tomcat-util-10.1.14.jar
2025-11-13 17:38:29,586 [BasicRepositoryConnector-repo.maven.apache.org-4-4] INFO  o.e.m.c.i.e.AbstractTransferListenerAdapter - Downloaded https://repo.maven.apache.org/maven2/org/apache/tomcat/tomcat-util/10.1.14/tomcat-util-10.1.14.jar
2025-11-13 17:38:29,607 [BasicRepositoryConnector-repo.maven.apache.org-4-2] INFO  o.e.m.c.i.e.AbstractTransferListenerAdapter - Downloading https://repo.maven.apache.org/maven2/org/apache/tomcat/tomcat-coyote/10.1.14/tomcat-coyote-10.1.14.jar
2025-11-13 17:38:29,607 [BasicRepositoryConnector-repo.maven.apache.org-4-0] INFO  o.e.m.c.i.e.AbstractTransferListenerAdapter - Downloading https://repo.maven.apache.org/maven2/org/apache/tomcat/tomcat-api/10.1.14/tomcat-api-10.1.14.jar
2025-11-13 17:38:29,631 [BasicRepositoryConnector-repo.maven.apache.org-4-1] INFO  o.e.m.c.i.e.AbstractTransferListenerAdapter - Downloading https://repo.maven.apache.org/maven2/org/apache/tomcat/tomcat-jni/10.1.14/tomcat-jni-10.1.14.jar
2025-11-13 17:38:29,631 [BasicRepositoryConnector-repo.maven.apache.org-4-4] INFO  o.e.m.c.i.e.AbstractTransferListenerAdapter - Downloading https://repo.maven.apache.org/maven2/org/apache/tomcat/tomcat-util-scan/10.1.14/tomcat-util-scan-10.1.14.jar
2025-11-13 17:38:29,669 [BasicRepositoryConnector-repo.maven.apache.org-4-4] INFO  o.e.m.c.i.e.AbstractTransferListenerAdapter - Downloaded https://repo.maven.apache.org/maven2/org/apache/tomcat/tomcat-util-scan/10.1.14/tomcat-util-scan-10.1.14.jar
2025-11-13 17:38:29,715 [BasicRepositoryConnector-repo.maven.apache.org-4-2] INFO  o.e.m.c.i.e.AbstractTransferListenerAdapter - Downloaded https://repo.maven.apache.org/maven2/org/apache/tomcat/tomcat-coyote/10.1.14/tomcat-coyote-10.1.14.jar
2025-11-13 17:38:29,726 [BasicRepositoryConnector-repo.maven.apache.org-4-4] INFO  o.e.m.c.i.e.AbstractTransferListenerAdapter - Downloading https://repo.maven.apache.org/maven2/org/apache/tomcat/tomcat-jaspic-api/10.1.14/tomcat-jaspic-api-10.1.14.jar
2025-11-13 17:38:29,831 [BasicRepositoryConnector-repo.maven.apache.org-4-0] INFO  o.e.m.c.i.e.AbstractTransferListenerAdapter - Downloaded https://repo.maven.apache.org/maven2/org/apache/tomcat/tomcat-api/10.1.14/tomcat-api-10.1.14.jar
2025-11-13 17:38:29,872 [BasicRepositoryConnector-repo.maven.apache.org-4-1] INFO  o.e.m.c.i.e.AbstractTransferListenerAdapter - Downloaded https://repo.maven.apache.org/maven2/org/apache/tomcat/tomcat-jni/10.1.14/tomcat-jni-10.1.14.jar
2025-11-13 17:38:30,149 [BasicRepositoryConnector-repo.maven.apache.org-4-3] INFO  o.e.m.c.i.e.AbstractTransferListenerAdapter - Downloaded https://repo.maven.apache.org/maven2/org/apache/tomcat/tomcat-juli/10.1.14/tomcat-juli-10.1.14.jar
2025-11-13 17:38:30,214 [BasicRepositoryConnector-repo.maven.apache.org-4-4] INFO  o.e.m.c.i.e.AbstractTransferListenerAdapter - Downloaded https://repo.maven.apache.org/maven2/org/apache/tomcat/tomcat-jaspic-api/10.1.14/tomcat-jaspic-api-10.1.14.jar
2025-11-13 17:38:30,725 [Worker-52: Building] INFO  o.a.m.s.f.DefaultMavenResourcesFiltering - Copying 0 resource from src\main\resources to target\classes
2025-11-13 17:38:30,725 [Worker-52: Building] INFO  o.a.m.s.f.DefaultMavenResourcesFiltering - skip non existing resourceDirectory C:\Users\Public\gimalProject\gimalProject\src\test\resources
2025-11-13 17:38:30,725 [Worker-52: Building] INFO  o.e.m.w.i.f.ResourceFilteringBuildParticipant - Changed resources require a complete clean of filtered resources of gimalProject
2025-11-13 17:38:30,725 [Worker-52: Building] INFO  o.e.m.w.i.f.ResourceFilteringBuildParticipant - Executing resource filtering for gimalProject
2025-11-13 17:38:31,817 [Worker-58: Download sources and javadoc] INFO  o.e.m.c.i.e.AbstractTransferListenerAdapter - Downloading https://repo.maven.apache.org/maven2/org/apache/tomcat/tomcat-catalina/10.1.14/tomcat-catalina-10.1.14-sources.jar
2025-11-13 17:38:31,942 [Worker-55: Building] INFO  o.a.m.s.f.DefaultMavenResourcesFiltering - Copying 2 resources from src\main\resources to target\classes
2025-11-13 17:38:31,951 [Worker-55: Building] INFO  o.a.m.s.f.DefaultMavenResourcesFiltering - skip non existing resourceDirectory C:\Users\Public\gimalProject\gimalProject\src\test\resources
2025-11-13 17:38:31,967 [Worker-58: Download sources and javadoc] INFO  o.e.m.c.i.e.AbstractTransferListenerAdapter - Downloaded https://repo.maven.apache.org/maven2/org/apache/tomcat/tomcat-catalina/10.1.14/tomcat-catalina-10.1.14-sources.jar
2025-11-13 17:38:31,972 [Worker-58: Download sources and javadoc] INFO  o.e.m.j.internal.DownloadSourcesJob - Downloaded sources for org.apache.tomcat:tomcat-catalina:10.1.14
2025-11-13 17:38:32,135 [Worker-58: Download sources and javadoc] INFO  o.e.m.c.i.e.AbstractTransferListenerAdapter - Downloading https://repo.maven.apache.org/maven2/org/apache/tomcat/tomcat-servlet-api/10.1.14/tomcat-servlet-api-10.1.14-sources.jar
2025-11-13 17:38:32,444 [Worker-58: Download sources and javadoc] INFO  o.e.m.c.i.e.AbstractTransferListenerAdapter - Downloaded https://repo.maven.apache.org/maven2/org/apache/tomcat/tomcat-servlet-api/10.1.14/tomcat-servlet-api-10.1.14-sources.jar
2025-11-13 17:38:32,449 [Worker-58: Download sources and javadoc] INFO  o.e.m.j.internal.DownloadSourcesJob - Downloaded sources for org.apache.tomcat:tomcat-servlet-api:10.1.14
2025-11-13 17:38:33,349 [Worker-58: Download sources and javadoc] INFO  o.e.m.c.i.e.AbstractTransferListenerAdapter - Downloading https://repo.maven.apache.org/maven2/org/apache/tomcat/tomcat-jsp-api/10.1.14/tomcat-jsp-api-10.1.14-sources.jar
2025-11-13 17:38:33,387 [Worker-58: Download sources and javadoc] INFO  o.e.m.c.i.e.AbstractTransferListenerAdapter - Downloaded https://repo.maven.apache.org/maven2/org/apache/tomcat/tomcat-jsp-api/10.1.14/tomcat-jsp-api-10.1.14-sources.jar
2025-11-13 17:38:33,391 [Worker-58: Download sources and javadoc] INFO  o.e.m.j.internal.DownloadSourcesJob - Downloaded sources for org.apache.tomcat:tomcat-jsp-api:10.1.14
2025-11-13 17:38:33,760 [Worker-58: Download sources and javadoc] INFO  o.e.m.c.i.e.AbstractTransferListenerAdapter - Downloading https://repo.maven.apache.org/maven2/org/apache/tomcat/tomcat-el-api/10.1.14/tomcat-el-api-10.1.14-sources.jar
2025-11-13 17:38:33,808 [Worker-58: Download sources and javadoc] INFO  o.e.m.c.i.e.AbstractTransferListenerAdapter - Downloaded https://repo.maven.apache.org/maven2/org/apache/tomcat/tomcat-el-api/10.1.14/tomcat-el-api-10.1.14-sources.jar
2025-11-13 17:38:33,812 [Worker-58: Download sources and javadoc] INFO  o.e.m.j.internal.DownloadSourcesJob - Downloaded sources for org.apache.tomcat:tomcat-el-api:10.1.14
2025-11-13 17:38:34,085 [Worker-58: Download sources and javadoc] INFO  o.e.m.c.i.e.AbstractTransferListenerAdapter - Downloading https://repo.maven.apache.org/maven2/org/apache/tomcat/tomcat-juli/10.1.14/tomcat-juli-10.1.14-sources.jar
2025-11-13 17:38:34,295 [Worker-58: Download sources and javadoc] INFO  o.e.m.c.i.e.AbstractTransferListenerAdapter - Downloaded https://repo.maven.apache.org/maven2/org/apache/tomcat/tomcat-juli/10.1.14/tomcat-juli-10.1.14-sources.jar
2025-11-13 17:38:34,310 [Worker-58: Download sources and javadoc] INFO  o.e.m.j.internal.DownloadSourcesJob - Downloaded sources for org.apache.tomcat:tomcat-juli:10.1.14
2025-11-13 17:38:35,022 [Worker-58: Download sources and javadoc] INFO  o.e.m.c.i.e.AbstractTransferListenerAdapter - Downloading https://repo.maven.apache.org/maven2/org/apache/tomcat/tomcat-annotations-api/10.1.14/tomcat-annotations-api-10.1.14-sources.jar
2025-11-13 17:38:35,240 [Worker-58: Download sources and javadoc] INFO  o.e.m.c.i.e.AbstractTransferListenerAdapter - Downloaded https://repo.maven.apache.org/maven2/org/apache/tomcat/tomcat-annotations-api/10.1.14/tomcat-annotations-api-10.1.14-sources.jar
2025-11-13 17:38:35,245 [Worker-58: Download sources and javadoc] INFO  o.e.m.j.internal.DownloadSourcesJob - Downloaded sources for org.apache.tomcat:tomcat-annotations-api:10.1.14
2025-11-13 17:38:35,550 [Worker-58: Download sources and javadoc] INFO  o.e.m.c.i.e.AbstractTransferListenerAdapter - Downloading https://repo.maven.apache.org/maven2/org/apache/tomcat/tomcat-api/10.1.14/tomcat-api-10.1.14-sources.jar
2025-11-13 17:38:35,711 [Worker-58: Download sources and javadoc] INFO  o.e.m.c.i.e.AbstractTransferListenerAdapter - Downloaded https://repo.maven.apache.org/maven2/org/apache/tomcat/tomcat-api/10.1.14/tomcat-api-10.1.14-sources.jar
2025-11-13 17:38:35,711 [Worker-58: Download sources and javadoc] INFO  o.e.m.j.internal.DownloadSourcesJob - Downloaded sources for org.apache.tomcat:tomcat-api:10.1.14
2025-11-13 17:38:35,936 [Worker-58: Download sources and javadoc] INFO  o.e.m.c.i.e.AbstractTransferListenerAdapter - Downloading https://repo.maven.apache.org/maven2/org/apache/tomcat/tomcat-jni/10.1.14/tomcat-jni-10.1.14-sources.jar
2025-11-13 17:38:36,103 [Worker-58: Download sources and javadoc] INFO  o.e.m.c.i.e.AbstractTransferListenerAdapter - Downloaded https://repo.maven.apache.org/maven2/org/apache/tomcat/tomcat-jni/10.1.14/tomcat-jni-10.1.14-sources.jar
2025-11-13 17:38:36,106 [Worker-58: Download sources and javadoc] INFO  o.e.m.j.internal.DownloadSourcesJob - Downloaded sources for org.apache.tomcat:tomcat-jni:10.1.14
2025-11-13 17:38:36,591 [Worker-58: Download sources and javadoc] INFO  o.e.m.c.i.e.AbstractTransferListenerAdapter - Downloading https://repo.maven.apache.org/maven2/org/apache/tomcat/tomcat-coyote/10.1.14/tomcat-coyote-10.1.14-sources.jar
2025-11-13 17:38:36,698 [Worker-58: Download sources and javadoc] INFO  o.e.m.c.i.e.AbstractTransferListenerAdapter - Downloaded https://repo.maven.apache.org/maven2/org/apache/tomcat/tomcat-coyote/10.1.14/tomcat-coyote-10.1.14-sources.jar
2025-11-13 17:38:36,701 [Worker-58: Download sources and javadoc] INFO  o.e.m.j.internal.DownloadSourcesJob - Downloaded sources for org.apache.tomcat:tomcat-coyote:10.1.14
2025-11-13 17:38:37,328 [Worker-58: Download sources and javadoc] INFO  o.e.m.c.i.e.AbstractTransferListenerAdapter - Downloading https://repo.maven.apache.org/maven2/org/apache/tomcat/tomcat-util/10.1.14/tomcat-util-10.1.14-sources.jar
2025-11-13 17:38:37,392 [Worker-58: Download sources and javadoc] INFO  o.e.m.c.i.e.AbstractTransferListenerAdapter - Downloaded https://repo.maven.apache.org/maven2/org/apache/tomcat/tomcat-util/10.1.14/tomcat-util-10.1.14-sources.jar
2025-11-13 17:38:37,397 [Worker-58: Download sources and javadoc] INFO  o.e.m.j.internal.DownloadSourcesJob - Downloaded sources for org.apache.tomcat:tomcat-util:10.1.14
2025-11-13 17:38:37,784 [Worker-58: Download sources and javadoc] INFO  o.e.m.c.i.e.AbstractTransferListenerAdapter - Downloading https://repo.maven.apache.org/maven2/org/apache/tomcat/tomcat-util-scan/10.1.14/tomcat-util-scan-10.1.14-sources.jar
2025-11-13 17:38:37,831 [Worker-58: Download sources and javadoc] INFO  o.e.m.c.i.e.AbstractTransferListenerAdapter - Downloaded https://repo.maven.apache.org/maven2/org/apache/tomcat/tomcat-util-scan/10.1.14/tomcat-util-scan-10.1.14-sources.jar
2025-11-13 17:38:37,837 [Worker-58: Download sources and javadoc] INFO  o.e.m.j.internal.DownloadSourcesJob - Downloaded sources for org.apache.tomcat:tomcat-util-scan:10.1.14
2025-11-13 17:38:38,490 [Worker-58: Download sources and javadoc] INFO  o.e.m.c.i.e.AbstractTransferListenerAdapter - Downloading https://repo.maven.apache.org/maven2/org/apache/tomcat/tomcat-jaspic-api/10.1.14/tomcat-jaspic-api-10.1.14-sources.jar
2025-11-13 17:38:38,790 [Worker-58: Download sources and javadoc] INFO  o.e.m.c.i.e.AbstractTransferListenerAdapter - Downloaded https://repo.maven.apache.org/maven2/org/apache/tomcat/tomcat-jaspic-api/10.1.14/tomcat-jaspic-api-10.1.14-sources.jar
2025-11-13 17:38:38,793 [Worker-58: Download sources and javadoc] INFO  o.e.m.j.internal.DownloadSourcesJob - Downloaded sources for org.apache.tomcat:tomcat-jaspic-api:10.1.14
2025-11-13 17:39:17,160 [Worker-48: Building] INFO  o.e.m.c.i.e.AbstractTransferListenerAdapter - Downloading https://repo.maven.apache.org/maven2/org/apache/maven/plugins/maven-war-plugin/3.3.2/maven-war-plugin-3.3.2.jar
2025-11-13 17:39:17,205 [Worker-48: Building] INFO  o.e.m.c.i.e.AbstractTransferListenerAdapter - Downloaded https://repo.maven.apache.org/maven2/org/apache/maven/plugins/maven-war-plugin/3.3.2/maven-war-plugin-3.3.2.jar
2025-11-13 17:39:17,395 [Worker-48: Building] INFO  o.e.m.c.i.l.LifecycleMappingFactory - Using org.maven.ide.eclipse.wtp.WarLifecycleMapping lifecycle mapping for MavenProject: gimalProject:gimalProject:0.0.1-SNAPSHOT @ C:\Users\Public\gimalProject\gimalProject\pom.xml.
2025-11-13 17:39:17,532 [Worker-48: Building] INFO  o.e.m.c.i.e.AbstractTransferListenerAdapter - Downloading https://repo.maven.apache.org/maven2/org/apache/maven/plugins/maven-war-plugin/3.3.2/maven-war-plugin-3.3.2.pom
2025-11-13 17:39:17,564 [Worker-48: Building] INFO  o.e.m.c.i.e.AbstractTransferListenerAdapter - Downloaded https://repo.maven.apache.org/maven2/org/apache/maven/plugins/maven-war-plugin/3.3.2/maven-war-plugin-3.3.2.pom
2025-11-13 17:39:17,654 [Worker-48: Building] INFO  o.e.m.c.i.e.AbstractTransferListenerAdapter - Downloading https://repo.maven.apache.org/maven2/org/codehaus/plexus/plexus-utils/3.0.10/plexus-utils-3.0.10.pom
2025-11-13 17:39:17,682 [Worker-48: Building] INFO  o.e.m.c.i.e.AbstractTransferListenerAdapter - Downloaded https://repo.maven.apache.org/maven2/org/codehaus/plexus/plexus-utils/3.0.10/plexus-utils-3.0.10.pom
2025-11-13 17:39:17,746 [Worker-48: Building] INFO  o.e.m.c.i.e.AbstractTransferListenerAdapter - Downloading https://repo.maven.apache.org/maven2/org/eclipse/sisu/org.eclipse.sisu.plexus/0.0.0.M2a/org.eclipse.sisu.plexus-0.0.0.M2a.pom
2025-11-13 17:39:17,771 [Worker-48: Building] INFO  o.e.m.c.i.e.AbstractTransferListenerAdapter - Downloaded https://repo.maven.apache.org/maven2/org/eclipse/sisu/org.eclipse.sisu.plexus/0.0.0.M2a/org.eclipse.sisu.plexus-0.0.0.M2a.pom
2025-11-13 17:39:17,808 [Worker-48: Building] INFO  o.e.m.c.i.e.AbstractTransferListenerAdapter - Downloading https://repo.maven.apache.org/maven2/org/eclipse/sisu/sisu-plexus/0.0.0.M2a/sisu-plexus-0.0.0.M2a.pom
2025-11-13 17:39:17,833 [Worker-48: Building] INFO  o.e.m.c.i.e.AbstractTransferListenerAdapter - Downloaded https://repo.maven.apache.org/maven2/org/eclipse/sisu/sisu-plexus/0.0.0.M2a/sisu-plexus-0.0.0.M2a.pom
2025-11-13 17:39:17,911 [Worker-48: Building] INFO  o.e.m.c.i.e.AbstractTransferListenerAdapter - Downloading https://repo.maven.apache.org/maven2/com/google/guava/guava/10.0.1/guava-10.0.1.pom
2025-11-13 17:39:17,935 [Worker-48: Building] INFO  o.e.m.c.i.e.AbstractTransferListenerAdapter - Downloaded https://repo.maven.apache.org/maven2/com/google/guava/guava/10.0.1/guava-10.0.1.pom
2025-11-13 17:39:17,966 [Worker-48: Building] INFO  o.e.m.c.i.e.AbstractTransferListenerAdapter - Downloading https://repo.maven.apache.org/maven2/com/google/guava/guava-parent/10.0.1/guava-parent-10.0.1.pom
2025-11-13 17:39:17,990 [Worker-48: Building] INFO  o.e.m.c.i.e.AbstractTransferListenerAdapter - Downloaded https://repo.maven.apache.org/maven2/com/google/guava/guava-parent/10.0.1/guava-parent-10.0.1.pom
2025-11-13 17:39:18,025 [Worker-48: Building] INFO  o.e.m.c.i.e.AbstractTransferListenerAdapter - Downloading https://repo.maven.apache.org/maven2/com/google/code/findbugs/jsr305/1.3.9/jsr305-1.3.9.pom
2025-11-13 17:39:18,049 [Worker-48: Building] INFO  o.e.m.c.i.e.AbstractTransferListenerAdapter - Downloaded https://repo.maven.apache.org/maven2/com/google/code/findbugs/jsr305/1.3.9/jsr305-1.3.9.pom
2025-11-13 17:39:18,088 [Worker-48: Building] INFO  o.e.m.c.i.e.AbstractTransferListenerAdapter - Downloading https://repo.maven.apache.org/maven2/org/sonatype/sisu/sisu-guice/3.1.0/sisu-guice-3.1.0.pom
2025-11-13 17:39:18,111 [Worker-48: Building] INFO  o.e.m.c.i.e.AbstractTransferListenerAdapter - Downloaded https://repo.maven.apache.org/maven2/org/sonatype/sisu/sisu-guice/3.1.0/sisu-guice-3.1.0.pom
2025-11-13 17:39:18,160 [Worker-48: Building] INFO  o.e.m.c.i.e.AbstractTransferListenerAdapter - Downloading https://repo.maven.apache.org/maven2/org/sonatype/sisu/inject/guice-parent/3.1.0/guice-parent-3.1.0.pom
2025-11-13 17:39:18,188 [Worker-48: Building] INFO  o.e.m.c.i.e.AbstractTransferListenerAdapter - Downloaded https://repo.maven.apache.org/maven2/org/sonatype/sisu/inject/guice-parent/3.1.0/guice-parent-3.1.0.pom
2025-11-13 17:39:18,234 [Worker-48: Building] INFO  o.e.m.c.i.e.AbstractTransferListenerAdapter - Downloading https://repo.maven.apache.org/maven2/org/eclipse/sisu/org.eclipse.sisu.inject/0.0.0.M2a/org.eclipse.sisu.inject-0.0.0.M2a.pom
2025-11-13 17:39:18,258 [Worker-48: Building] INFO  o.e.m.c.i.e.AbstractTransferListenerAdapter - Downloaded https://repo.maven.apache.org/maven2/org/eclipse/sisu/org.eclipse.sisu.inject/0.0.0.M2a/org.eclipse.sisu.inject-0.0.0.M2a.pom
2025-11-13 17:39:18,315 [Worker-48: Building] INFO  o.e.m.c.i.e.AbstractTransferListenerAdapter - Downloading https://repo.maven.apache.org/maven2/org/eclipse/sisu/sisu-inject/0.0.0.M2a/sisu-inject-0.0.0.M2a.pom
2025-11-13 17:39:18,340 [Worker-48: Building] INFO  o.e.m.c.i.e.AbstractTransferListenerAdapter - Downloaded https://repo.maven.apache.org/maven2/org/eclipse/sisu/sisu-inject/0.0.0.M2a/sisu-inject-0.0.0.M2a.pom
2025-11-13 17:39:18,369 [Worker-48: Building] INFO  o.e.m.c.i.e.AbstractTransferListenerAdapter - Downloading https://repo.maven.apache.org/maven2/asm/asm/3.3.1/asm-3.3.1.pom
2025-11-13 17:39:18,396 [Worker-48: Building] INFO  o.e.m.c.i.e.AbstractTransferListenerAdapter - Downloaded https://repo.maven.apache.org/maven2/asm/asm/3.3.1/asm-3.3.1.pom
2025-11-13 17:39:18,431 [Worker-48: Building] INFO  o.e.m.c.i.e.AbstractTransferListenerAdapter - Downloading https://repo.maven.apache.org/maven2/asm/asm-parent/3.3.1/asm-parent-3.3.1.pom
2025-11-13 17:39:18,453 [Worker-48: Building] INFO  o.e.m.c.i.e.AbstractTransferListenerAdapter - Downloaded https://repo.maven.apache.org/maven2/asm/asm-parent/3.3.1/asm-parent-3.3.1.pom
2025-11-13 17:39:18,518 [Worker-48: Building] INFO  o.e.m.c.i.e.AbstractTransferListenerAdapter - Downloading https://repo.maven.apache.org/maven2/org/codehaus/plexus/plexus-classworlds/2.4/plexus-classworlds-2.4.pom
2025-11-13 17:39:18,543 [Worker-48: Building] INFO  o.e.m.c.i.e.AbstractTransferListenerAdapter - Downloaded https://repo.maven.apache.org/maven2/org/codehaus/plexus/plexus-classworlds/2.4/plexus-classworlds-2.4.pom
2025-11-13 17:39:18,580 [Worker-48: Building] INFO  o.e.m.c.i.e.AbstractTransferListenerAdapter - Downloading https://repo.maven.apache.org/maven2/org/codehaus/plexus/plexus-utils/2.1/plexus-utils-2.1.pom
2025-11-13 17:39:18,606 [Worker-48: Building] INFO  o.e.m.c.i.e.AbstractTransferListenerAdapter - Downloaded https://repo.maven.apache.org/maven2/org/codehaus/plexus/plexus-utils/2.1/plexus-utils-2.1.pom
2025-11-13 17:39:18,642 [Worker-48: Building] INFO  o.e.m.c.i.e.AbstractTransferListenerAdapter - Downloading https://repo.maven.apache.org/maven2/org/sonatype/spice/spice-parent/16/spice-parent-16.pom
2025-11-13 17:39:18,668 [Worker-48: Building] INFO  o.e.m.c.i.e.AbstractTransferListenerAdapter - Downloaded https://repo.maven.apache.org/maven2/org/sonatype/spice/spice-parent/16/spice-parent-16.pom
2025-11-13 17:39:18,844 [Worker-48: Building] INFO  o.e.m.c.i.e.AbstractTransferListenerAdapter - Downloading https://repo.maven.apache.org/maven2/org/apache/maven/maven-archiver/3.5.0/maven-archiver-3.5.0.pom
2025-11-13 17:39:18,871 [Worker-48: Building] INFO  o.e.m.c.i.e.AbstractTransferListenerAdapter - Downloaded https://repo.maven.apache.org/maven2/org/apache/maven/maven-archiver/3.5.0/maven-archiver-3.5.0.pom
2025-11-13 17:39:18,946 [Worker-48: Building] INFO  o.e.m.c.i.e.AbstractTransferListenerAdapter - Downloading https://repo.maven.apache.org/maven2/org/codehaus/plexus/plexus-archiver/4.2.0/plexus-archiver-4.2.0.pom
2025-11-13 17:39:18,970 [Worker-48: Building] INFO  o.e.m.c.i.e.AbstractTransferListenerAdapter - Downloaded https://repo.maven.apache.org/maven2/org/codehaus/plexus/plexus-archiver/4.2.0/plexus-archiver-4.2.0.pom
2025-11-13 17:39:19,039 [Worker-48: Building] INFO  o.e.m.c.i.e.AbstractTransferListenerAdapter - Downloading https://repo.maven.apache.org/maven2/org/apache/commons/commons-compress/1.19/commons-compress-1.19.pom
2025-11-13 17:39:19,066 [Worker-48: Building] INFO  o.e.m.c.i.e.AbstractTransferListenerAdapter - Downloaded https://repo.maven.apache.org/maven2/org/apache/commons/commons-compress/1.19/commons-compress-1.19.pom
2025-11-13 17:39:19,110 [Worker-48: Building] INFO  o.e.m.c.i.e.AbstractTransferListenerAdapter - Downloading https://repo.maven.apache.org/maven2/org/codehaus/plexus/plexus-archiver/4.2.2/plexus-archiver-4.2.2.pom
2025-11-13 17:39:19,133 [Worker-48: Building] INFO  o.e.m.c.i.e.AbstractTransferListenerAdapter - Downloaded https://repo.maven.apache.org/maven2/org/codehaus/plexus/plexus-archiver/4.2.2/plexus-archiver-4.2.2.pom
2025-11-13 17:39:19,173 [Worker-48: Building] INFO  o.e.m.c.i.e.AbstractTransferListenerAdapter - Downloading https://repo.maven.apache.org/maven2/org/codehaus/plexus/plexus/6.1/plexus-6.1.pom
2025-11-13 17:39:19,199 [Worker-48: Building] INFO  o.e.m.c.i.e.AbstractTransferListenerAdapter - Downloaded https://repo.maven.apache.org/maven2/org/codehaus/plexus/plexus/6.1/plexus-6.1.pom
2025-11-13 17:39:19,349 [Worker-48: Building] INFO  o.e.m.c.i.e.AbstractTransferListenerAdapter - Downloading https://repo.maven.apache.org/maven2/org/eclipse/aether/aether-util/0.9.0.M2/aether-util-0.9.0.M2.jar
2025-11-13 17:39:19,396 [Worker-48: Building] INFO  o.e.m.c.i.e.AbstractTransferListenerAdapter - Downloaded https://repo.maven.apache.org/maven2/org/eclipse/aether/aether-util/0.9.0.M2/aether-util-0.9.0.M2.jar
2025-11-13 17:39:19,437 [BasicRepositoryConnector-repo.maven.apache.org-5-2] INFO  o.e.m.c.i.e.AbstractTransferListenerAdapter - Downloading https://repo.maven.apache.org/maven2/org/codehaus/plexus/plexus-archiver/4.2.2/plexus-archiver-4.2.2.jar
2025-11-13 17:39:19,449 [BasicRepositoryConnector-repo.maven.apache.org-5-4] INFO  o.e.m.c.i.e.AbstractTransferListenerAdapter - Downloading https://repo.maven.apache.org/maven2/org/apache/commons/commons-compress/1.20/commons-compress-1.20.jar
2025-11-13 17:39:19,449 [BasicRepositoryConnector-repo.maven.apache.org-5-1] INFO  o.e.m.c.i.e.AbstractTransferListenerAdapter - Downloading https://repo.maven.apache.org/maven2/org/apache/maven/maven-archiver/3.5.0/maven-archiver-3.5.0.jar
2025-11-13 17:39:19,453 [BasicRepositoryConnector-repo.maven.apache.org-5-3] INFO  o.e.m.c.i.e.AbstractTransferListenerAdapter - Downloading https://repo.maven.apache.org/maven2/org/codehaus/plexus/plexus-io/3.2.0/plexus-io-3.2.0.jar
2025-11-13 17:39:19,477 [BasicRepositoryConnector-repo.maven.apache.org-5-0] INFO  o.e.m.c.i.e.AbstractTransferListenerAdapter - Downloading https://repo.maven.apache.org/maven2/org/apache/maven/maven-model/3.1.0/maven-model-3.1.0.jar
2025-11-13 17:39:19,477 [BasicRepositoryConnector-repo.maven.apache.org-5-2] INFO  o.e.m.c.i.e.AbstractTransferListenerAdapter - Downloaded https://repo.maven.apache.org/maven2/org/codehaus/plexus/plexus-archiver/4.2.2/plexus-archiver-4.2.2.jar
2025-11-13 17:39:19,504 [BasicRepositoryConnector-repo.maven.apache.org-5-3] INFO  o.e.m.c.i.e.AbstractTransferListenerAdapter - Downloaded https://repo.maven.apache.org/maven2/org/codehaus/plexus/plexus-io/3.2.0/plexus-io-3.2.0.jar
2025-11-13 17:39:19,523 [BasicRepositoryConnector-repo.maven.apache.org-5-2] INFO  o.e.m.c.i.e.AbstractTransferListenerAdapter - Downloading https://repo.maven.apache.org/maven2/org/codehaus/plexus/plexus-utils/3.3.0/plexus-utils-3.3.0.jar
2025-11-13 17:39:19,551 [BasicRepositoryConnector-repo.maven.apache.org-5-0] INFO  o.e.m.c.i.e.AbstractTransferListenerAdapter - Downloaded https://repo.maven.apache.org/maven2/org/apache/maven/maven-model/3.1.0/maven-model-3.1.0.jar
2025-11-13 17:39:19,552 [BasicRepositoryConnector-repo.maven.apache.org-5-4] INFO  o.e.m.c.i.e.AbstractTransferListenerAdapter - Downloaded https://repo.maven.apache.org/maven2/org/apache/commons/commons-compress/1.20/commons-compress-1.20.jar
2025-11-13 17:39:19,569 [BasicRepositoryConnector-repo.maven.apache.org-5-3] INFO  o.e.m.c.i.e.AbstractTransferListenerAdapter - Downloading https://repo.maven.apache.org/maven2/org/eclipse/sisu/org.eclipse.sisu.plexus/0.0.0.M2a/org.eclipse.sisu.plexus-0.0.0.M2a.jar
2025-11-13 17:39:19,616 [BasicRepositoryConnector-repo.maven.apache.org-5-4] INFO  o.e.m.c.i.e.AbstractTransferListenerAdapter - Downloading https://repo.maven.apache.org/maven2/com/google/code/findbugs/jsr305/1.3.9/jsr305-1.3.9.jar
2025-11-13 17:39:19,617 [BasicRepositoryConnector-repo.maven.apache.org-5-0] INFO  o.e.m.c.i.e.AbstractTransferListenerAdapter - Downloading https://repo.maven.apache.org/maven2/com/google/guava/guava/10.0.1/guava-10.0.1.jar
2025-11-13 17:39:19,643 [BasicRepositoryConnector-repo.maven.apache.org-5-3] INFO  o.e.m.c.i.e.AbstractTransferListenerAdapter - Downloaded https://repo.maven.apache.org/maven2/org/eclipse/sisu/org.eclipse.sisu.plexus/0.0.0.M2a/org.eclipse.sisu.plexus-0.0.0.M2a.jar
2025-11-13 17:39:19,668 [BasicRepositoryConnector-repo.maven.apache.org-5-1] INFO  o.e.m.c.i.e.AbstractTransferListenerAdapter - Downloaded https://repo.maven.apache.org/maven2/org/apache/maven/maven-archiver/3.5.0/maven-archiver-3.5.0.jar
2025-11-13 17:39:19,909 [BasicRepositoryConnector-repo.maven.apache.org-5-3] INFO  o.e.m.c.i.e.AbstractTransferListenerAdapter - Downloading https://repo.maven.apache.org/maven2/org/sonatype/sisu/sisu-guice/3.1.0/sisu-guice-3.1.0-no_aop.jar
2025-11-13 17:39:19,919 [BasicRepositoryConnector-repo.maven.apache.org-5-2] INFO  o.e.m.c.i.e.AbstractTransferListenerAdapter - Downloaded https://repo.maven.apache.org/maven2/org/codehaus/plexus/plexus-utils/3.3.0/plexus-utils-3.3.0.jar
2025-11-13 17:39:19,935 [BasicRepositoryConnector-repo.maven.apache.org-5-1] INFO  o.e.m.c.i.e.AbstractTransferListenerAdapter - Downloading https://repo.maven.apache.org/maven2/aopalliance/aopalliance/1.0/aopalliance-1.0.jar
2025-11-13 17:39:19,949 [BasicRepositoryConnector-repo.maven.apache.org-5-1] INFO  o.e.m.c.i.e.AbstractTransferListenerAdapter - Downloaded https://repo.maven.apache.org/maven2/aopalliance/aopalliance/1.0/aopalliance-1.0.jar
2025-11-13 17:39:19,964 [BasicRepositoryConnector-repo.maven.apache.org-5-2] INFO  o.e.m.c.i.e.AbstractTransferListenerAdapter - Downloading https://repo.maven.apache.org/maven2/org/eclipse/sisu/org.eclipse.sisu.inject/0.0.0.M2a/org.eclipse.sisu.inject-0.0.0.M2a.jar
2025-11-13 17:39:19,980 [BasicRepositoryConnector-repo.maven.apache.org-5-3] INFO  o.e.m.c.i.e.AbstractTransferListenerAdapter - Downloaded https://repo.maven.apache.org/maven2/org/sonatype/sisu/sisu-guice/3.1.0/sisu-guice-3.1.0-no_aop.jar
2025-11-13 17:39:19,997 [BasicRepositoryConnector-repo.maven.apache.org-5-1] INFO  o.e.m.c.i.e.AbstractTransferListenerAdapter - Downloading https://repo.maven.apache.org/maven2/asm/asm/3.3.1/asm-3.3.1.jar
2025-11-13 17:39:20,008 [BasicRepositoryConnector-repo.maven.apache.org-5-2] INFO  o.e.m.c.i.e.AbstractTransferListenerAdapter - Downloaded https://repo.maven.apache.org/maven2/org/eclipse/sisu/org.eclipse.sisu.inject/0.0.0.M2a/org.eclipse.sisu.inject-0.0.0.M2a.jar
2025-11-13 17:39:20,229 [BasicRepositoryConnector-repo.maven.apache.org-5-4] INFO  o.e.m.c.i.e.AbstractTransferListenerAdapter - Downloaded https://repo.maven.apache.org/maven2/com/google/code/findbugs/jsr305/1.3.9/jsr305-1.3.9.jar
2025-11-13 17:39:20,302 [BasicRepositoryConnector-repo.maven.apache.org-5-1] INFO  o.e.m.c.i.e.AbstractTransferListenerAdapter - Downloaded https://repo.maven.apache.org/maven2/asm/asm/3.3.1/asm-3.3.1.jar
2025-11-13 17:39:20,810 [BasicRepositoryConnector-repo.maven.apache.org-5-0] INFO  o.e.m.c.i.e.AbstractTransferListenerAdapter - Downloaded https://repo.maven.apache.org/maven2/com/google/guava/guava/10.0.1/guava-10.0.1.jar
2025-11-13 17:39:21,032 [Worker-48: Building] INFO  o.a.m.s.f.DefaultMavenResourcesFiltering - Copying 0 resource from src\main\resources to target\classes
2025-11-13 17:39:21,034 [Worker-48: Building] INFO  o.a.m.s.f.DefaultMavenResourcesFiltering - skip non existing resourceDirectory C:\Users\Public\gimalProject\gimalProject\src\test\resources
2025-11-13 17:39:21,034 [Worker-48: Building] INFO  o.e.m.w.i.f.ResourceFilteringBuildParticipant - Changed resources require a complete clean of filtered resources of gimalProject
2025-11-13 17:39:21,034 [Worker-48: Building] INFO  o.e.m.w.i.f.ResourceFilteringBuildParticipant - Executing resource filtering for gimalProject
2025-11-13 17:39:21,069 [Worker-48: Updating Maven Project] INFO  o.e.m.c.i.p.ProjectConfigurationManager - Update started
2025-11-13 17:39:21,280 [Worker-48: Updating Maven Project] INFO  o.e.m.c.i.l.LifecycleMappingFactory - Using org.maven.ide.eclipse.wtp.WarLifecycleMapping lifecycle mapping for MavenProject: gimalProject:gimalProject:0.0.1-SNAPSHOT @ C:\Users\Public\gimalProject\gimalProject\pom.xml.
2025-11-13 17:39:21,770 [Worker-48: Updating Maven Project] INFO  o.e.m.j.i.AbstractJavaProjectConfigurator - Adding source folder /gimalProject/src/main/java
2025-11-13 17:39:21,771 [Worker-48: Updating Maven Project] INFO  o.e.m.j.i.AbstractJavaProjectConfigurator - Adding resource folder /gimalProject/src/main/resources
2025-11-13 17:39:21,771 [Worker-48: Updating Maven Project] INFO  o.e.m.j.i.AbstractJavaProjectConfigurator - Adding source folder /gimalProject/src/test/java
2025-11-13 17:39:21,771 [Worker-48: Updating Maven Project] INFO  o.e.m.j.i.AbstractJavaProjectConfigurator - Adding resource folder /gimalProject/src/test/resources
2025-11-13 17:39:22,099 [Worker-48: Updating Maven Project] INFO  o.e.m.w.i.f.ResourceFilteringBuildParticipant - Cleaning filtered folder for gimalProject
2025-11-13 17:39:22,121 [Worker-48: Updating Maven Project] INFO  o.e.m.c.i.p.ProjectConfigurationManager - Update completed for 1 poms: local refresh takes 0.00 sec, refresh facades takes 0.00 sec, update config takes 0.00 sec 
2025-11-13 17:39:22,302 [Worker-55: Building] INFO  o.a.m.s.f.DefaultMavenResourcesFiltering - Copying 2 resources from src\main\resources to target\classes
2025-11-13 17:39:22,310 [Worker-55: Building] INFO  o.a.m.s.f.DefaultMavenResourcesFiltering - skip non existing resourceDirectory C:\Users\Public\gimalProject\gimalProject\src\test\resources
2025-11-13 17:39:22,310 [Worker-55: Building] INFO  o.e.m.w.i.f.ResourceFilteringBuildParticipant - Changed resources require a complete clean of filtered resources of gimalProject
2025-11-13 17:39:22,310 [Worker-55: Building] INFO  o.e.m.w.i.f.ResourceFilteringBuildParticipant - Executing resource filtering for gimalProject
2025-11-13 17:39:23,762 [Worker-48: Launching gimalProject (7)] INFO  o.eclipse.m2e.core.internal.Bundles - getClasspathEntries(Bundle=org.eclipse.m2e.maven.runtime_3.9.700.20240602-2313 [645])
2025-11-13 17:39:23,763 [Worker-48: Launching gimalProject (7)] INFO  o.eclipse.m2e.core.internal.Bundles - 	Entry: C:\eclipse workspace\eclipse\plugins\org.eclipse.m2e.maven.runtime_3.9.700.20240602-2313
2025-11-13 17:39:23,763 [Worker-48: Launching gimalProject (7)] INFO  o.eclipse.m2e.core.internal.Bundles - 	Entry: C:\eclipse workspace\eclipse\plugins\org.eclipse.m2e.maven.runtime_3.9.700.20240602-2313\jars\aopalliance-1.0.jar
2025-11-13 17:39:23,763 [Worker-48: Launching gimalProject (7)] INFO  o.eclipse.m2e.core.internal.Bundles - 	Entry: C:\eclipse workspace\eclipse\plugins\org.eclipse.m2e.maven.runtime_3.9.700.20240602-2313\jars\guice-5.1.0.jar
2025-11-13 17:39:23,763 [Worker-48: Launching gimalProject (7)] INFO  o.eclipse.m2e.core.internal.Bundles - 	Entry: C:\eclipse workspace\eclipse\plugins\org.eclipse.m2e.maven.runtime_3.9.700.20240602-2313\jars\httpclient-4.5.14.jar
2025-11-13 17:39:23,763 [Worker-48: Launching gimalProject (7)] INFO  o.eclipse.m2e.core.internal.Bundles - 	Entry: C:\eclipse workspace\eclipse\plugins\org.eclipse.m2e.maven.runtime_3.9.700.20240602-2313\jars\httpcore-4.4.16.jar
2025-11-13 17:39:23,763 [Worker-48: Launching gimalProject (7)] INFO  o.eclipse.m2e.core.internal.Bundles - 	Entry: C:\eclipse workspace\eclipse\plugins\org.eclipse.m2e.maven.runtime_3.9.700.20240602-2313\jars\jansi-2.4.1.jar
2025-11-13 17:39:23,763 [Worker-48: Launching gimalProject (7)] INFO  o.eclipse.m2e.core.internal.Bundles - 	Entry: C:\eclipse workspace\eclipse\plugins\org.eclipse.m2e.maven.runtime_3.9.700.20240602-2313\jars\jcl-over-slf4j-1.7.36.jar
2025-11-13 17:39:23,763 [Worker-48: Launching gimalProject (7)] INFO  o.eclipse.m2e.core.internal.Bundles - 	Entry: C:\eclipse workspace\eclipse\plugins\org.eclipse.m2e.maven.runtime_3.9.700.20240602-2313\jars\maven-artifact-3.9.7.jar
2025-11-13 17:39:23,764 [Worker-48: Launching gimalProject (7)] INFO  o.eclipse.m2e.core.internal.Bundles - 	Entry: C:\eclipse workspace\eclipse\plugins\org.eclipse.m2e.maven.runtime_3.9.700.20240602-2313\jars\maven-builder-support-3.9.7.jar
2025-11-13 17:39:23,764 [Worker-48: Launching gimalProject (7)] INFO  o.eclipse.m2e.core.internal.Bundles - 	Entry: C:\eclipse workspace\eclipse\plugins\org.eclipse.m2e.maven.runtime_3.9.700.20240602-2313\jars\maven-compat-3.9.7.jar
2025-11-13 17:39:23,764 [Worker-48: Launching gimalProject (7)] INFO  o.eclipse.m2e.core.internal.Bundles - 	Entry: C:\eclipse workspace\eclipse\plugins\org.eclipse.m2e.maven.runtime_3.9.700.20240602-2313\jars\maven-core-3.9.7.jar
2025-11-13 17:39:23,764 [Worker-48: Launching gimalProject (7)] INFO  o.eclipse.m2e.core.internal.Bundles - 	Entry: C:\eclipse workspace\eclipse\plugins\org.eclipse.m2e.maven.runtime_3.9.700.20240602-2313\jars\maven-embedder-3.9.7.jar
2025-11-13 17:39:23,764 [Worker-48: Launching gimalProject (7)] INFO  o.eclipse.m2e.core.internal.Bundles - 	Entry: C:\eclipse workspace\eclipse\plugins\org.eclipse.m2e.maven.runtime_3.9.700.20240602-2313\jars\maven-model-3.9.7.jar
2025-11-13 17:39:23,764 [Worker-48: Launching gimalProject (7)] INFO  o.eclipse.m2e.core.internal.Bundles - 	Entry: C:\eclipse workspace\eclipse\plugins\org.eclipse.m2e.maven.runtime_3.9.700.20240602-2313\jars\maven-model-builder-3.9.7.jar
2025-11-13 17:39:23,764 [Worker-48: Launching gimalProject (7)] INFO  o.eclipse.m2e.core.internal.Bundles - 	Entry: C:\eclipse workspace\eclipse\plugins\org.eclipse.m2e.maven.runtime_3.9.700.20240602-2313\jars\maven-plugin-api-3.9.7.jar
2025-11-13 17:39:23,764 [Worker-48: Launching gimalProject (7)] INFO  o.eclipse.m2e.core.internal.Bundles - 	Entry: C:\eclipse workspace\eclipse\plugins\org.eclipse.m2e.maven.runtime_3.9.700.20240602-2313\jars\maven-repository-metadata-3.9.7.jar
2025-11-13 17:39:23,764 [Worker-48: Launching gimalProject (7)] INFO  o.eclipse.m2e.core.internal.Bundles - 	Entry: C:\eclipse workspace\eclipse\plugins\org.eclipse.m2e.maven.runtime_3.9.700.20240602-2313\jars\maven-resolver-api-1.9.20.jar
2025-11-13 17:39:23,764 [Worker-48: Launching gimalProject (7)] INFO  o.eclipse.m2e.core.internal.Bundles - 	Entry: C:\eclipse workspace\eclipse\plugins\org.eclipse.m2e.maven.runtime_3.9.700.20240602-2313\jars\maven-resolver-connector-basic-1.9.20.jar
2025-11-13 17:39:23,765 [Worker-48: Launching gimalProject (7)] INFO  o.eclipse.m2e.core.internal.Bundles - 	Entry: C:\eclipse workspace\eclipse\plugins\org.eclipse.m2e.maven.runtime_3.9.700.20240602-2313\jars\maven-resolver-impl-1.9.20.jar
2025-11-13 17:39:23,765 [Worker-48: Launching gimalProject (7)] INFO  o.eclipse.m2e.core.internal.Bundles - 	Entry: C:\eclipse workspace\eclipse\plugins\org.eclipse.m2e.maven.runtime_3.9.700.20240602-2313\jars\maven-resolver-named-locks-1.9.20.jar
2025-11-13 17:39:23,765 [Worker-48: Launching gimalProject (7)] INFO  o.eclipse.m2e.core.internal.Bundles - 	Entry: C:\eclipse workspace\eclipse\plugins\org.eclipse.m2e.maven.runtime_3.9.700.20240602-2313\jars\maven-resolver-provider-3.9.7.jar
2025-11-13 17:39:23,765 [Worker-48: Launching gimalProject (7)] INFO  o.eclipse.m2e.core.internal.Bundles - 	Entry: C:\eclipse workspace\eclipse\plugins\org.eclipse.m2e.maven.runtime_3.9.700.20240602-2313\jars\maven-resolver-spi-1.9.20.jar
2025-11-13 17:39:23,765 [Worker-48: Launching gimalProject (7)] INFO  o.eclipse.m2e.core.internal.Bundles - 	Entry: C:\eclipse workspace\eclipse\plugins\org.eclipse.m2e.maven.runtime_3.9.700.20240602-2313\jars\maven-resolver-transport-file-1.9.20.jar
2025-11-13 17:39:23,765 [Worker-48: Launching gimalProject (7)] INFO  o.eclipse.m2e.core.internal.Bundles - 	Entry: C:\eclipse workspace\eclipse\plugins\org.eclipse.m2e.maven.runtime_3.9.700.20240602-2313\jars\maven-resolver-transport-http-1.9.20.jar
2025-11-13 17:39:23,765 [Worker-48: Launching gimalProject (7)] INFO  o.eclipse.m2e.core.internal.Bundles - 	Entry: C:\eclipse workspace\eclipse\plugins\org.eclipse.m2e.maven.runtime_3.9.700.20240602-2313\jars\maven-resolver-transport-wagon-1.9.20.jar
2025-11-13 17:39:23,765 [Worker-48: Launching gimalProject (7)] INFO  o.eclipse.m2e.core.internal.Bundles - 	Entry: C:\eclipse workspace\eclipse\plugins\org.eclipse.m2e.maven.runtime_3.9.700.20240602-2313\jars\maven-resolver-util-1.9.20.jar
2025-11-13 17:39:23,765 [Worker-48: Launching gimalProject (7)] INFO  o.eclipse.m2e.core.internal.Bundles - 	Entry: C:\eclipse workspace\eclipse\plugins\org.eclipse.m2e.maven.runtime_3.9.700.20240602-2313\jars\maven-settings-3.9.7.jar
2025-11-13 17:39:23,765 [Worker-48: Launching gimalProject (7)] INFO  o.eclipse.m2e.core.internal.Bundles - 	Entry: C:\eclipse workspace\eclipse\plugins\org.eclipse.m2e.maven.runtime_3.9.700.20240602-2313\jars\maven-settings-builder-3.9.7.jar
2025-11-13 17:39:23,766 [Worker-48: Launching gimalProject (7)] INFO  o.eclipse.m2e.core.internal.Bundles - 	Entry: C:\eclipse workspace\eclipse\plugins\org.eclipse.m2e.maven.runtime_3.9.700.20240602-2313\jars\maven-shared-utils-3.4.2.jar
2025-11-13 17:39:23,766 [Worker-48: Launching gimalProject (7)] INFO  o.eclipse.m2e.core.internal.Bundles - 	Entry: C:\eclipse workspace\eclipse\plugins\org.eclipse.m2e.maven.runtime_3.9.700.20240602-2313\jars\org.eclipse.sisu.inject-0.9.0.M2.jar
2025-11-13 17:39:23,766 [Worker-48: Launching gimalProject (7)] INFO  o.eclipse.m2e.core.internal.Bundles - 	Entry: C:\eclipse workspace\eclipse\plugins\org.eclipse.m2e.maven.runtime_3.9.700.20240602-2313\jars\org.eclipse.sisu.plexus-0.9.0.M2.jar
2025-11-13 17:39:23,766 [Worker-48: Launching gimalProject (7)] INFO  o.eclipse.m2e.core.internal.Bundles - 	Entry: C:\eclipse workspace\eclipse\plugins\org.eclipse.m2e.maven.runtime_3.9.700.20240602-2313\jars\plexus-build-api-0.0.7.jar
2025-11-13 17:39:23,766 [Worker-48: Launching gimalProject (7)] INFO  o.eclipse.m2e.core.internal.Bundles - 	Entry: C:\eclipse workspace\eclipse\plugins\org.eclipse.m2e.maven.runtime_3.9.700.20240602-2313\jars\plexus-build-api-1.2.0.jar
2025-11-13 17:39:23,766 [Worker-48: Launching gimalProject (7)] INFO  o.eclipse.m2e.core.internal.Bundles - 	Entry: C:\eclipse workspace\eclipse\plugins\org.eclipse.m2e.maven.runtime_3.9.700.20240602-2313\jars\plexus-cipher-2.0.jar
2025-11-13 17:39:23,766 [Worker-48: Launching gimalProject (7)] INFO  o.eclipse.m2e.core.internal.Bundles - 	Entry: C:\eclipse workspace\eclipse\plugins\org.eclipse.m2e.maven.runtime_3.9.700.20240602-2313\jars\plexus-classworlds-2.8.0.jar
2025-11-13 17:39:23,766 [Worker-48: Launching gimalProject (7)] INFO  o.eclipse.m2e.core.internal.Bundles - 	Entry: C:\eclipse workspace\eclipse\plugins\org.eclipse.m2e.maven.runtime_3.9.700.20240602-2313\jars\plexus-component-annotations-2.1.0.jar
2025-11-13 17:39:23,766 [Worker-48: Launching gimalProject (7)] INFO  o.eclipse.m2e.core.internal.Bundles - 	Entry: C:\eclipse workspace\eclipse\plugins\org.eclipse.m2e.maven.runtime_3.9.700.20240602-2313\jars\plexus-interpolation-1.27.jar
2025-11-13 17:39:23,766 [Worker-48: Launching gimalProject (7)] INFO  o.eclipse.m2e.core.internal.Bundles - 	Entry: C:\eclipse workspace\eclipse\plugins\org.eclipse.m2e.maven.runtime_3.9.700.20240602-2313\jars\plexus-sec-dispatcher-2.0.jar
2025-11-13 17:39:23,766 [Worker-48: Launching gimalProject (7)] INFO  o.eclipse.m2e.core.internal.Bundles - 	Entry: C:\eclipse workspace\eclipse\plugins\org.eclipse.m2e.maven.runtime_3.9.700.20240602-2313\jars\plexus-utils-3.5.1.jar
2025-11-13 17:39:23,767 [Worker-48: Launching gimalProject (7)] INFO  o.eclipse.m2e.core.internal.Bundles - 	Entry: C:\eclipse workspace\eclipse\plugins\org.eclipse.m2e.maven.runtime_3.9.700.20240602-2313\jars\wagon-file-3.5.3.jar
2025-11-13 17:39:23,767 [Worker-48: Launching gimalProject (7)] INFO  o.eclipse.m2e.core.internal.Bundles - 	Entry: C:\eclipse workspace\eclipse\plugins\org.eclipse.m2e.maven.runtime_3.9.700.20240602-2313\jars\wagon-http-3.5.3.jar
2025-11-13 17:39:23,767 [Worker-48: Launching gimalProject (7)] INFO  o.eclipse.m2e.core.internal.Bundles - 	Entry: C:\eclipse workspace\eclipse\plugins\org.eclipse.m2e.maven.runtime_3.9.700.20240602-2313\jars\wagon-http-shared-3.5.3.jar
2025-11-13 17:39:23,767 [Worker-48: Launching gimalProject (7)] INFO  o.eclipse.m2e.core.internal.Bundles - 	Entry: C:\eclipse workspace\eclipse\plugins\org.eclipse.m2e.maven.runtime_3.9.700.20240602-2313\jars\wagon-provider-api-3.5.3.jar
2025-11-13 17:39:23,767 [Worker-48: Launching gimalProject (7)] INFO  o.eclipse.m2e.core.internal.Bundles - getClasspathEntries(Bundle=com.google.guava_33.2.0.jre [16])
2025-11-13 17:39:23,767 [Worker-48: Launching gimalProject (7)] INFO  o.eclipse.m2e.core.internal.Bundles - 	Entry: C:\eclipse workspace\eclipse\plugins\com.google.guava_33.2.0.jre.jar
2025-11-13 17:39:23,767 [Worker-48: Launching gimalProject (7)] INFO  o.eclipse.m2e.core.internal.Bundles - getClasspathEntries(Bundle=slf4j.api_2.0.13 [1010])
2025-11-13 17:39:23,767 [Worker-48: Launching gimalProject (7)] INFO  o.eclipse.m2e.core.internal.Bundles - 	Entry: C:\eclipse workspace\eclipse\plugins\slf4j.api_2.0.13.jar
2025-11-13 17:39:23,767 [Worker-48: Launching gimalProject (7)] INFO  o.eclipse.m2e.core.internal.Bundles - getClasspathEntries(Bundle=jakarta.inject.jakarta.inject-api_1.0.5 [33])
2025-11-13 17:39:23,768 [Worker-48: Launching gimalProject (7)] INFO  o.eclipse.m2e.core.internal.Bundles - 	Entry: C:\eclipse workspace\eclipse\plugins\jakarta.inject.jakarta.inject-api_1.0.5.jar
2025-11-13 17:39:23,768 [Worker-48: Launching gimalProject (7)] INFO  o.eclipse.m2e.core.internal.Bundles - getClasspathEntries(Bundle=javax.annotation_1.3.5.v20200909-1856 [44])
2025-11-13 17:39:23,768 [Worker-48: Launching gimalProject (7)] INFO  o.eclipse.m2e.core.internal.Bundles - 	Entry: C:\eclipse workspace\eclipse\plugins\javax.annotation_1.3.5.v20200909-1856.jar
2025-11-13 17:39:23,768 [Worker-48: Launching gimalProject (7)] INFO  o.eclipse.m2e.core.internal.Bundles - getClasspathEntries(Bundle=org.apache.commons.cli_1.8.0 [78])
2025-11-13 17:39:23,768 [Worker-48: Launching gimalProject (7)] INFO  o.eclipse.m2e.core.internal.Bundles - 	Entry: C:\eclipse workspace\eclipse\plugins\org.apache.commons.cli_1.8.0.jar
2025-11-13 17:39:23,768 [Worker-48: Launching gimalProject (7)] INFO  o.eclipse.m2e.core.internal.Bundles - getClasspathEntries(Bundle=org.apache.commons.commons-codec_1.16.0 [81])
2025-11-13 17:39:23,768 [Worker-48: Launching gimalProject (7)] INFO  o.eclipse.m2e.core.internal.Bundles - 	Entry: C:\eclipse workspace\eclipse\plugins\org.apache.commons.commons-codec_1.16.0.jar
2025-11-13 17:39:23,768 [Worker-48: Launching gimalProject (7)] INFO  o.eclipse.m2e.core.internal.Bundles - getClasspathEntries(Bundle=org.apache.commons.lang3_3.14.0 [89])
2025-11-13 17:39:23,768 [Worker-48: Launching gimalProject (7)] INFO  o.eclipse.m2e.core.internal.Bundles - 	Entry: C:\eclipse workspace\eclipse\plugins\org.apache.commons.lang3_3.14.0.jar
2025-11-13 17:39:23,768 [Worker-48: Launching gimalProject (7)] INFO  o.eclipse.m2e.core.internal.Bundles - getClasspathEntries(Bundle=com.google.guava.failureaccess_1.0.2 [17])
2025-11-13 17:39:23,768 [Worker-48: Launching gimalProject (7)] INFO  o.eclipse.m2e.core.internal.Bundles - 	Entry: C:\eclipse workspace\eclipse\plugins\com.google.guava.failureaccess_1.0.2.jar
2025-11-13 17:39:23,770 [Worker-48: Launching gimalProject (7)] INFO  o.e.m.i.launch.MavenLaunchDelegate - Run build in "C:\Users\Public\gimalProject\gimalProject":
2025-11-13 17:39:23,770 [Worker-48: Launching gimalProject (7)] INFO  o.e.m.i.launch.MavenLaunchDelegate -  mvn  -B -Dstyle.color=always clean install
2025-11-13 17:45:38,888 [Worker-55: Building] INFO  o.a.m.s.f.DefaultMavenResourcesFiltering - Copying 0 resource from src\main\resources to target\classes
2025-11-13 17:45:38,888 [Worker-55: Building] INFO  o.a.m.s.f.DefaultMavenResourcesFiltering - skip non existing resourceDirectory C:\Users\Public\gimalProject\gimalProject\src\test\resources
2025-11-13 17:46:34,008 [Worker-62: Building] INFO  o.a.m.s.f.DefaultMavenResourcesFiltering - Copying 0 resource from src\main\resources to target\classes
2025-11-13 17:46:34,009 [Worker-62: Building] INFO  o.a.m.s.f.DefaultMavenResourcesFiltering - skip non existing resourceDirectory C:\Users\Public\gimalProject\gimalProject\src\test\resources
2025-11-13 17:46:43,608 [Worker-62: Building] INFO  o.a.m.s.f.DefaultMavenResourcesFiltering - Copying 0 resource from src\main\resources to target\classes
2025-11-13 17:46:43,610 [Worker-62: Building] INFO  o.a.m.s.f.DefaultMavenResourcesFiltering - skip non existing resourceDirectory C:\Users\Public\gimalProject\gimalProject\src\test\resources
2025-11-13 17:46:48,654 [Worker-60: Building] INFO  o.a.m.s.f.DefaultMavenResourcesFiltering - Copying 0 resource from src\main\resources to target\classes
2025-11-13 17:46:48,655 [Worker-60: Building] INFO  o.a.m.s.f.DefaultMavenResourcesFiltering - skip non existing resourceDirectory C:\Users\Public\gimalProject\gimalProject\src\test\resources
2025-11-13 17:48:48,013 [Worker-60: Launching gimalProject (7)] INFO  o.eclipse.m2e.core.internal.Bundles - getClasspathEntries(Bundle=org.eclipse.m2e.maven.runtime_3.9.700.20240602-2313 [645])
2025-11-13 17:48:48,013 [Worker-60: Launching gimalProject (7)] INFO  o.eclipse.m2e.core.internal.Bundles - 	Entry: C:\eclipse workspace\eclipse\plugins\org.eclipse.m2e.maven.runtime_3.9.700.20240602-2313
2025-11-13 17:48:48,013 [Worker-60: Launching gimalProject (7)] INFO  o.eclipse.m2e.core.internal.Bundles - 	Entry: C:\eclipse workspace\eclipse\plugins\org.eclipse.m2e.maven.runtime_3.9.700.20240602-2313\jars\aopalliance-1.0.jar
2025-11-13 17:48:48,014 [Worker-60: Launching gimalProject (7)] INFO  o.eclipse.m2e.core.internal.Bundles - 	Entry: C:\eclipse workspace\eclipse\plugins\org.eclipse.m2e.maven.runtime_3.9.700.20240602-2313\jars\guice-5.1.0.jar
2025-11-13 17:48:48,014 [Worker-60: Launching gimalProject (7)] INFO  o.eclipse.m2e.core.internal.Bundles - 	Entry: C:\eclipse workspace\eclipse\plugins\org.eclipse.m2e.maven.runtime_3.9.700.20240602-2313\jars\httpclient-4.5.14.jar
2025-11-13 17:48:48,014 [Worker-60: Launching gimalProject (7)] INFO  o.eclipse.m2e.core.internal.Bundles - 	Entry: C:\eclipse workspace\eclipse\plugins\org.eclipse.m2e.maven.runtime_3.9.700.20240602-2313\jars\httpcore-4.4.16.jar
2025-11-13 17:48:48,014 [Worker-60: Launching gimalProject (7)] INFO  o.eclipse.m2e.core.internal.Bundles - 	Entry: C:\eclipse workspace\eclipse\plugins\org.eclipse.m2e.maven.runtime_3.9.700.20240602-2313\jars\jansi-2.4.1.jar
2025-11-13 17:48:48,014 [Worker-60: Launching gimalProject (7)] INFO  o.eclipse.m2e.core.internal.Bundles - 	Entry: C:\eclipse workspace\eclipse\plugins\org.eclipse.m2e.maven.runtime_3.9.700.20240602-2313\jars\jcl-over-slf4j-1.7.36.jar
2025-11-13 17:48:48,014 [Worker-60: Launching gimalProject (7)] INFO  o.eclipse.m2e.core.internal.Bundles - 	Entry: C:\eclipse workspace\eclipse\plugins\org.eclipse.m2e.maven.runtime_3.9.700.20240602-2313\jars\maven-artifact-3.9.7.jar
2025-11-13 17:48:48,014 [Worker-60: Launching gimalProject (7)] INFO  o.eclipse.m2e.core.internal.Bundles - 	Entry: C:\eclipse workspace\eclipse\plugins\org.eclipse.m2e.maven.runtime_3.9.700.20240602-2313\jars\maven-builder-support-3.9.7.jar
2025-11-13 17:48:48,014 [Worker-60: Launching gimalProject (7)] INFO  o.eclipse.m2e.core.internal.Bundles - 	Entry: C:\eclipse workspace\eclipse\plugins\org.eclipse.m2e.maven.runtime_3.9.700.20240602-2313\jars\maven-compat-3.9.7.jar
2025-11-13 17:48:48,014 [Worker-60: Launching gimalProject (7)] INFO  o.eclipse.m2e.core.internal.Bundles - 	Entry: C:\eclipse workspace\eclipse\plugins\org.eclipse.m2e.maven.runtime_3.9.700.20240602-2313\jars\maven-core-3.9.7.jar
2025-11-13 17:48:48,014 [Worker-60: Launching gimalProject (7)] INFO  o.eclipse.m2e.core.internal.Bundles - 	Entry: C:\eclipse workspace\eclipse\plugins\org.eclipse.m2e.maven.runtime_3.9.700.20240602-2313\jars\maven-embedder-3.9.7.jar
2025-11-13 17:48:48,015 [Worker-60: Launching gimalProject (7)] INFO  o.eclipse.m2e.core.internal.Bundles - 	Entry: C:\eclipse workspace\eclipse\plugins\org.eclipse.m2e.maven.runtime_3.9.700.20240602-2313\jars\maven-model-3.9.7.jar
2025-11-13 17:48:48,015 [Worker-60: Launching gimalProject (7)] INFO  o.eclipse.m2e.core.internal.Bundles - 	Entry: C:\eclipse workspace\eclipse\plugins\org.eclipse.m2e.maven.runtime_3.9.700.20240602-2313\jars\maven-model-builder-3.9.7.jar
2025-11-13 17:48:48,015 [Worker-60: Launching gimalProject (7)] INFO  o.eclipse.m2e.core.internal.Bundles - 	Entry: C:\eclipse workspace\eclipse\plugins\org.eclipse.m2e.maven.runtime_3.9.700.20240602-2313\jars\maven-plugin-api-3.9.7.jar
2025-11-13 17:48:48,015 [Worker-60: Launching gimalProject (7)] INFO  o.eclipse.m2e.core.internal.Bundles - 	Entry: C:\eclipse workspace\eclipse\plugins\org.eclipse.m2e.maven.runtime_3.9.700.20240602-2313\jars\maven-repository-metadata-3.9.7.jar
2025-11-13 17:48:48,015 [Worker-60: Launching gimalProject (7)] INFO  o.eclipse.m2e.core.internal.Bundles - 	Entry: C:\eclipse workspace\eclipse\plugins\org.eclipse.m2e.maven.runtime_3.9.700.20240602-2313\jars\maven-resolver-api-1.9.20.jar
2025-11-13 17:48:48,015 [Worker-60: Launching gimalProject (7)] INFO  o.eclipse.m2e.core.internal.Bundles - 	Entry: C:\eclipse workspace\eclipse\plugins\org.eclipse.m2e.maven.runtime_3.9.700.20240602-2313\jars\maven-resolver-connector-basic-1.9.20.jar
2025-11-13 17:48:48,015 [Worker-60: Launching gimalProject (7)] INFO  o.eclipse.m2e.core.internal.Bundles - 	Entry: C:\eclipse workspace\eclipse\plugins\org.eclipse.m2e.maven.runtime_3.9.700.20240602-2313\jars\maven-resolver-impl-1.9.20.jar
2025-11-13 17:48:48,015 [Worker-60: Launching gimalProject (7)] INFO  o.eclipse.m2e.core.internal.Bundles - 	Entry: C:\eclipse workspace\eclipse\plugins\org.eclipse.m2e.maven.runtime_3.9.700.20240602-2313\jars\maven-resolver-named-locks-1.9.20.jar
2025-11-13 17:48:48,015 [Worker-60: Launching gimalProject (7)] INFO  o.eclipse.m2e.core.internal.Bundles - 	Entry: C:\eclipse workspace\eclipse\plugins\org.eclipse.m2e.maven.runtime_3.9.700.20240602-2313\jars\maven-resolver-provider-3.9.7.jar
2025-11-13 17:48:48,015 [Worker-60: Launching gimalProject (7)] INFO  o.eclipse.m2e.core.internal.Bundles - 	Entry: C:\eclipse workspace\eclipse\plugins\org.eclipse.m2e.maven.runtime_3.9.700.20240602-2313\jars\maven-resolver-spi-1.9.20.jar
2025-11-13 17:48:48,016 [Worker-60: Launching gimalProject (7)] INFO  o.eclipse.m2e.core.internal.Bundles - 	Entry: C:\eclipse workspace\eclipse\plugins\org.eclipse.m2e.maven.runtime_3.9.700.20240602-2313\jars\maven-resolver-transport-file-1.9.20.jar
2025-11-13 17:48:48,016 [Worker-60: Launching gimalProject (7)] INFO  o.eclipse.m2e.core.internal.Bundles - 	Entry: C:\eclipse workspace\eclipse\plugins\org.eclipse.m2e.maven.runtime_3.9.700.20240602-2313\jars\maven-resolver-transport-http-1.9.20.jar
2025-11-13 17:48:48,016 [Worker-60: Launching gimalProject (7)] INFO  o.eclipse.m2e.core.internal.Bundles - 	Entry: C:\eclipse workspace\eclipse\plugins\org.eclipse.m2e.maven.runtime_3.9.700.20240602-2313\jars\maven-resolver-transport-wagon-1.9.20.jar
2025-11-13 17:48:48,016 [Worker-60: Launching gimalProject (7)] INFO  o.eclipse.m2e.core.internal.Bundles - 	Entry: C:\eclipse workspace\eclipse\plugins\org.eclipse.m2e.maven.runtime_3.9.700.20240602-2313\jars\maven-resolver-util-1.9.20.jar
2025-11-13 17:48:48,016 [Worker-60: Launching gimalProject (7)] INFO  o.eclipse.m2e.core.internal.Bundles - 	Entry: C:\eclipse workspace\eclipse\plugins\org.eclipse.m2e.maven.runtime_3.9.700.20240602-2313\jars\maven-settings-3.9.7.jar
2025-11-13 17:48:48,016 [Worker-60: Launching gimalProject (7)] INFO  o.eclipse.m2e.core.internal.Bundles - 	Entry: C:\eclipse workspace\eclipse\plugins\org.eclipse.m2e.maven.runtime_3.9.700.20240602-2313\jars\maven-settings-builder-3.9.7.jar
2025-11-13 17:48:48,016 [Worker-60: Launching gimalProject (7)] INFO  o.eclipse.m2e.core.internal.Bundles - 	Entry: C:\eclipse workspace\eclipse\plugins\org.eclipse.m2e.maven.runtime_3.9.700.20240602-2313\jars\maven-shared-utils-3.4.2.jar
2025-11-13 17:48:48,016 [Worker-60: Launching gimalProject (7)] INFO  o.eclipse.m2e.core.internal.Bundles - 	Entry: C:\eclipse workspace\eclipse\plugins\org.eclipse.m2e.maven.runtime_3.9.700.20240602-2313\jars\org.eclipse.sisu.inject-0.9.0.M2.jar
2025-11-13 17:48:48,017 [Worker-60: Launching gimalProject (7)] INFO  o.eclipse.m2e.core.internal.Bundles - 	Entry: C:\eclipse workspace\eclipse\plugins\org.eclipse.m2e.maven.runtime_3.9.700.20240602-2313\jars\org.eclipse.sisu.plexus-0.9.0.M2.jar
2025-11-13 17:48:48,017 [Worker-60: Launching gimalProject (7)] INFO  o.eclipse.m2e.core.internal.Bundles - 	Entry: C:\eclipse workspace\eclipse\plugins\org.eclipse.m2e.maven.runtime_3.9.700.20240602-2313\jars\plexus-build-api-0.0.7.jar
2025-11-13 17:48:48,017 [Worker-60: Launching gimalProject (7)] INFO  o.eclipse.m2e.core.internal.Bundles - 	Entry: C:\eclipse workspace\eclipse\plugins\org.eclipse.m2e.maven.runtime_3.9.700.20240602-2313\jars\plexus-build-api-1.2.0.jar
2025-11-13 17:48:48,017 [Worker-60: Launching gimalProject (7)] INFO  o.eclipse.m2e.core.internal.Bundles - 	Entry: C:\eclipse workspace\eclipse\plugins\org.eclipse.m2e.maven.runtime_3.9.700.20240602-2313\jars\plexus-cipher-2.0.jar
2025-11-13 17:48:48,017 [Worker-60: Launching gimalProject (7)] INFO  o.eclipse.m2e.core.internal.Bundles - 	Entry: C:\eclipse workspace\eclipse\plugins\org.eclipse.m2e.maven.runtime_3.9.700.20240602-2313\jars\plexus-classworlds-2.8.0.jar
2025-11-13 17:48:48,017 [Worker-60: Launching gimalProject (7)] INFO  o.eclipse.m2e.core.internal.Bundles - 	Entry: C:\eclipse workspace\eclipse\plugins\org.eclipse.m2e.maven.runtime_3.9.700.20240602-2313\jars\plexus-component-annotations-2.1.0.jar
2025-11-13 17:48:48,017 [Worker-60: Launching gimalProject (7)] INFO  o.eclipse.m2e.core.internal.Bundles - 	Entry: C:\eclipse workspace\eclipse\plugins\org.eclipse.m2e.maven.runtime_3.9.700.20240602-2313\jars\plexus-interpolation-1.27.jar
2025-11-13 17:48:48,018 [Worker-60: Launching gimalProject (7)] INFO  o.eclipse.m2e.core.internal.Bundles - 	Entry: C:\eclipse workspace\eclipse\plugins\org.eclipse.m2e.maven.runtime_3.9.700.20240602-2313\jars\plexus-sec-dispatcher-2.0.jar
2025-11-13 17:48:48,018 [Worker-60: Launching gimalProject (7)] INFO  o.eclipse.m2e.core.internal.Bundles - 	Entry: C:\eclipse workspace\eclipse\plugins\org.eclipse.m2e.maven.runtime_3.9.700.20240602-2313\jars\plexus-utils-3.5.1.jar
2025-11-13 17:48:48,018 [Worker-60: Launching gimalProject (7)] INFO  o.eclipse.m2e.core.internal.Bundles - 	Entry: C:\eclipse workspace\eclipse\plugins\org.eclipse.m2e.maven.runtime_3.9.700.20240602-2313\jars\wagon-file-3.5.3.jar
2025-11-13 17:48:48,018 [Worker-60: Launching gimalProject (7)] INFO  o.eclipse.m2e.core.internal.Bundles - 	Entry: C:\eclipse workspace\eclipse\plugins\org.eclipse.m2e.maven.runtime_3.9.700.20240602-2313\jars\wagon-http-3.5.3.jar
2025-11-13 17:48:48,018 [Worker-60: Launching gimalProject (7)] INFO  o.eclipse.m2e.core.internal.Bundles - 	Entry: C:\eclipse workspace\eclipse\plugins\org.eclipse.m2e.maven.runtime_3.9.700.20240602-2313\jars\wagon-http-shared-3.5.3.jar
2025-11-13 17:48:48,018 [Worker-60: Launching gimalProject (7)] INFO  o.eclipse.m2e.core.internal.Bundles - 	Entry: C:\eclipse workspace\eclipse\plugins\org.eclipse.m2e.maven.runtime_3.9.700.20240602-2313\jars\wagon-provider-api-3.5.3.jar
2025-11-13 17:48:48,019 [Worker-60: Launching gimalProject (7)] INFO  o.eclipse.m2e.core.internal.Bundles - getClasspathEntries(Bundle=com.google.guava_33.2.0.jre [16])
2025-11-13 17:48:48,019 [Worker-60: Launching gimalProject (7)] INFO  o.eclipse.m2e.core.internal.Bundles - 	Entry: C:\eclipse workspace\eclipse\plugins\com.google.guava_33.2.0.jre.jar
2025-11-13 17:48:48,019 [Worker-60: Launching gimalProject (7)] INFO  o.eclipse.m2e.core.internal.Bundles - getClasspathEntries(Bundle=slf4j.api_2.0.13 [1010])
2025-11-13 17:48:48,019 [Worker-60: Launching gimalProject (7)] INFO  o.eclipse.m2e.core.internal.Bundles - 	Entry: C:\eclipse workspace\eclipse\plugins\slf4j.api_2.0.13.jar
2025-11-13 17:48:48,019 [Worker-60: Launching gimalProject (7)] INFO  o.eclipse.m2e.core.internal.Bundles - getClasspathEntries(Bundle=jakarta.inject.jakarta.inject-api_1.0.5 [33])
2025-11-13 17:48:48,019 [Worker-60: Launching gimalProject (7)] INFO  o.eclipse.m2e.core.internal.Bundles - 	Entry: C:\eclipse workspace\eclipse\plugins\jakarta.inject.jakarta.inject-api_1.0.5.jar
2025-11-13 17:48:48,019 [Worker-60: Launching gimalProject (7)] INFO  o.eclipse.m2e.core.internal.Bundles - getClasspathEntries(Bundle=javax.annotation_1.3.5.v20200909-1856 [44])
2025-11-13 17:48:48,020 [Worker-60: Launching gimalProject (7)] INFO  o.eclipse.m2e.core.internal.Bundles - 	Entry: C:\eclipse workspace\eclipse\plugins\javax.annotation_1.3.5.v20200909-1856.jar
2025-11-13 17:48:48,020 [Worker-60: Launching gimalProject (7)] INFO  o.eclipse.m2e.core.internal.Bundles - getClasspathEntries(Bundle=org.apache.commons.cli_1.8.0 [78])
2025-11-13 17:48:48,020 [Worker-60: Launching gimalProject (7)] INFO  o.eclipse.m2e.core.internal.Bundles - 	Entry: C:\eclipse workspace\eclipse\plugins\org.apache.commons.cli_1.8.0.jar
2025-11-13 17:48:48,020 [Worker-60: Launching gimalProject (7)] INFO  o.eclipse.m2e.core.internal.Bundles - getClasspathEntries(Bundle=org.apache.commons.commons-codec_1.16.0 [81])
2025-11-13 17:48:48,020 [Worker-60: Launching gimalProject (7)] INFO  o.eclipse.m2e.core.internal.Bundles - 	Entry: C:\eclipse workspace\eclipse\plugins\org.apache.commons.commons-codec_1.16.0.jar
2025-11-13 17:48:48,020 [Worker-60: Launching gimalProject (7)] INFO  o.eclipse.m2e.core.internal.Bundles - getClasspathEntries(Bundle=org.apache.commons.lang3_3.14.0 [89])
2025-11-13 17:48:48,020 [Worker-60: Launching gimalProject (7)] INFO  o.eclipse.m2e.core.internal.Bundles - 	Entry: C:\eclipse workspace\eclipse\plugins\org.apache.commons.lang3_3.14.0.jar
2025-11-13 17:48:48,020 [Worker-60: Launching gimalProject (7)] INFO  o.eclipse.m2e.core.internal.Bundles - getClasspathEntries(Bundle=com.google.guava.failureaccess_1.0.2 [17])
2025-11-13 17:48:48,021 [Worker-60: Launching gimalProject (7)] INFO  o.eclipse.m2e.core.internal.Bundles - 	Entry: C:\eclipse workspace\eclipse\plugins\com.google.guava.failureaccess_1.0.2.jar
2025-11-13 17:48:48,022 [Worker-60: Launching gimalProject (7)] INFO  o.e.m.i.launch.MavenLaunchDelegate - Run build in "C:\Users\Public\gimalProject\gimalProject":
2025-11-13 17:48:48,022 [Worker-60: Launching gimalProject (7)] INFO  o.e.m.i.launch.MavenLaunchDelegate -  mvn  -B -Dstyle.color=always clean install
2025-11-13 17:49:41,068 [Worker-64: Launching 로컬저장소정리] INFO  o.eclipse.m2e.core.internal.Bundles - getClasspathEntries(Bundle=org.eclipse.m2e.maven.runtime_3.9.700.20240602-2313 [645])
2025-11-13 17:49:41,068 [Worker-64: Launching 로컬저장소정리] INFO  o.eclipse.m2e.core.internal.Bundles - 	Entry: C:\eclipse workspace\eclipse\plugins\org.eclipse.m2e.maven.runtime_3.9.700.20240602-2313
2025-11-13 17:49:41,069 [Worker-64: Launching 로컬저장소정리] INFO  o.eclipse.m2e.core.internal.Bundles - 	Entry: C:\eclipse workspace\eclipse\plugins\org.eclipse.m2e.maven.runtime_3.9.700.20240602-2313\jars\aopalliance-1.0.jar
2025-11-13 17:49:41,069 [Worker-64: Launching 로컬저장소정리] INFO  o.eclipse.m2e.core.internal.Bundles - 	Entry: C:\eclipse workspace\eclipse\plugins\org.eclipse.m2e.maven.runtime_3.9.700.20240602-2313\jars\guice-5.1.0.jar
2025-11-13 17:49:41,069 [Worker-64: Launching 로컬저장소정리] INFO  o.eclipse.m2e.core.internal.Bundles - 	Entry: C:\eclipse workspace\eclipse\plugins\org.eclipse.m2e.maven.runtime_3.9.700.20240602-2313\jars\httpclient-4.5.14.jar
2025-11-13 17:49:41,069 [Worker-64: Launching 로컬저장소정리] INFO  o.eclipse.m2e.core.internal.Bundles - 	Entry: C:\eclipse workspace\eclipse\plugins\org.eclipse.m2e.maven.runtime_3.9.700.20240602-2313\jars\httpcore-4.4.16.jar
2025-11-13 17:49:41,069 [Worker-64: Launching 로컬저장소정리] INFO  o.eclipse.m2e.core.internal.Bundles - 	Entry: C:\eclipse workspace\eclipse\plugins\org.eclipse.m2e.maven.runtime_3.9.700.20240602-2313\jars\jansi-2.4.1.jar
2025-11-13 17:49:41,069 [Worker-64: Launching 로컬저장소정리] INFO  o.eclipse.m2e.core.internal.Bundles - 	Entry: C:\eclipse workspace\eclipse\plugins\org.eclipse.m2e.maven.runtime_3.9.700.20240602-2313\jars\jcl-over-slf4j-1.7.36.jar
2025-11-13 17:49:41,069 [Worker-64: Launching 로컬저장소정리] INFO  o.eclipse.m2e.core.internal.Bundles - 	Entry: C:\eclipse workspace\eclipse\plugins\org.eclipse.m2e.maven.runtime_3.9.700.20240602-2313\jars\maven-artifact-3.9.7.jar
2025-11-13 17:49:41,069 [Worker-64: Launching 로컬저장소정리] INFO  o.eclipse.m2e.core.internal.Bundles - 	Entry: C:\eclipse workspace\eclipse\plugins\org.eclipse.m2e.maven.runtime_3.9.700.20240602-2313\jars\maven-builder-support-3.9.7.jar
2025-11-13 17:49:41,069 [Worker-64: Launching 로컬저장소정리] INFO  o.eclipse.m2e.core.internal.Bundles - 	Entry: C:\eclipse workspace\eclipse\plugins\org.eclipse.m2e.maven.runtime_3.9.700.20240602-2313\jars\maven-compat-3.9.7.jar
2025-11-13 17:49:41,070 [Worker-64: Launching 로컬저장소정리] INFO  o.eclipse.m2e.core.internal.Bundles - 	Entry: C:\eclipse workspace\eclipse\plugins\org.eclipse.m2e.maven.runtime_3.9.700.20240602-2313\jars\maven-core-3.9.7.jar
2025-11-13 17:49:41,070 [Worker-64: Launching 로컬저장소정리] INFO  o.eclipse.m2e.core.internal.Bundles - 	Entry: C:\eclipse workspace\eclipse\plugins\org.eclipse.m2e.maven.runtime_3.9.700.20240602-2313\jars\maven-embedder-3.9.7.jar
2025-11-13 17:49:41,070 [Worker-64: Launching 로컬저장소정리] INFO  o.eclipse.m2e.core.internal.Bundles - 	Entry: C:\eclipse workspace\eclipse\plugins\org.eclipse.m2e.maven.runtime_3.9.700.20240602-2313\jars\maven-model-3.9.7.jar
2025-11-13 17:49:41,070 [Worker-64: Launching 로컬저장소정리] INFO  o.eclipse.m2e.core.internal.Bundles - 	Entry: C:\eclipse workspace\eclipse\plugins\org.eclipse.m2e.maven.runtime_3.9.700.20240602-2313\jars\maven-model-builder-3.9.7.jar
2025-11-13 17:49:41,070 [Worker-64: Launching 로컬저장소정리] INFO  o.eclipse.m2e.core.internal.Bundles - 	Entry: C:\eclipse workspace\eclipse\plugins\org.eclipse.m2e.maven.runtime_3.9.700.20240602-2313\jars\maven-plugin-api-3.9.7.jar
2025-11-13 17:49:41,070 [Worker-64: Launching 로컬저장소정리] INFO  o.eclipse.m2e.core.internal.Bundles - 	Entry: C:\eclipse workspace\eclipse\plugins\org.eclipse.m2e.maven.runtime_3.9.700.20240602-2313\jars\maven-repository-metadata-3.9.7.jar
2025-11-13 17:49:41,070 [Worker-64: Launching 로컬저장소정리] INFO  o.eclipse.m2e.core.internal.Bundles - 	Entry: C:\eclipse workspace\eclipse\plugins\org.eclipse.m2e.maven.runtime_3.9.700.20240602-2313\jars\maven-resolver-api-1.9.20.jar
2025-11-13 17:49:41,070 [Worker-64: Launching 로컬저장소정리] INFO  o.eclipse.m2e.core.internal.Bundles - 	Entry: C:\eclipse workspace\eclipse\plugins\org.eclipse.m2e.maven.runtime_3.9.700.20240602-2313\jars\maven-resolver-connector-basic-1.9.20.jar
2025-11-13 17:49:41,070 [Worker-64: Launching 로컬저장소정리] INFO  o.eclipse.m2e.core.internal.Bundles - 	Entry: C:\eclipse workspace\eclipse\plugins\org.eclipse.m2e.maven.runtime_3.9.700.20240602-2313\jars\maven-resolver-impl-1.9.20.jar
2025-11-13 17:49:41,071 [Worker-64: Launching 로컬저장소정리] INFO  o.eclipse.m2e.core.internal.Bundles - 	Entry: C:\eclipse workspace\eclipse\plugins\org.eclipse.m2e.maven.runtime_3.9.700.20240602-2313\jars\maven-resolver-named-locks-1.9.20.jar
2025-11-13 17:49:41,071 [Worker-64: Launching 로컬저장소정리] INFO  o.eclipse.m2e.core.internal.Bundles - 	Entry: C:\eclipse workspace\eclipse\plugins\org.eclipse.m2e.maven.runtime_3.9.700.20240602-2313\jars\maven-resolver-provider-3.9.7.jar
2025-11-13 17:49:41,071 [Worker-64: Launching 로컬저장소정리] INFO  o.eclipse.m2e.core.internal.Bundles - 	Entry: C:\eclipse workspace\eclipse\plugins\org.eclipse.m2e.maven.runtime_3.9.700.20240602-2313\jars\maven-resolver-spi-1.9.20.jar
2025-11-13 17:49:41,071 [Worker-64: Launching 로컬저장소정리] INFO  o.eclipse.m2e.core.internal.Bundles - 	Entry: C:\eclipse workspace\eclipse\plugins\org.eclipse.m2e.maven.runtime_3.9.700.20240602-2313\jars\maven-resolver-transport-file-1.9.20.jar
2025-11-13 17:49:41,071 [Worker-64: Launching 로컬저장소정리] INFO  o.eclipse.m2e.core.internal.Bundles - 	Entry: C:\eclipse workspace\eclipse\plugins\org.eclipse.m2e.maven.runtime_3.9.700.20240602-2313\jars\maven-resolver-transport-http-1.9.20.jar
2025-11-13 17:49:41,071 [Worker-64: Launching 로컬저장소정리] INFO  o.eclipse.m2e.core.internal.Bundles - 	Entry: C:\eclipse workspace\eclipse\plugins\org.eclipse.m2e.maven.runtime_3.9.700.20240602-2313\jars\maven-resolver-transport-wagon-1.9.20.jar
2025-11-13 17:49:41,071 [Worker-64: Launching 로컬저장소정리] INFO  o.eclipse.m2e.core.internal.Bundles - 	Entry: C:\eclipse workspace\eclipse\plugins\org.eclipse.m2e.maven.runtime_3.9.700.20240602-2313\jars\maven-resolver-util-1.9.20.jar
2025-11-13 17:49:41,071 [Worker-64: Launching 로컬저장소정리] INFO  o.eclipse.m2e.core.internal.Bundles - 	Entry: C:\eclipse workspace\eclipse\plugins\org.eclipse.m2e.maven.runtime_3.9.700.20240602-2313\jars\maven-settings-3.9.7.jar
2025-11-13 17:49:41,071 [Worker-64: Launching 로컬저장소정리] INFO  o.eclipse.m2e.core.internal.Bundles - 	Entry: C:\eclipse workspace\eclipse\plugins\org.eclipse.m2e.maven.runtime_3.9.700.20240602-2313\jars\maven-settings-builder-3.9.7.jar
2025-11-13 17:49:41,072 [Worker-64: Launching 로컬저장소정리] INFO  o.eclipse.m2e.core.internal.Bundles - 	Entry: C:\eclipse workspace\eclipse\plugins\org.eclipse.m2e.maven.runtime_3.9.700.20240602-2313\jars\maven-shared-utils-3.4.2.jar
2025-11-13 17:49:41,072 [Worker-64: Launching 로컬저장소정리] INFO  o.eclipse.m2e.core.internal.Bundles - 	Entry: C:\eclipse workspace\eclipse\plugins\org.eclipse.m2e.maven.runtime_3.9.700.20240602-2313\jars\org.eclipse.sisu.inject-0.9.0.M2.jar
2025-11-13 17:49:41,072 [Worker-64: Launching 로컬저장소정리] INFO  o.eclipse.m2e.core.internal.Bundles - 	Entry: C:\eclipse workspace\eclipse\plugins\org.eclipse.m2e.maven.runtime_3.9.700.20240602-2313\jars\org.eclipse.sisu.plexus-0.9.0.M2.jar
2025-11-13 17:49:41,072 [Worker-64: Launching 로컬저장소정리] INFO  o.eclipse.m2e.core.internal.Bundles - 	Entry: C:\eclipse workspace\eclipse\plugins\org.eclipse.m2e.maven.runtime_3.9.700.20240602-2313\jars\plexus-build-api-0.0.7.jar
2025-11-13 17:49:41,072 [Worker-64: Launching 로컬저장소정리] INFO  o.eclipse.m2e.core.internal.Bundles - 	Entry: C:\eclipse workspace\eclipse\plugins\org.eclipse.m2e.maven.runtime_3.9.700.20240602-2313\jars\plexus-build-api-1.2.0.jar
2025-11-13 17:49:41,072 [Worker-64: Launching 로컬저장소정리] INFO  o.eclipse.m2e.core.internal.Bundles - 	Entry: C:\eclipse workspace\eclipse\plugins\org.eclipse.m2e.maven.runtime_3.9.700.20240602-2313\jars\plexus-cipher-2.0.jar
2025-11-13 17:49:41,072 [Worker-64: Launching 로컬저장소정리] INFO  o.eclipse.m2e.core.internal.Bundles - 	Entry: C:\eclipse workspace\eclipse\plugins\org.eclipse.m2e.maven.runtime_3.9.700.20240602-2313\jars\plexus-classworlds-2.8.0.jar
2025-11-13 17:49:41,072 [Worker-64: Launching 로컬저장소정리] INFO  o.eclipse.m2e.core.internal.Bundles - 	Entry: C:\eclipse workspace\eclipse\plugins\org.eclipse.m2e.maven.runtime_3.9.700.20240602-2313\jars\plexus-component-annotations-2.1.0.jar
2025-11-13 17:49:41,072 [Worker-64: Launching 로컬저장소정리] INFO  o.eclipse.m2e.core.internal.Bundles - 	Entry: C:\eclipse workspace\eclipse\plugins\org.eclipse.m2e.maven.runtime_3.9.700.20240602-2313\jars\plexus-interpolation-1.27.jar
2025-11-13 17:49:41,072 [Worker-64: Launching 로컬저장소정리] INFO  o.eclipse.m2e.core.internal.Bundles - 	Entry: C:\eclipse workspace\eclipse\plugins\org.eclipse.m2e.maven.runtime_3.9.700.20240602-2313\jars\plexus-sec-dispatcher-2.0.jar
2025-11-13 17:49:41,073 [Worker-64: Launching 로컬저장소정리] INFO  o.eclipse.m2e.core.internal.Bundles - 	Entry: C:\eclipse workspace\eclipse\plugins\org.eclipse.m2e.maven.runtime_3.9.700.20240602-2313\jars\plexus-utils-3.5.1.jar
2025-11-13 17:49:41,073 [Worker-64: Launching 로컬저장소정리] INFO  o.eclipse.m2e.core.internal.Bundles - 	Entry: C:\eclipse workspace\eclipse\plugins\org.eclipse.m2e.maven.runtime_3.9.700.20240602-2313\jars\wagon-file-3.5.3.jar
2025-11-13 17:49:41,073 [Worker-64: Launching 로컬저장소정리] INFO  o.eclipse.m2e.core.internal.Bundles - 	Entry: C:\eclipse workspace\eclipse\plugins\org.eclipse.m2e.maven.runtime_3.9.700.20240602-2313\jars\wagon-http-3.5.3.jar
2025-11-13 17:49:41,073 [Worker-64: Launching 로컬저장소정리] INFO  o.eclipse.m2e.core.internal.Bundles - 	Entry: C:\eclipse workspace\eclipse\plugins\org.eclipse.m2e.maven.runtime_3.9.700.20240602-2313\jars\wagon-http-shared-3.5.3.jar
2025-11-13 17:49:41,073 [Worker-64: Launching 로컬저장소정리] INFO  o.eclipse.m2e.core.internal.Bundles - 	Entry: C:\eclipse workspace\eclipse\plugins\org.eclipse.m2e.maven.runtime_3.9.700.20240602-2313\jars\wagon-provider-api-3.5.3.jar
2025-11-13 17:49:41,073 [Worker-64: Launching 로컬저장소정리] INFO  o.eclipse.m2e.core.internal.Bundles - getClasspathEntries(Bundle=com.google.guava_33.2.0.jre [16])
2025-11-13 17:49:41,074 [Worker-64: Launching 로컬저장소정리] INFO  o.eclipse.m2e.core.internal.Bundles - 	Entry: C:\eclipse workspace\eclipse\plugins\com.google.guava_33.2.0.jre.jar
2025-11-13 17:49:41,074 [Worker-64: Launching 로컬저장소정리] INFO  o.eclipse.m2e.core.internal.Bundles - getClasspathEntries(Bundle=slf4j.api_2.0.13 [1010])
2025-11-13 17:49:41,074 [Worker-64: Launching 로컬저장소정리] INFO  o.eclipse.m2e.core.internal.Bundles - 	Entry: C:\eclipse workspace\eclipse\plugins\slf4j.api_2.0.13.jar
2025-11-13 17:49:41,074 [Worker-64: Launching 로컬저장소정리] INFO  o.eclipse.m2e.core.internal.Bundles - getClasspathEntries(Bundle=jakarta.inject.jakarta.inject-api_1.0.5 [33])
2025-11-13 17:49:41,074 [Worker-64: Launching 로컬저장소정리] INFO  o.eclipse.m2e.core.internal.Bundles - 	Entry: C:\eclipse workspace\eclipse\plugins\jakarta.inject.jakarta.inject-api_1.0.5.jar
2025-11-13 17:49:41,074 [Worker-64: Launching 로컬저장소정리] INFO  o.eclipse.m2e.core.internal.Bundles - getClasspathEntries(Bundle=javax.annotation_1.3.5.v20200909-1856 [44])
2025-11-13 17:49:41,074 [Worker-64: Launching 로컬저장소정리] INFO  o.eclipse.m2e.core.internal.Bundles - 	Entry: C:\eclipse workspace\eclipse\plugins\javax.annotation_1.3.5.v20200909-1856.jar
2025-11-13 17:49:41,074 [Worker-64: Launching 로컬저장소정리] INFO  o.eclipse.m2e.core.internal.Bundles - getClasspathEntries(Bundle=org.apache.commons.cli_1.8.0 [78])
2025-11-13 17:49:41,074 [Worker-64: Launching 로컬저장소정리] INFO  o.eclipse.m2e.core.internal.Bundles - 	Entry: C:\eclipse workspace\eclipse\plugins\org.apache.commons.cli_1.8.0.jar
2025-11-13 17:49:41,074 [Worker-64: Launching 로컬저장소정리] INFO  o.eclipse.m2e.core.internal.Bundles - getClasspathEntries(Bundle=org.apache.commons.commons-codec_1.16.0 [81])
2025-11-13 17:49:41,075 [Worker-64: Launching 로컬저장소정리] INFO  o.eclipse.m2e.core.internal.Bundles - 	Entry: C:\eclipse workspace\eclipse\plugins\org.apache.commons.commons-codec_1.16.0.jar
2025-11-13 17:49:41,075 [Worker-64: Launching 로컬저장소정리] INFO  o.eclipse.m2e.core.internal.Bundles - getClasspathEntries(Bundle=org.apache.commons.lang3_3.14.0 [89])
2025-11-13 17:49:41,075 [Worker-64: Launching 로컬저장소정리] INFO  o.eclipse.m2e.core.internal.Bundles - 	Entry: C:\eclipse workspace\eclipse\plugins\org.apache.commons.lang3_3.14.0.jar
2025-11-13 17:49:41,075 [Worker-64: Launching 로컬저장소정리] INFO  o.eclipse.m2e.core.internal.Bundles - getClasspathEntries(Bundle=com.google.guava.failureaccess_1.0.2 [17])
2025-11-13 17:49:41,075 [Worker-64: Launching 로컬저장소정리] INFO  o.eclipse.m2e.core.internal.Bundles - 	Entry: C:\eclipse workspace\eclipse\plugins\com.google.guava.failureaccess_1.0.2.jar
2025-11-13 17:49:41,078 [Worker-64: Launching 로컬저장소정리] INFO  o.e.m.i.launch.MavenLaunchDelegate - Run build in "C:\Users\Public\gimalProject\gimalProject":
2025-11-13 17:49:41,079 [Worker-64: Launching 로컬저장소정리] INFO  o.e.m.i.launch.MavenLaunchDelegate -  mvn  -B -Dstyle.color=always dependency:purge-local-repository
2025-11-13 17:50:09,937 [Worker-59: Launching 빌드] INFO  o.eclipse.m2e.core.internal.Bundles - getClasspathEntries(Bundle=org.eclipse.m2e.maven.runtime_3.9.700.20240602-2313 [645])
2025-11-13 17:50:09,937 [Worker-59: Launching 빌드] INFO  o.eclipse.m2e.core.internal.Bundles - 	Entry: C:\eclipse workspace\eclipse\plugins\org.eclipse.m2e.maven.runtime_3.9.700.20240602-2313
2025-11-13 17:50:09,937 [Worker-59: Launching 빌드] INFO  o.eclipse.m2e.core.internal.Bundles - 	Entry: C:\eclipse workspace\eclipse\plugins\org.eclipse.m2e.maven.runtime_3.9.700.20240602-2313\jars\aopalliance-1.0.jar
2025-11-13 17:50:09,937 [Worker-59: Launching 빌드] INFO  o.eclipse.m2e.core.internal.Bundles - 	Entry: C:\eclipse workspace\eclipse\plugins\org.eclipse.m2e.maven.runtime_3.9.700.20240602-2313\jars\guice-5.1.0.jar
2025-11-13 17:50:09,937 [Worker-59: Launching 빌드] INFO  o.eclipse.m2e.core.internal.Bundles - 	Entry: C:\eclipse workspace\eclipse\plugins\org.eclipse.m2e.maven.runtime_3.9.700.20240602-2313\jars\httpclient-4.5.14.jar
2025-11-13 17:50:09,937 [Worker-59: Launching 빌드] INFO  o.eclipse.m2e.core.internal.Bundles - 	Entry: C:\eclipse workspace\eclipse\plugins\org.eclipse.m2e.maven.runtime_3.9.700.20240602-2313\jars\httpcore-4.4.16.jar
2025-11-13 17:50:09,938 [Worker-59: Launching 빌드] INFO  o.eclipse.m2e.core.internal.Bundles - 	Entry: C:\eclipse workspace\eclipse\plugins\org.eclipse.m2e.maven.runtime_3.9.700.20240602-2313\jars\jansi-2.4.1.jar
2025-11-13 17:50:09,938 [Worker-59: Launching 빌드] INFO  o.eclipse.m2e.core.internal.Bundles - 	Entry: C:\eclipse workspace\eclipse\plugins\org.eclipse.m2e.maven.runtime_3.9.700.20240602-2313\jars\jcl-over-slf4j-1.7.36.jar
2025-11-13 17:50:09,938 [Worker-59: Launching 빌드] INFO  o.eclipse.m2e.core.internal.Bundles - 	Entry: C:\eclipse workspace\eclipse\plugins\org.eclipse.m2e.maven.runtime_3.9.700.20240602-2313\jars\maven-artifact-3.9.7.jar
2025-11-13 17:50:09,938 [Worker-59: Launching 빌드] INFO  o.eclipse.m2e.core.internal.Bundles - 	Entry: C:\eclipse workspace\eclipse\plugins\org.eclipse.m2e.maven.runtime_3.9.700.20240602-2313\jars\maven-builder-support-3.9.7.jar
2025-11-13 17:50:09,938 [Worker-59: Launching 빌드] INFO  o.eclipse.m2e.core.internal.Bundles - 	Entry: C:\eclipse workspace\eclipse\plugins\org.eclipse.m2e.maven.runtime_3.9.700.20240602-2313\jars\maven-compat-3.9.7.jar
2025-11-13 17:50:09,938 [Worker-59: Launching 빌드] INFO  o.eclipse.m2e.core.internal.Bundles - 	Entry: C:\eclipse workspace\eclipse\plugins\org.eclipse.m2e.maven.runtime_3.9.700.20240602-2313\jars\maven-core-3.9.7.jar
2025-11-13 17:50:09,938 [Worker-59: Launching 빌드] INFO  o.eclipse.m2e.core.internal.Bundles - 	Entry: C:\eclipse workspace\eclipse\plugins\org.eclipse.m2e.maven.runtime_3.9.700.20240602-2313\jars\maven-embedder-3.9.7.jar
2025-11-13 17:50:09,938 [Worker-59: Launching 빌드] INFO  o.eclipse.m2e.core.internal.Bundles - 	Entry: C:\eclipse workspace\eclipse\plugins\org.eclipse.m2e.maven.runtime_3.9.700.20240602-2313\jars\maven-model-3.9.7.jar
2025-11-13 17:50:09,938 [Worker-59: Launching 빌드] INFO  o.eclipse.m2e.core.internal.Bundles - 	Entry: C:\eclipse workspace\eclipse\plugins\org.eclipse.m2e.maven.runtime_3.9.700.20240602-2313\jars\maven-model-builder-3.9.7.jar
2025-11-13 17:50:09,938 [Worker-59: Launching 빌드] INFO  o.eclipse.m2e.core.internal.Bundles - 	Entry: C:\eclipse workspace\eclipse\plugins\org.eclipse.m2e.maven.runtime_3.9.700.20240602-2313\jars\maven-plugin-api-3.9.7.jar
2025-11-13 17:50:09,939 [Worker-59: Launching 빌드] INFO  o.eclipse.m2e.core.internal.Bundles - 	Entry: C:\eclipse workspace\eclipse\plugins\org.eclipse.m2e.maven.runtime_3.9.700.20240602-2313\jars\maven-repository-metadata-3.9.7.jar
2025-11-13 17:50:09,939 [Worker-59: Launching 빌드] INFO  o.eclipse.m2e.core.internal.Bundles - 	Entry: C:\eclipse workspace\eclipse\plugins\org.eclipse.m2e.maven.runtime_3.9.700.20240602-2313\jars\maven-resolver-api-1.9.20.jar
2025-11-13 17:50:09,939 [Worker-59: Launching 빌드] INFO  o.eclipse.m2e.core.internal.Bundles - 	Entry: C:\eclipse workspace\eclipse\plugins\org.eclipse.m2e.maven.runtime_3.9.700.20240602-2313\jars\maven-resolver-connector-basic-1.9.20.jar
2025-11-13 17:50:09,939 [Worker-59: Launching 빌드] INFO  o.eclipse.m2e.core.internal.Bundles - 	Entry: C:\eclipse workspace\eclipse\plugins\org.eclipse.m2e.maven.runtime_3.9.700.20240602-2313\jars\maven-resolver-impl-1.9.20.jar
2025-11-13 17:50:09,939 [Worker-59: Launching 빌드] INFO  o.eclipse.m2e.core.internal.Bundles - 	Entry: C:\eclipse workspace\eclipse\plugins\org.eclipse.m2e.maven.runtime_3.9.700.20240602-2313\jars\maven-resolver-named-locks-1.9.20.jar
2025-11-13 17:50:09,939 [Worker-59: Launching 빌드] INFO  o.eclipse.m2e.core.internal.Bundles - 	Entry: C:\eclipse workspace\eclipse\plugins\org.eclipse.m2e.maven.runtime_3.9.700.20240602-2313\jars\maven-resolver-provider-3.9.7.jar
2025-11-13 17:50:09,940 [Worker-59: Launching 빌드] INFO  o.eclipse.m2e.core.internal.Bundles - 	Entry: C:\eclipse workspace\eclipse\plugins\org.eclipse.m2e.maven.runtime_3.9.700.20240602-2313\jars\maven-resolver-spi-1.9.20.jar
2025-11-13 17:50:09,940 [Worker-59: Launching 빌드] INFO  o.eclipse.m2e.core.internal.Bundles - 	Entry: C:\eclipse workspace\eclipse\plugins\org.eclipse.m2e.maven.runtime_3.9.700.20240602-2313\jars\maven-resolver-transport-file-1.9.20.jar
2025-11-13 17:50:09,940 [Worker-59: Launching 빌드] INFO  o.eclipse.m2e.core.internal.Bundles - 	Entry: C:\eclipse workspace\eclipse\plugins\org.eclipse.m2e.maven.runtime_3.9.700.20240602-2313\jars\maven-resolver-transport-http-1.9.20.jar
2025-11-13 17:50:09,940 [Worker-59: Launching 빌드] INFO  o.eclipse.m2e.core.internal.Bundles - 	Entry: C:\eclipse workspace\eclipse\plugins\org.eclipse.m2e.maven.runtime_3.9.700.20240602-2313\jars\maven-resolver-transport-wagon-1.9.20.jar
2025-11-13 17:50:09,940 [Worker-59: Launching 빌드] INFO  o.eclipse.m2e.core.internal.Bundles - 	Entry: C:\eclipse workspace\eclipse\plugins\org.eclipse.m2e.maven.runtime_3.9.700.20240602-2313\jars\maven-resolver-util-1.9.20.jar
2025-11-13 17:50:09,940 [Worker-59: Launching 빌드] INFO  o.eclipse.m2e.core.internal.Bundles - 	Entry: C:\eclipse workspace\eclipse\plugins\org.eclipse.m2e.maven.runtime_3.9.700.20240602-2313\jars\maven-settings-3.9.7.jar
2025-11-13 17:50:09,940 [Worker-59: Launching 빌드] INFO  o.eclipse.m2e.core.internal.Bundles - 	Entry: C:\eclipse workspace\eclipse\plugins\org.eclipse.m2e.maven.runtime_3.9.700.20240602-2313\jars\maven-settings-builder-3.9.7.jar
2025-11-13 17:50:09,941 [Worker-59: Launching 빌드] INFO  o.eclipse.m2e.core.internal.Bundles - 	Entry: C:\eclipse workspace\eclipse\plugins\org.eclipse.m2e.maven.runtime_3.9.700.20240602-2313\jars\maven-shared-utils-3.4.2.jar
2025-11-13 17:50:09,941 [Worker-59: Launching 빌드] INFO  o.eclipse.m2e.core.internal.Bundles - 	Entry: C:\eclipse workspace\eclipse\plugins\org.eclipse.m2e.maven.runtime_3.9.700.20240602-2313\jars\org.eclipse.sisu.inject-0.9.0.M2.jar
2025-11-13 17:50:09,941 [Worker-59: Launching 빌드] INFO  o.eclipse.m2e.core.internal.Bundles - 	Entry: C:\eclipse workspace\eclipse\plugins\org.eclipse.m2e.maven.runtime_3.9.700.20240602-2313\jars\org.eclipse.sisu.plexus-0.9.0.M2.jar
2025-11-13 17:50:09,941 [Worker-59: Launching 빌드] INFO  o.eclipse.m2e.core.internal.Bundles - 	Entry: C:\eclipse workspace\eclipse\plugins\org.eclipse.m2e.maven.runtime_3.9.700.20240602-2313\jars\plexus-build-api-0.0.7.jar
2025-11-13 17:50:09,941 [Worker-59: Launching 빌드] INFO  o.eclipse.m2e.core.internal.Bundles - 	Entry: C:\eclipse workspace\eclipse\plugins\org.eclipse.m2e.maven.runtime_3.9.700.20240602-2313\jars\plexus-build-api-1.2.0.jar
2025-11-13 17:50:09,941 [Worker-59: Launching 빌드] INFO  o.eclipse.m2e.core.internal.Bundles - 	Entry: C:\eclipse workspace\eclipse\plugins\org.eclipse.m2e.maven.runtime_3.9.700.20240602-2313\jars\plexus-cipher-2.0.jar
2025-11-13 17:50:09,941 [Worker-59: Launching 빌드] INFO  o.eclipse.m2e.core.internal.Bundles - 	Entry: C:\eclipse workspace\eclipse\plugins\org.eclipse.m2e.maven.runtime_3.9.700.20240602-2313\jars\plexus-classworlds-2.8.0.jar
2025-11-13 17:50:09,941 [Worker-59: Launching 빌드] INFO  o.eclipse.m2e.core.internal.Bundles - 	Entry: C:\eclipse workspace\eclipse\plugins\org.eclipse.m2e.maven.runtime_3.9.700.20240602-2313\jars\plexus-component-annotations-2.1.0.jar
2025-11-13 17:50:09,941 [Worker-59: Launching 빌드] INFO  o.eclipse.m2e.core.internal.Bundles - 	Entry: C:\eclipse workspace\eclipse\plugins\org.eclipse.m2e.maven.runtime_3.9.700.20240602-2313\jars\plexus-interpolation-1.27.jar
2025-11-13 17:50:09,942 [Worker-59: Launching 빌드] INFO  o.eclipse.m2e.core.internal.Bundles - 	Entry: C:\eclipse workspace\eclipse\plugins\org.eclipse.m2e.maven.runtime_3.9.700.20240602-2313\jars\plexus-sec-dispatcher-2.0.jar
2025-11-13 17:50:09,942 [Worker-59: Launching 빌드] INFO  o.eclipse.m2e.core.internal.Bundles - 	Entry: C:\eclipse workspace\eclipse\plugins\org.eclipse.m2e.maven.runtime_3.9.700.20240602-2313\jars\plexus-utils-3.5.1.jar
2025-11-13 17:50:09,942 [Worker-59: Launching 빌드] INFO  o.eclipse.m2e.core.internal.Bundles - 	Entry: C:\eclipse workspace\eclipse\plugins\org.eclipse.m2e.maven.runtime_3.9.700.20240602-2313\jars\wagon-file-3.5.3.jar
2025-11-13 17:50:09,942 [Worker-59: Launching 빌드] INFO  o.eclipse.m2e.core.internal.Bundles - 	Entry: C:\eclipse workspace\eclipse\plugins\org.eclipse.m2e.maven.runtime_3.9.700.20240602-2313\jars\wagon-http-3.5.3.jar
2025-11-13 17:50:09,942 [Worker-59: Launching 빌드] INFO  o.eclipse.m2e.core.internal.Bundles - 	Entry: C:\eclipse workspace\eclipse\plugins\org.eclipse.m2e.maven.runtime_3.9.700.20240602-2313\jars\wagon-http-shared-3.5.3.jar
2025-11-13 17:50:09,942 [Worker-59: Launching 빌드] INFO  o.eclipse.m2e.core.internal.Bundles - 	Entry: C:\eclipse workspace\eclipse\plugins\org.eclipse.m2e.maven.runtime_3.9.700.20240602-2313\jars\wagon-provider-api-3.5.3.jar
2025-11-13 17:50:09,942 [Worker-59: Launching 빌드] INFO  o.eclipse.m2e.core.internal.Bundles - getClasspathEntries(Bundle=com.google.guava_33.2.0.jre [16])
2025-11-13 17:50:09,943 [Worker-59: Launching 빌드] INFO  o.eclipse.m2e.core.internal.Bundles - 	Entry: C:\eclipse workspace\eclipse\plugins\com.google.guava_33.2.0.jre.jar
2025-11-13 17:50:09,943 [Worker-59: Launching 빌드] INFO  o.eclipse.m2e.core.internal.Bundles - getClasspathEntries(Bundle=slf4j.api_2.0.13 [1010])
2025-11-13 17:50:09,943 [Worker-59: Launching 빌드] INFO  o.eclipse.m2e.core.internal.Bundles - 	Entry: C:\eclipse workspace\eclipse\plugins\slf4j.api_2.0.13.jar
2025-11-13 17:50:09,943 [Worker-59: Launching 빌드] INFO  o.eclipse.m2e.core.internal.Bundles - getClasspathEntries(Bundle=jakarta.inject.jakarta.inject-api_1.0.5 [33])
2025-11-13 17:50:09,943 [Worker-59: Launching 빌드] INFO  o.eclipse.m2e.core.internal.Bundles - 	Entry: C:\eclipse workspace\eclipse\plugins\jakarta.inject.jakarta.inject-api_1.0.5.jar
2025-11-13 17:50:09,943 [Worker-59: Launching 빌드] INFO  o.eclipse.m2e.core.internal.Bundles - getClasspathEntries(Bundle=javax.annotation_1.3.5.v20200909-1856 [44])
2025-11-13 17:50:09,943 [Worker-59: Launching 빌드] INFO  o.eclipse.m2e.core.internal.Bundles - 	Entry: C:\eclipse workspace\eclipse\plugins\javax.annotation_1.3.5.v20200909-1856.jar
2025-11-13 17:50:09,943 [Worker-59: Launching 빌드] INFO  o.eclipse.m2e.core.internal.Bundles - getClasspathEntries(Bundle=org.apache.commons.cli_1.8.0 [78])
2025-11-13 17:50:09,944 [Worker-59: Launching 빌드] INFO  o.eclipse.m2e.core.internal.Bundles - 	Entry: C:\eclipse workspace\eclipse\plugins\org.apache.commons.cli_1.8.0.jar
2025-11-13 17:50:09,944 [Worker-59: Launching 빌드] INFO  o.eclipse.m2e.core.internal.Bundles - getClasspathEntries(Bundle=org.apache.commons.commons-codec_1.16.0 [81])
2025-11-13 17:50:09,944 [Worker-59: Launching 빌드] INFO  o.eclipse.m2e.core.internal.Bundles - 	Entry: C:\eclipse workspace\eclipse\plugins\org.apache.commons.commons-codec_1.16.0.jar
2025-11-13 17:50:09,944 [Worker-59: Launching 빌드] INFO  o.eclipse.m2e.core.internal.Bundles - getClasspathEntries(Bundle=org.apache.commons.lang3_3.14.0 [89])
2025-11-13 17:50:09,944 [Worker-59: Launching 빌드] INFO  o.eclipse.m2e.core.internal.Bundles - 	Entry: C:\eclipse workspace\eclipse\plugins\org.apache.commons.lang3_3.14.0.jar
2025-11-13 17:50:09,944 [Worker-59: Launching 빌드] INFO  o.eclipse.m2e.core.internal.Bundles - getClasspathEntries(Bundle=com.google.guava.failureaccess_1.0.2 [17])
2025-11-13 17:50:09,944 [Worker-59: Launching 빌드] INFO  o.eclipse.m2e.core.internal.Bundles - 	Entry: C:\eclipse workspace\eclipse\plugins\com.google.guava.failureaccess_1.0.2.jar
2025-11-13 17:50:09,945 [Worker-59: Launching 빌드] INFO  o.e.m.i.launch.MavenLaunchDelegate - Run build in "C:\Users\Public\gimalProject\gimalProject":
2025-11-13 17:50:09,946 [Worker-59: Launching 빌드] INFO  o.e.m.i.launch.MavenLaunchDelegate -  mvn  -B -Dstyle.color=always clean install
2025-11-13 17:52:16,933 [Worker-65: Building] INFO  o.a.m.s.f.DefaultMavenResourcesFiltering - Copying 2 resources from src\main\resources to target\classes
2025-11-13 17:52:16,939 [Worker-65: Building] INFO  o.a.m.s.f.DefaultMavenResourcesFiltering - skip non existing resourceDirectory C:\Users\Public\gimalProject\gimalProject\src\test\resources
2025-11-13 17:52:25,138 [Worker-56: Building] INFO  o.a.m.s.f.DefaultMavenResourcesFiltering - Copying 0 resource from src\main\resources to target\classes
2025-11-13 17:52:25,139 [Worker-56: Building] INFO  o.a.m.s.f.DefaultMavenResourcesFiltering - skip non existing resourceDirectory C:\Users\Public\gimalProject\gimalProject\src\test\resources
2025-11-13 17:52:41,261 [Worker-65: Building] INFO  o.a.m.s.f.DefaultMavenResourcesFiltering - Copying 0 resource from src\main\resources to target\classes
2025-11-13 17:52:41,262 [Worker-65: Building] INFO  o.a.m.s.f.DefaultMavenResourcesFiltering - skip non existing resourceDirectory C:\Users\Public\gimalProject\gimalProject\src\test\resources
2025-11-13 17:52:46,687 [Worker-56: Building] INFO  o.a.m.s.f.DefaultMavenResourcesFiltering - Copying 0 resource from src\main\resources to target\classes
2025-11-13 17:52:46,689 [Worker-56: Building] INFO  o.a.m.s.f.DefaultMavenResourcesFiltering - skip non existing resourceDirectory C:\Users\Public\gimalProject\gimalProject\src\test\resources
2025-11-13 17:53:37,501 [Worker-60: Building] INFO  o.a.m.s.f.DefaultMavenResourcesFiltering - Copying 0 resource from src\main\resources to target\classes
2025-11-13 17:53:37,502 [Worker-60: Building] INFO  o.a.m.s.f.DefaultMavenResourcesFiltering - skip non existing resourceDirectory C:\Users\Public\gimalProject\gimalProject\src\test\resources
2025-11-13 17:53:58,974 [main] INFO  o.e.m2e.actions.ExecutePomAction - Creating new launch configuration
2025-11-13 17:54:12,590 [Worker-65: Launching gimalProject] INFO  o.eclipse.m2e.core.internal.Bundles - getClasspathEntries(Bundle=org.eclipse.m2e.maven.runtime_3.9.700.20240602-2313 [645])
2025-11-13 17:54:12,591 [Worker-65: Launching gimalProject] INFO  o.eclipse.m2e.core.internal.Bundles - 	Entry: C:\eclipse workspace\eclipse\plugins\org.eclipse.m2e.maven.runtime_3.9.700.20240602-2313
2025-11-13 17:54:12,591 [Worker-65: Launching gimalProject] INFO  o.eclipse.m2e.core.internal.Bundles - 	Entry: C:\eclipse workspace\eclipse\plugins\org.eclipse.m2e.maven.runtime_3.9.700.20240602-2313\jars\aopalliance-1.0.jar
2025-11-13 17:54:12,591 [Worker-65: Launching gimalProject] INFO  o.eclipse.m2e.core.internal.Bundles - 	Entry: C:\eclipse workspace\eclipse\plugins\org.eclipse.m2e.maven.runtime_3.9.700.20240602-2313\jars\guice-5.1.0.jar
2025-11-13 17:54:12,591 [Worker-65: Launching gimalProject] INFO  o.eclipse.m2e.core.internal.Bundles - 	Entry: C:\eclipse workspace\eclipse\plugins\org.eclipse.m2e.maven.runtime_3.9.700.20240602-2313\jars\httpclient-4.5.14.jar
2025-11-13 17:54:12,591 [Worker-65: Launching gimalProject] INFO  o.eclipse.m2e.core.internal.Bundles - 	Entry: C:\eclipse workspace\eclipse\plugins\org.eclipse.m2e.maven.runtime_3.9.700.20240602-2313\jars\httpcore-4.4.16.jar
2025-11-13 17:54:12,591 [Worker-65: Launching gimalProject] INFO  o.eclipse.m2e.core.internal.Bundles - 	Entry: C:\eclipse workspace\eclipse\plugins\org.eclipse.m2e.maven.runtime_3.9.700.20240602-2313\jars\jansi-2.4.1.jar
2025-11-13 17:54:12,591 [Worker-65: Launching gimalProject] INFO  o.eclipse.m2e.core.internal.Bundles - 	Entry: C:\eclipse workspace\eclipse\plugins\org.eclipse.m2e.maven.runtime_3.9.700.20240602-2313\jars\jcl-over-slf4j-1.7.36.jar
2025-11-13 17:54:12,591 [Worker-65: Launching gimalProject] INFO  o.eclipse.m2e.core.internal.Bundles - 	Entry: C:\eclipse workspace\eclipse\plugins\org.eclipse.m2e.maven.runtime_3.9.700.20240602-2313\jars\maven-artifact-3.9.7.jar
2025-11-13 17:54:12,591 [Worker-65: Launching gimalProject] INFO  o.eclipse.m2e.core.internal.Bundles - 	Entry: C:\eclipse workspace\eclipse\plugins\org.eclipse.m2e.maven.runtime_3.9.700.20240602-2313\jars\maven-builder-support-3.9.7.jar
2025-11-13 17:54:12,591 [Worker-65: Launching gimalProject] INFO  o.eclipse.m2e.core.internal.Bundles - 	Entry: C:\eclipse workspace\eclipse\plugins\org.eclipse.m2e.maven.runtime_3.9.700.20240602-2313\jars\maven-compat-3.9.7.jar
2025-11-13 17:54:12,591 [Worker-65: Launching gimalProject] INFO  o.eclipse.m2e.core.internal.Bundles - 	Entry: C:\eclipse workspace\eclipse\plugins\org.eclipse.m2e.maven.runtime_3.9.700.20240602-2313\jars\maven-core-3.9.7.jar
2025-11-13 17:54:12,591 [Worker-65: Launching gimalProject] INFO  o.eclipse.m2e.core.internal.Bundles - 	Entry: C:\eclipse workspace\eclipse\plugins\org.eclipse.m2e.maven.runtime_3.9.700.20240602-2313\jars\maven-embedder-3.9.7.jar
2025-11-13 17:54:12,591 [Worker-65: Launching gimalProject] INFO  o.eclipse.m2e.core.internal.Bundles - 	Entry: C:\eclipse workspace\eclipse\plugins\org.eclipse.m2e.maven.runtime_3.9.700.20240602-2313\jars\maven-model-3.9.7.jar
2025-11-13 17:54:12,591 [Worker-65: Launching gimalProject] INFO  o.eclipse.m2e.core.internal.Bundles - 	Entry: C:\eclipse workspace\eclipse\plugins\org.eclipse.m2e.maven.runtime_3.9.700.20240602-2313\jars\maven-model-builder-3.9.7.jar
2025-11-13 17:54:12,591 [Worker-65: Launching gimalProject] INFO  o.eclipse.m2e.core.internal.Bundles - 	Entry: C:\eclipse workspace\eclipse\plugins\org.eclipse.m2e.maven.runtime_3.9.700.20240602-2313\jars\maven-plugin-api-3.9.7.jar
2025-11-13 17:54:12,591 [Worker-65: Launching gimalProject] INFO  o.eclipse.m2e.core.internal.Bundles - 	Entry: C:\eclipse workspace\eclipse\plugins\org.eclipse.m2e.maven.runtime_3.9.700.20240602-2313\jars\maven-repository-metadata-3.9.7.jar
2025-11-13 17:54:12,591 [Worker-65: Launching gimalProject] INFO  o.eclipse.m2e.core.internal.Bundles - 	Entry: C:\eclipse workspace\eclipse\plugins\org.eclipse.m2e.maven.runtime_3.9.700.20240602-2313\jars\maven-resolver-api-1.9.20.jar
2025-11-13 17:54:12,593 [Worker-65: Launching gimalProject] INFO  o.eclipse.m2e.core.internal.Bundles - 	Entry: C:\eclipse workspace\eclipse\plugins\org.eclipse.m2e.maven.runtime_3.9.700.20240602-2313\jars\maven-resolver-connector-basic-1.9.20.jar
2025-11-13 17:54:12,593 [Worker-65: Launching gimalProject] INFO  o.eclipse.m2e.core.internal.Bundles - 	Entry: C:\eclipse workspace\eclipse\plugins\org.eclipse.m2e.maven.runtime_3.9.700.20240602-2313\jars\maven-resolver-impl-1.9.20.jar
2025-11-13 17:54:12,593 [Worker-65: Launching gimalProject] INFO  o.eclipse.m2e.core.internal.Bundles - 	Entry: C:\eclipse workspace\eclipse\plugins\org.eclipse.m2e.maven.runtime_3.9.700.20240602-2313\jars\maven-resolver-named-locks-1.9.20.jar
2025-11-13 17:54:12,593 [Worker-65: Launching gimalProject] INFO  o.eclipse.m2e.core.internal.Bundles - 	Entry: C:\eclipse workspace\eclipse\plugins\org.eclipse.m2e.maven.runtime_3.9.700.20240602-2313\jars\maven-resolver-provider-3.9.7.jar
2025-11-13 17:54:12,593 [Worker-65: Launching gimalProject] INFO  o.eclipse.m2e.core.internal.Bundles - 	Entry: C:\eclipse workspace\eclipse\plugins\org.eclipse.m2e.maven.runtime_3.9.700.20240602-2313\jars\maven-resolver-spi-1.9.20.jar
2025-11-13 17:54:12,593 [Worker-65: Launching gimalProject] INFO  o.eclipse.m2e.core.internal.Bundles - 	Entry: C:\eclipse workspace\eclipse\plugins\org.eclipse.m2e.maven.runtime_3.9.700.20240602-2313\jars\maven-resolver-transport-file-1.9.20.jar
2025-11-13 17:54:12,593 [Worker-65: Launching gimalProject] INFO  o.eclipse.m2e.core.internal.Bundles - 	Entry: C:\eclipse workspace\eclipse\plugins\org.eclipse.m2e.maven.runtime_3.9.700.20240602-2313\jars\maven-resolver-transport-http-1.9.20.jar
2025-11-13 17:54:12,593 [Worker-65: Launching gimalProject] INFO  o.eclipse.m2e.core.internal.Bundles - 	Entry: C:\eclipse workspace\eclipse\plugins\org.eclipse.m2e.maven.runtime_3.9.700.20240602-2313\jars\maven-resolver-transport-wagon-1.9.20.jar
2025-11-13 17:54:12,593 [Worker-65: Launching gimalProject] INFO  o.eclipse.m2e.core.internal.Bundles - 	Entry: C:\eclipse workspace\eclipse\plugins\org.eclipse.m2e.maven.runtime_3.9.700.20240602-2313\jars\maven-resolver-util-1.9.20.jar
2025-11-13 17:54:12,593 [Worker-65: Launching gimalProject] INFO  o.eclipse.m2e.core.internal.Bundles - 	Entry: C:\eclipse workspace\eclipse\plugins\org.eclipse.m2e.maven.runtime_3.9.700.20240602-2313\jars\maven-settings-3.9.7.jar
2025-11-13 17:54:12,594 [Worker-65: Launching gimalProject] INFO  o.eclipse.m2e.core.internal.Bundles - 	Entry: C:\eclipse workspace\eclipse\plugins\org.eclipse.m2e.maven.runtime_3.9.700.20240602-2313\jars\maven-settings-builder-3.9.7.jar
2025-11-13 17:54:12,594 [Worker-65: Launching gimalProject] INFO  o.eclipse.m2e.core.internal.Bundles - 	Entry: C:\eclipse workspace\eclipse\plugins\org.eclipse.m2e.maven.runtime_3.9.700.20240602-2313\jars\maven-shared-utils-3.4.2.jar
2025-11-13 17:54:12,594 [Worker-65: Launching gimalProject] INFO  o.eclipse.m2e.core.internal.Bundles - 	Entry: C:\eclipse workspace\eclipse\plugins\org.eclipse.m2e.maven.runtime_3.9.700.20240602-2313\jars\org.eclipse.sisu.inject-0.9.0.M2.jar
2025-11-13 17:54:12,594 [Worker-65: Launching gimalProject] INFO  o.eclipse.m2e.core.internal.Bundles - 	Entry: C:\eclipse workspace\eclipse\plugins\org.eclipse.m2e.maven.runtime_3.9.700.20240602-2313\jars\org.eclipse.sisu.plexus-0.9.0.M2.jar
2025-11-13 17:54:12,594 [Worker-65: Launching gimalProject] INFO  o.eclipse.m2e.core.internal.Bundles - 	Entry: C:\eclipse workspace\eclipse\plugins\org.eclipse.m2e.maven.runtime_3.9.700.20240602-2313\jars\plexus-build-api-0.0.7.jar
2025-11-13 17:54:12,594 [Worker-65: Launching gimalProject] INFO  o.eclipse.m2e.core.internal.Bundles - 	Entry: C:\eclipse workspace\eclipse\plugins\org.eclipse.m2e.maven.runtime_3.9.700.20240602-2313\jars\plexus-build-api-1.2.0.jar
2025-11-13 17:54:12,594 [Worker-65: Launching gimalProject] INFO  o.eclipse.m2e.core.internal.Bundles - 	Entry: C:\eclipse workspace\eclipse\plugins\org.eclipse.m2e.maven.runtime_3.9.700.20240602-2313\jars\plexus-cipher-2.0.jar
2025-11-13 17:54:12,594 [Worker-65: Launching gimalProject] INFO  o.eclipse.m2e.core.internal.Bundles - 	Entry: C:\eclipse workspace\eclipse\plugins\org.eclipse.m2e.maven.runtime_3.9.700.20240602-2313\jars\plexus-classworlds-2.8.0.jar
2025-11-13 17:54:12,595 [Worker-65: Launching gimalProject] INFO  o.eclipse.m2e.core.internal.Bundles - 	Entry: C:\eclipse workspace\eclipse\plugins\org.eclipse.m2e.maven.runtime_3.9.700.20240602-2313\jars\plexus-component-annotations-2.1.0.jar
2025-11-13 17:54:12,595 [Worker-65: Launching gimalProject] INFO  o.eclipse.m2e.core.internal.Bundles - 	Entry: C:\eclipse workspace\eclipse\plugins\org.eclipse.m2e.maven.runtime_3.9.700.20240602-2313\jars\plexus-interpolation-1.27.jar
2025-11-13 17:54:12,595 [Worker-65: Launching gimalProject] INFO  o.eclipse.m2e.core.internal.Bundles - 	Entry: C:\eclipse workspace\eclipse\plugins\org.eclipse.m2e.maven.runtime_3.9.700.20240602-2313\jars\plexus-sec-dispatcher-2.0.jar
2025-11-13 17:54:12,595 [Worker-65: Launching gimalProject] INFO  o.eclipse.m2e.core.internal.Bundles - 	Entry: C:\eclipse workspace\eclipse\plugins\org.eclipse.m2e.maven.runtime_3.9.700.20240602-2313\jars\plexus-utils-3.5.1.jar
2025-11-13 17:54:12,595 [Worker-65: Launching gimalProject] INFO  o.eclipse.m2e.core.internal.Bundles - 	Entry: C:\eclipse workspace\eclipse\plugins\org.eclipse.m2e.maven.runtime_3.9.700.20240602-2313\jars\wagon-file-3.5.3.jar
2025-11-13 17:54:12,595 [Worker-65: Launching gimalProject] INFO  o.eclipse.m2e.core.internal.Bundles - 	Entry: C:\eclipse workspace\eclipse\plugins\org.eclipse.m2e.maven.runtime_3.9.700.20240602-2313\jars\wagon-http-3.5.3.jar
2025-11-13 17:54:12,595 [Worker-65: Launching gimalProject] INFO  o.eclipse.m2e.core.internal.Bundles - 	Entry: C:\eclipse workspace\eclipse\plugins\org.eclipse.m2e.maven.runtime_3.9.700.20240602-2313\jars\wagon-http-shared-3.5.3.jar
2025-11-13 17:54:12,595 [Worker-65: Launching gimalProject] INFO  o.eclipse.m2e.core.internal.Bundles - 	Entry: C:\eclipse workspace\eclipse\plugins\org.eclipse.m2e.maven.runtime_3.9.700.20240602-2313\jars\wagon-provider-api-3.5.3.jar
2025-11-13 17:54:12,596 [Worker-65: Launching gimalProject] INFO  o.eclipse.m2e.core.internal.Bundles - getClasspathEntries(Bundle=com.google.guava_33.2.0.jre [16])
2025-11-13 17:54:12,596 [Worker-65: Launching gimalProject] INFO  o.eclipse.m2e.core.internal.Bundles - 	Entry: C:\eclipse workspace\eclipse\plugins\com.google.guava_33.2.0.jre.jar
2025-11-13 17:54:12,596 [Worker-65: Launching gimalProject] INFO  o.eclipse.m2e.core.internal.Bundles - getClasspathEntries(Bundle=slf4j.api_2.0.13 [1010])
2025-11-13 17:54:12,596 [Worker-65: Launching gimalProject] INFO  o.eclipse.m2e.core.internal.Bundles - 	Entry: C:\eclipse workspace\eclipse\plugins\slf4j.api_2.0.13.jar
2025-11-13 17:54:12,596 [Worker-65: Launching gimalProject] INFO  o.eclipse.m2e.core.internal.Bundles - getClasspathEntries(Bundle=jakarta.inject.jakarta.inject-api_1.0.5 [33])
2025-11-13 17:54:12,596 [Worker-65: Launching gimalProject] INFO  o.eclipse.m2e.core.internal.Bundles - 	Entry: C:\eclipse workspace\eclipse\plugins\jakarta.inject.jakarta.inject-api_1.0.5.jar
2025-11-13 17:54:12,596 [Worker-65: Launching gimalProject] INFO  o.eclipse.m2e.core.internal.Bundles - getClasspathEntries(Bundle=javax.annotation_1.3.5.v20200909-1856 [44])
2025-11-13 17:54:12,597 [Worker-65: Launching gimalProject] INFO  o.eclipse.m2e.core.internal.Bundles - 	Entry: C:\eclipse workspace\eclipse\plugins\javax.annotation_1.3.5.v20200909-1856.jar
2025-11-13 17:54:12,597 [Worker-65: Launching gimalProject] INFO  o.eclipse.m2e.core.internal.Bundles - getClasspathEntries(Bundle=org.apache.commons.cli_1.8.0 [78])
2025-11-13 17:54:12,597 [Worker-65: Launching gimalProject] INFO  o.eclipse.m2e.core.internal.Bundles - 	Entry: C:\eclipse workspace\eclipse\plugins\org.apache.commons.cli_1.8.0.jar
2025-11-13 17:54:12,597 [Worker-65: Launching gimalProject] INFO  o.eclipse.m2e.core.internal.Bundles - getClasspathEntries(Bundle=org.apache.commons.commons-codec_1.16.0 [81])
2025-11-13 17:54:12,597 [Worker-65: Launching gimalProject] INFO  o.eclipse.m2e.core.internal.Bundles - 	Entry: C:\eclipse workspace\eclipse\plugins\org.apache.commons.commons-codec_1.16.0.jar
2025-11-13 17:54:12,597 [Worker-65: Launching gimalProject] INFO  o.eclipse.m2e.core.internal.Bundles - getClasspathEntries(Bundle=org.apache.commons.lang3_3.14.0 [89])
2025-11-13 17:54:12,597 [Worker-65: Launching gimalProject] INFO  o.eclipse.m2e.core.internal.Bundles - 	Entry: C:\eclipse workspace\eclipse\plugins\org.apache.commons.lang3_3.14.0.jar
2025-11-13 17:54:12,597 [Worker-65: Launching gimalProject] INFO  o.eclipse.m2e.core.internal.Bundles - getClasspathEntries(Bundle=com.google.guava.failureaccess_1.0.2 [17])
2025-11-13 17:54:12,598 [Worker-65: Launching gimalProject] INFO  o.eclipse.m2e.core.internal.Bundles - 	Entry: C:\eclipse workspace\eclipse\plugins\com.google.guava.failureaccess_1.0.2.jar
2025-11-13 17:54:12,599 [Worker-65: Launching gimalProject] INFO  o.e.m.i.launch.MavenLaunchDelegate - Run build in "C:\Users\Public\gimalProject\gimalProject":
2025-11-13 17:54:12,599 [Worker-65: Launching gimalProject] INFO  o.e.m.i.launch.MavenLaunchDelegate -  mvn  -B -Dstyle.color=always clean package
2025-11-13 17:56:48,741 [Worker-66: Launching 빌드] INFO  o.eclipse.m2e.core.internal.Bundles - getClasspathEntries(Bundle=org.eclipse.m2e.maven.runtime_3.9.700.20240602-2313 [645])
2025-11-13 17:56:48,742 [Worker-66: Launching 빌드] INFO  o.eclipse.m2e.core.internal.Bundles - 	Entry: C:\eclipse workspace\eclipse\plugins\org.eclipse.m2e.maven.runtime_3.9.700.20240602-2313
2025-11-13 17:56:48,742 [Worker-66: Launching 빌드] INFO  o.eclipse.m2e.core.internal.Bundles - 	Entry: C:\eclipse workspace\eclipse\plugins\org.eclipse.m2e.maven.runtime_3.9.700.20240602-2313\jars\aopalliance-1.0.jar
2025-11-13 17:56:48,742 [Worker-66: Launching 빌드] INFO  o.eclipse.m2e.core.internal.Bundles - 	Entry: C:\eclipse workspace\eclipse\plugins\org.eclipse.m2e.maven.runtime_3.9.700.20240602-2313\jars\guice-5.1.0.jar
2025-11-13 17:56:48,742 [Worker-66: Launching 빌드] INFO  o.eclipse.m2e.core.internal.Bundles - 	Entry: C:\eclipse workspace\eclipse\plugins\org.eclipse.m2e.maven.runtime_3.9.700.20240602-2313\jars\httpclient-4.5.14.jar
2025-11-13 17:56:48,742 [Worker-66: Launching 빌드] INFO  o.eclipse.m2e.core.internal.Bundles - 	Entry: C:\eclipse workspace\eclipse\plugins\org.eclipse.m2e.maven.runtime_3.9.700.20240602-2313\jars\httpcore-4.4.16.jar
2025-11-13 17:56:48,743 [Worker-66: Launching 빌드] INFO  o.eclipse.m2e.core.internal.Bundles - 	Entry: C:\eclipse workspace\eclipse\plugins\org.eclipse.m2e.maven.runtime_3.9.700.20240602-2313\jars\jansi-2.4.1.jar
2025-11-13 17:56:48,743 [Worker-66: Launching 빌드] INFO  o.eclipse.m2e.core.internal.Bundles - 	Entry: C:\eclipse workspace\eclipse\plugins\org.eclipse.m2e.maven.runtime_3.9.700.20240602-2313\jars\jcl-over-slf4j-1.7.36.jar
2025-11-13 17:56:48,743 [Worker-66: Launching 빌드] INFO  o.eclipse.m2e.core.internal.Bundles - 	Entry: C:\eclipse workspace\eclipse\plugins\org.eclipse.m2e.maven.runtime_3.9.700.20240602-2313\jars\maven-artifact-3.9.7.jar
2025-11-13 17:56:48,743 [Worker-66: Launching 빌드] INFO  o.eclipse.m2e.core.internal.Bundles - 	Entry: C:\eclipse workspace\eclipse\plugins\org.eclipse.m2e.maven.runtime_3.9.700.20240602-2313\jars\maven-builder-support-3.9.7.jar
2025-11-13 17:56:48,743 [Worker-66: Launching 빌드] INFO  o.eclipse.m2e.core.internal.Bundles - 	Entry: C:\eclipse workspace\eclipse\plugins\org.eclipse.m2e.maven.runtime_3.9.700.20240602-2313\jars\maven-compat-3.9.7.jar
2025-11-13 17:56:48,743 [Worker-66: Launching 빌드] INFO  o.eclipse.m2e.core.internal.Bundles - 	Entry: C:\eclipse workspace\eclipse\plugins\org.eclipse.m2e.maven.runtime_3.9.700.20240602-2313\jars\maven-core-3.9.7.jar
2025-11-13 17:56:48,743 [Worker-66: Launching 빌드] INFO  o.eclipse.m2e.core.internal.Bundles - 	Entry: C:\eclipse workspace\eclipse\plugins\org.eclipse.m2e.maven.runtime_3.9.700.20240602-2313\jars\maven-embedder-3.9.7.jar
2025-11-13 17:56:48,743 [Worker-66: Launching 빌드] INFO  o.eclipse.m2e.core.internal.Bundles - 	Entry: C:\eclipse workspace\eclipse\plugins\org.eclipse.m2e.maven.runtime_3.9.700.20240602-2313\jars\maven-model-3.9.7.jar
2025-11-13 17:56:48,743 [Worker-66: Launching 빌드] INFO  o.eclipse.m2e.core.internal.Bundles - 	Entry: C:\eclipse workspace\eclipse\plugins\org.eclipse.m2e.maven.runtime_3.9.700.20240602-2313\jars\maven-model-builder-3.9.7.jar
2025-11-13 17:56:48,744 [Worker-66: Launching 빌드] INFO  o.eclipse.m2e.core.internal.Bundles - 	Entry: C:\eclipse workspace\eclipse\plugins\org.eclipse.m2e.maven.runtime_3.9.700.20240602-2313\jars\maven-plugin-api-3.9.7.jar
2025-11-13 17:56:48,744 [Worker-66: Launching 빌드] INFO  o.eclipse.m2e.core.internal.Bundles - 	Entry: C:\eclipse workspace\eclipse\plugins\org.eclipse.m2e.maven.runtime_3.9.700.20240602-2313\jars\maven-repository-metadata-3.9.7.jar
2025-11-13 17:56:48,744 [Worker-66: Launching 빌드] INFO  o.eclipse.m2e.core.internal.Bundles - 	Entry: C:\eclipse workspace\eclipse\plugins\org.eclipse.m2e.maven.runtime_3.9.700.20240602-2313\jars\maven-resolver-api-1.9.20.jar
2025-11-13 17:56:48,744 [Worker-66: Launching 빌드] INFO  o.eclipse.m2e.core.internal.Bundles - 	Entry: C:\eclipse workspace\eclipse\plugins\org.eclipse.m2e.maven.runtime_3.9.700.20240602-2313\jars\maven-resolver-connector-basic-1.9.20.jar
2025-11-13 17:56:48,744 [Worker-66: Launching 빌드] INFO  o.eclipse.m2e.core.internal.Bundles - 	Entry: C:\eclipse workspace\eclipse\plugins\org.eclipse.m2e.maven.runtime_3.9.700.20240602-2313\jars\maven-resolver-impl-1.9.20.jar
2025-11-13 17:56:48,744 [Worker-66: Launching 빌드] INFO  o.eclipse.m2e.core.internal.Bundles - 	Entry: C:\eclipse workspace\eclipse\plugins\org.eclipse.m2e.maven.runtime_3.9.700.20240602-2313\jars\maven-resolver-named-locks-1.9.20.jar
2025-11-13 17:56:48,744 [Worker-66: Launching 빌드] INFO  o.eclipse.m2e.core.internal.Bundles - 	Entry: C:\eclipse workspace\eclipse\plugins\org.eclipse.m2e.maven.runtime_3.9.700.20240602-2313\jars\maven-resolver-provider-3.9.7.jar
2025-11-13 17:56:48,744 [Worker-66: Launching 빌드] INFO  o.eclipse.m2e.core.internal.Bundles - 	Entry: C:\eclipse workspace\eclipse\plugins\org.eclipse.m2e.maven.runtime_3.9.700.20240602-2313\jars\maven-resolver-spi-1.9.20.jar
2025-11-13 17:56:48,744 [Worker-66: Launching 빌드] INFO  o.eclipse.m2e.core.internal.Bundles - 	Entry: C:\eclipse workspace\eclipse\plugins\org.eclipse.m2e.maven.runtime_3.9.700.20240602-2313\jars\maven-resolver-transport-file-1.9.20.jar
2025-11-13 17:56:48,745 [Worker-66: Launching 빌드] INFO  o.eclipse.m2e.core.internal.Bundles - 	Entry: C:\eclipse workspace\eclipse\plugins\org.eclipse.m2e.maven.runtime_3.9.700.20240602-2313\jars\maven-resolver-transport-http-1.9.20.jar
2025-11-13 17:56:48,745 [Worker-66: Launching 빌드] INFO  o.eclipse.m2e.core.internal.Bundles - 	Entry: C:\eclipse workspace\eclipse\plugins\org.eclipse.m2e.maven.runtime_3.9.700.20240602-2313\jars\maven-resolver-transport-wagon-1.9.20.jar
2025-11-13 17:56:48,745 [Worker-66: Launching 빌드] INFO  o.eclipse.m2e.core.internal.Bundles - 	Entry: C:\eclipse workspace\eclipse\plugins\org.eclipse.m2e.maven.runtime_3.9.700.20240602-2313\jars\maven-resolver-util-1.9.20.jar
2025-11-13 17:56:48,745 [Worker-66: Launching 빌드] INFO  o.eclipse.m2e.core.internal.Bundles - 	Entry: C:\eclipse workspace\eclipse\plugins\org.eclipse.m2e.maven.runtime_3.9.700.20240602-2313\jars\maven-settings-3.9.7.jar
2025-11-13 17:56:48,745 [Worker-66: Launching 빌드] INFO  o.eclipse.m2e.core.internal.Bundles - 	Entry: C:\eclipse workspace\eclipse\plugins\org.eclipse.m2e.maven.runtime_3.9.700.20240602-2313\jars\maven-settings-builder-3.9.7.jar
2025-11-13 17:56:48,745 [Worker-66: Launching 빌드] INFO  o.eclipse.m2e.core.internal.Bundles - 	Entry: C:\eclipse workspace\eclipse\plugins\org.eclipse.m2e.maven.runtime_3.9.700.20240602-2313\jars\maven-shared-utils-3.4.2.jar
2025-11-13 17:56:48,745 [Worker-66: Launching 빌드] INFO  o.eclipse.m2e.core.internal.Bundles - 	Entry: C:\eclipse workspace\eclipse\plugins\org.eclipse.m2e.maven.runtime_3.9.700.20240602-2313\jars\org.eclipse.sisu.inject-0.9.0.M2.jar
2025-11-13 17:56:48,745 [Worker-66: Launching 빌드] INFO  o.eclipse.m2e.core.internal.Bundles - 	Entry: C:\eclipse workspace\eclipse\plugins\org.eclipse.m2e.maven.runtime_3.9.700.20240602-2313\jars\org.eclipse.sisu.plexus-0.9.0.M2.jar
2025-11-13 17:56:48,746 [Worker-66: Launching 빌드] INFO  o.eclipse.m2e.core.internal.Bundles - 	Entry: C:\eclipse workspace\eclipse\plugins\org.eclipse.m2e.maven.runtime_3.9.700.20240602-2313\jars\plexus-build-api-0.0.7.jar
2025-11-13 17:56:48,746 [Worker-66: Launching 빌드] INFO  o.eclipse.m2e.core.internal.Bundles - 	Entry: C:\eclipse workspace\eclipse\plugins\org.eclipse.m2e.maven.runtime_3.9.700.20240602-2313\jars\plexus-build-api-1.2.0.jar
2025-11-13 17:56:48,746 [Worker-66: Launching 빌드] INFO  o.eclipse.m2e.core.internal.Bundles - 	Entry: C:\eclipse workspace\eclipse\plugins\org.eclipse.m2e.maven.runtime_3.9.700.20240602-2313\jars\plexus-cipher-2.0.jar
2025-11-13 17:56:48,746 [Worker-66: Launching 빌드] INFO  o.eclipse.m2e.core.internal.Bundles - 	Entry: C:\eclipse workspace\eclipse\plugins\org.eclipse.m2e.maven.runtime_3.9.700.20240602-2313\jars\plexus-classworlds-2.8.0.jar
2025-11-13 17:56:48,746 [Worker-66: Launching 빌드] INFO  o.eclipse.m2e.core.internal.Bundles - 	Entry: C:\eclipse workspace\eclipse\plugins\org.eclipse.m2e.maven.runtime_3.9.700.20240602-2313\jars\plexus-component-annotations-2.1.0.jar
2025-11-13 17:56:48,746 [Worker-66: Launching 빌드] INFO  o.eclipse.m2e.core.internal.Bundles - 	Entry: C:\eclipse workspace\eclipse\plugins\org.eclipse.m2e.maven.runtime_3.9.700.20240602-2313\jars\plexus-interpolation-1.27.jar
2025-11-13 17:56:48,746 [Worker-66: Launching 빌드] INFO  o.eclipse.m2e.core.internal.Bundles - 	Entry: C:\eclipse workspace\eclipse\plugins\org.eclipse.m2e.maven.runtime_3.9.700.20240602-2313\jars\plexus-sec-dispatcher-2.0.jar
2025-11-13 17:56:48,746 [Worker-66: Launching 빌드] INFO  o.eclipse.m2e.core.internal.Bundles - 	Entry: C:\eclipse workspace\eclipse\plugins\org.eclipse.m2e.maven.runtime_3.9.700.20240602-2313\jars\plexus-utils-3.5.1.jar
2025-11-13 17:56:48,747 [Worker-66: Launching 빌드] INFO  o.eclipse.m2e.core.internal.Bundles - 	Entry: C:\eclipse workspace\eclipse\plugins\org.eclipse.m2e.maven.runtime_3.9.700.20240602-2313\jars\wagon-file-3.5.3.jar
2025-11-13 17:56:48,747 [Worker-66: Launching 빌드] INFO  o.eclipse.m2e.core.internal.Bundles - 	Entry: C:\eclipse workspace\eclipse\plugins\org.eclipse.m2e.maven.runtime_3.9.700.20240602-2313\jars\wagon-http-3.5.3.jar
2025-11-13 17:56:48,747 [Worker-66: Launching 빌드] INFO  o.eclipse.m2e.core.internal.Bundles - 	Entry: C:\eclipse workspace\eclipse\plugins\org.eclipse.m2e.maven.runtime_3.9.700.20240602-2313\jars\wagon-http-shared-3.5.3.jar
2025-11-13 17:56:48,747 [Worker-66: Launching 빌드] INFO  o.eclipse.m2e.core.internal.Bundles - 	Entry: C:\eclipse workspace\eclipse\plugins\org.eclipse.m2e.maven.runtime_3.9.700.20240602-2313\jars\wagon-provider-api-3.5.3.jar
2025-11-13 17:56:48,747 [Worker-66: Launching 빌드] INFO  o.eclipse.m2e.core.internal.Bundles - getClasspathEntries(Bundle=com.google.guava_33.2.0.jre [16])
2025-11-13 17:56:48,747 [Worker-66: Launching 빌드] INFO  o.eclipse.m2e.core.internal.Bundles - 	Entry: C:\eclipse workspace\eclipse\plugins\com.google.guava_33.2.0.jre.jar
2025-11-13 17:56:48,747 [Worker-66: Launching 빌드] INFO  o.eclipse.m2e.core.internal.Bundles - getClasspathEntries(Bundle=slf4j.api_2.0.13 [1010])
2025-11-13 17:56:48,748 [Worker-66: Launching 빌드] INFO  o.eclipse.m2e.core.internal.Bundles - 	Entry: C:\eclipse workspace\eclipse\plugins\slf4j.api_2.0.13.jar
2025-11-13 17:56:48,748 [Worker-66: Launching 빌드] INFO  o.eclipse.m2e.core.internal.Bundles - getClasspathEntries(Bundle=jakarta.inject.jakarta.inject-api_1.0.5 [33])
2025-11-13 17:56:48,748 [Worker-66: Launching 빌드] INFO  o.eclipse.m2e.core.internal.Bundles - 	Entry: C:\eclipse workspace\eclipse\plugins\jakarta.inject.jakarta.inject-api_1.0.5.jar
2025-11-13 17:56:48,748 [Worker-66: Launching 빌드] INFO  o.eclipse.m2e.core.internal.Bundles - getClasspathEntries(Bundle=javax.annotation_1.3.5.v20200909-1856 [44])
2025-11-13 17:56:48,748 [Worker-66: Launching 빌드] INFO  o.eclipse.m2e.core.internal.Bundles - 	Entry: C:\eclipse workspace\eclipse\plugins\javax.annotation_1.3.5.v20200909-1856.jar
2025-11-13 17:56:48,748 [Worker-66: Launching 빌드] INFO  o.eclipse.m2e.core.internal.Bundles - getClasspathEntries(Bundle=org.apache.commons.cli_1.8.0 [78])
2025-11-13 17:56:48,748 [Worker-66: Launching 빌드] INFO  o.eclipse.m2e.core.internal.Bundles - 	Entry: C:\eclipse workspace\eclipse\plugins\org.apache.commons.cli_1.8.0.jar
2025-11-13 17:56:48,748 [Worker-66: Launching 빌드] INFO  o.eclipse.m2e.core.internal.Bundles - getClasspathEntries(Bundle=org.apache.commons.commons-codec_1.16.0 [81])
2025-11-13 17:56:48,748 [Worker-66: Launching 빌드] INFO  o.eclipse.m2e.core.internal.Bundles - 	Entry: C:\eclipse workspace\eclipse\plugins\org.apache.commons.commons-codec_1.16.0.jar
2025-11-13 17:56:48,748 [Worker-66: Launching 빌드] INFO  o.eclipse.m2e.core.internal.Bundles - getClasspathEntries(Bundle=org.apache.commons.lang3_3.14.0 [89])
2025-11-13 17:56:48,749 [Worker-66: Launching 빌드] INFO  o.eclipse.m2e.core.internal.Bundles - 	Entry: C:\eclipse workspace\eclipse\plugins\org.apache.commons.lang3_3.14.0.jar
2025-11-13 17:56:48,749 [Worker-66: Launching 빌드] INFO  o.eclipse.m2e.core.internal.Bundles - getClasspathEntries(Bundle=com.google.guava.failureaccess_1.0.2 [17])
2025-11-13 17:56:48,749 [Worker-66: Launching 빌드] INFO  o.eclipse.m2e.core.internal.Bundles - 	Entry: C:\eclipse workspace\eclipse\plugins\com.google.guava.failureaccess_1.0.2.jar
2025-11-13 17:56:48,750 [Worker-66: Launching 빌드] INFO  o.e.m.i.launch.MavenLaunchDelegate - Run build in "C:\Users\Public\gimalProject\gimalProject":
2025-11-13 17:56:48,750 [Worker-66: Launching 빌드] INFO  o.e.m.i.launch.MavenLaunchDelegate -  mvn  -B -Dstyle.color=always clean install
2025-11-13 17:57:03,936 [Worker-70: Building] INFO  o.a.m.s.f.DefaultMavenResourcesFiltering - Copying 0 resource from src\main\resources to target\classes
2025-11-13 17:57:03,937 [Worker-70: Building] INFO  o.a.m.s.f.DefaultMavenResourcesFiltering - skip non existing resourceDirectory C:\Users\Public\gimalProject\gimalProject\src\test\resources
2025-11-14 10:17:20,487 [Worker-1: Loading available Gradle versions] INFO  o.e.b.c.i.u.g.PublishedGradleVersions - Gradle version information cache is out-of-date. Trying to update.
2025-11-14 10:31:24,447 [Worker-6: Loading available Gradle versions] INFO  o.e.b.c.i.u.g.PublishedGradleVersions - Gradle version information cache is up-to-date. Trying to read.
2025-11-14 10:31:30,265 [Worker-10: Building] INFO  o.a.m.s.f.DefaultMavenResourcesFiltering - Copying 2 resources from src\main\resources to target\classes
2025-11-14 10:31:30,280 [Worker-10: Building] INFO  o.a.m.s.f.DefaultMavenResourcesFiltering - skip non existing resourceDirectory C:\Users\Public\gimalProject\gimalProject\src\test\resources
2025-11-14 10:31:30,295 [Worker-10: Building] INFO  o.e.m.w.i.f.ResourceFilteringBuildParticipant - Changed resources require a complete clean of filtered resources of gimalProject
2025-11-14 10:31:30,296 [Worker-10: Building] INFO  o.e.m.w.i.f.ResourceFilteringBuildParticipant - Executing resource filtering for gimalProject
2025-11-14 10:36:04,830 [Worker-30: Building] INFO  o.e.m.c.i.l.LifecycleMappingFactory - Using org.maven.ide.eclipse.wtp.WarLifecycleMapping lifecycle mapping for MavenProject: gimalProject:gimalProject:0.0.1-SNAPSHOT @ C:\Users\Public\gimalProject\gimalProject\pom.xml.
2025-11-14 10:36:05,354 [Worker-30: Building] INFO  o.e.m.c.i.e.AbstractTransferListenerAdapter - Downloading https://repo.maven.apache.org/maven2/com/mysql/mysql-connector-j/8.4.0/mysql-connector-j-8.4.0.pom
2025-11-14 10:36:05,401 [Worker-30: Building] INFO  o.e.m.c.i.e.AbstractTransferListenerAdapter - Downloaded https://repo.maven.apache.org/maven2/com/mysql/mysql-connector-j/8.4.0/mysql-connector-j-8.4.0.pom
2025-11-14 10:36:05,531 [Worker-30: Building] INFO  o.e.m.c.i.e.AbstractTransferListenerAdapter - Downloading https://repo.maven.apache.org/maven2/com/google/protobuf/protobuf-java/3.25.1/protobuf-java-3.25.1.pom
2025-11-14 10:36:05,565 [Worker-30: Building] INFO  o.e.m.c.i.e.AbstractTransferListenerAdapter - Downloaded https://repo.maven.apache.org/maven2/com/google/protobuf/protobuf-java/3.25.1/protobuf-java-3.25.1.pom
2025-11-14 10:36:05,674 [Worker-30: Building] INFO  o.e.m.c.i.e.AbstractTransferListenerAdapter - Downloading https://repo.maven.apache.org/maven2/com/google/protobuf/protobuf-parent/3.25.1/protobuf-parent-3.25.1.pom
2025-11-14 10:36:05,737 [Worker-30: Building] INFO  o.e.m.c.i.e.AbstractTransferListenerAdapter - Downloaded https://repo.maven.apache.org/maven2/com/google/protobuf/protobuf-parent/3.25.1/protobuf-parent-3.25.1.pom
2025-11-14 10:36:05,901 [Worker-30: Building] INFO  o.e.m.c.i.e.AbstractTransferListenerAdapter - Downloading https://repo.maven.apache.org/maven2/com/google/protobuf/protobuf-bom/3.25.1/protobuf-bom-3.25.1.pom
2025-11-14 10:36:05,967 [Worker-30: Building] INFO  o.e.m.c.i.e.AbstractTransferListenerAdapter - Downloaded https://repo.maven.apache.org/maven2/com/google/protobuf/protobuf-bom/3.25.1/protobuf-bom-3.25.1.pom
2025-11-14 10:36:06,411 [Worker-30: Building] INFO  o.e.m.c.i.e.AbstractTransferListenerAdapter - Downloading https://repo.maven.apache.org/maven2/com/mysql/mysql-connector-j/8.4.0/mysql-connector-j-8.4.0.jar
2025-11-14 10:36:07,670 [Worker-30: Building] INFO  o.e.m.c.i.e.AbstractTransferListenerAdapter - Downloaded https://repo.maven.apache.org/maven2/com/mysql/mysql-connector-j/8.4.0/mysql-connector-j-8.4.0.jar
2025-11-14 10:36:07,824 [BasicRepositoryConnector-repo.maven.apache.org-0-0] INFO  o.e.m.c.i.e.AbstractTransferListenerAdapter - Downloading https://repo.maven.apache.org/maven2/com/google/protobuf/protobuf-java/3.25.1/protobuf-java-3.25.1.jar
2025-11-14 10:36:08,238 [BasicRepositoryConnector-repo.maven.apache.org-0-0] INFO  o.e.m.c.i.e.AbstractTransferListenerAdapter - Downloaded https://repo.maven.apache.org/maven2/com/google/protobuf/protobuf-java/3.25.1/protobuf-java-3.25.1.jar
2025-11-14 10:36:09,169 [Worker-30: Building] INFO  o.a.m.s.f.DefaultMavenResourcesFiltering - Copying 0 resource from src\main\resources to target\classes
2025-11-14 10:36:09,173 [Worker-30: Building] INFO  o.a.m.s.f.DefaultMavenResourcesFiltering - skip non existing resourceDirectory C:\Users\Public\gimalProject\gimalProject\src\test\resources
2025-11-14 10:36:09,173 [Worker-30: Building] INFO  o.e.m.w.i.f.ResourceFilteringBuildParticipant - Changed resources require a complete clean of filtered resources of gimalProject
2025-11-14 10:36:09,173 [Worker-30: Building] INFO  o.e.m.w.i.f.ResourceFilteringBuildParticipant - Executing resource filtering for gimalProject
2025-11-14 10:36:10,387 [Worker-31: Download sources and javadoc] INFO  o.e.m.c.i.e.AbstractTransferListenerAdapter - Downloading https://repo.maven.apache.org/maven2/com/mysql/mysql-connector-j/8.4.0/mysql-connector-j-8.4.0-sources.jar
2025-11-14 10:36:10,972 [Worker-31: Download sources and javadoc] INFO  o.e.m.c.i.e.AbstractTransferListenerAdapter - Downloaded https://repo.maven.apache.org/maven2/com/mysql/mysql-connector-j/8.4.0/mysql-connector-j-8.4.0-sources.jar
2025-11-14 10:36:11,011 [Worker-31: Download sources and javadoc] INFO  o.e.m.j.internal.DownloadSourcesJob - Downloaded sources for com.mysql:mysql-connector-j:8.4.0
2025-11-14 10:36:11,180 [Worker-30: Building] INFO  o.a.m.s.f.DefaultMavenResourcesFiltering - Copying 2 resources from src\main\resources to target\classes
2025-11-14 10:36:11,189 [Worker-30: Building] INFO  o.a.m.s.f.DefaultMavenResourcesFiltering - skip non existing resourceDirectory C:\Users\Public\gimalProject\gimalProject\src\test\resources
2025-11-14 10:36:11,746 [Worker-31: Download sources and javadoc] INFO  o.e.m.c.i.e.AbstractTransferListenerAdapter - Downloading https://repo.maven.apache.org/maven2/com/google/protobuf/protobuf-java/3.25.1/protobuf-java-3.25.1-sources.jar
2025-11-14 10:36:12,638 [Worker-31: Download sources and javadoc] INFO  o.e.m.c.i.e.AbstractTransferListenerAdapter - Downloaded https://repo.maven.apache.org/maven2/com/google/protobuf/protobuf-java/3.25.1/protobuf-java-3.25.1-sources.jar
2025-11-14 10:36:12,645 [Worker-31: Download sources and javadoc] INFO  o.e.m.j.internal.DownloadSourcesJob - Downloaded sources for com.google.protobuf:protobuf-java:3.25.1
2025-11-14 10:36:26,342 [Worker-32: Launching 빌드] INFO  o.eclipse.m2e.core.internal.Bundles - getClasspathEntries(Bundle=org.eclipse.m2e.maven.runtime_3.9.700.20240602-2313 [645])
2025-11-14 10:36:26,345 [Worker-32: Launching 빌드] INFO  o.eclipse.m2e.core.internal.Bundles - 	Entry: C:\eclipse workspace\eclipse\plugins\org.eclipse.m2e.maven.runtime_3.9.700.20240602-2313
2025-11-14 10:36:26,345 [Worker-32: Launching 빌드] INFO  o.eclipse.m2e.core.internal.Bundles - 	Entry: C:\eclipse workspace\eclipse\plugins\org.eclipse.m2e.maven.runtime_3.9.700.20240602-2313\jars\aopalliance-1.0.jar
2025-11-14 10:36:26,346 [Worker-32: Launching 빌드] INFO  o.eclipse.m2e.core.internal.Bundles - 	Entry: C:\eclipse workspace\eclipse\plugins\org.eclipse.m2e.maven.runtime_3.9.700.20240602-2313\jars\guice-5.1.0.jar
2025-11-14 10:36:26,346 [Worker-32: Launching 빌드] INFO  o.eclipse.m2e.core.internal.Bundles - 	Entry: C:\eclipse workspace\eclipse\plugins\org.eclipse.m2e.maven.runtime_3.9.700.20240602-2313\jars\httpclient-4.5.14.jar
2025-11-14 10:36:26,346 [Worker-32: Launching 빌드] INFO  o.eclipse.m2e.core.internal.Bundles - 	Entry: C:\eclipse workspace\eclipse\plugins\org.eclipse.m2e.maven.runtime_3.9.700.20240602-2313\jars\httpcore-4.4.16.jar
2025-11-14 10:36:26,347 [Worker-32: Launching 빌드] INFO  o.eclipse.m2e.core.internal.Bundles - 	Entry: C:\eclipse workspace\eclipse\plugins\org.eclipse.m2e.maven.runtime_3.9.700.20240602-2313\jars\jansi-2.4.1.jar
2025-11-14 10:36:26,347 [Worker-32: Launching 빌드] INFO  o.eclipse.m2e.core.internal.Bundles - 	Entry: C:\eclipse workspace\eclipse\plugins\org.eclipse.m2e.maven.runtime_3.9.700.20240602-2313\jars\jcl-over-slf4j-1.7.36.jar
2025-11-14 10:36:26,348 [Worker-32: Launching 빌드] INFO  o.eclipse.m2e.core.internal.Bundles - 	Entry: C:\eclipse workspace\eclipse\plugins\org.eclipse.m2e.maven.runtime_3.9.700.20240602-2313\jars\maven-artifact-3.9.7.jar
2025-11-14 10:36:26,348 [Worker-32: Launching 빌드] INFO  o.eclipse.m2e.core.internal.Bundles - 	Entry: C:\eclipse workspace\eclipse\plugins\org.eclipse.m2e.maven.runtime_3.9.700.20240602-2313\jars\maven-builder-support-3.9.7.jar
2025-11-14 10:36:26,348 [Worker-32: Launching 빌드] INFO  o.eclipse.m2e.core.internal.Bundles - 	Entry: C:\eclipse workspace\eclipse\plugins\org.eclipse.m2e.maven.runtime_3.9.700.20240602-2313\jars\maven-compat-3.9.7.jar
2025-11-14 10:36:26,349 [Worker-32: Launching 빌드] INFO  o.eclipse.m2e.core.internal.Bundles - 	Entry: C:\eclipse workspace\eclipse\plugins\org.eclipse.m2e.maven.runtime_3.9.700.20240602-2313\jars\maven-core-3.9.7.jar
2025-11-14 10:36:26,349 [Worker-32: Launching 빌드] INFO  o.eclipse.m2e.core.internal.Bundles - 	Entry: C:\eclipse workspace\eclipse\plugins\org.eclipse.m2e.maven.runtime_3.9.700.20240602-2313\jars\maven-embedder-3.9.7.jar
2025-11-14 10:36:26,349 [Worker-32: Launching 빌드] INFO  o.eclipse.m2e.core.internal.Bundles - 	Entry: C:\eclipse workspace\eclipse\plugins\org.eclipse.m2e.maven.runtime_3.9.700.20240602-2313\jars\maven-model-3.9.7.jar
2025-11-14 10:36:26,349 [Worker-32: Launching 빌드] INFO  o.eclipse.m2e.core.internal.Bundles - 	Entry: C:\eclipse workspace\eclipse\plugins\org.eclipse.m2e.maven.runtime_3.9.700.20240602-2313\jars\maven-model-builder-3.9.7.jar
2025-11-14 10:36:26,350 [Worker-32: Launching 빌드] INFO  o.eclipse.m2e.core.internal.Bundles - 	Entry: C:\eclipse workspace\eclipse\plugins\org.eclipse.m2e.maven.runtime_3.9.700.20240602-2313\jars\maven-plugin-api-3.9.7.jar
2025-11-14 10:36:26,350 [Worker-32: Launching 빌드] INFO  o.eclipse.m2e.core.internal.Bundles - 	Entry: C:\eclipse workspace\eclipse\plugins\org.eclipse.m2e.maven.runtime_3.9.700.20240602-2313\jars\maven-repository-metadata-3.9.7.jar
2025-11-14 10:36:26,350 [Worker-32: Launching 빌드] INFO  o.eclipse.m2e.core.internal.Bundles - 	Entry: C:\eclipse workspace\eclipse\plugins\org.eclipse.m2e.maven.runtime_3.9.700.20240602-2313\jars\maven-resolver-api-1.9.20.jar
2025-11-14 10:36:26,350 [Worker-32: Launching 빌드] INFO  o.eclipse.m2e.core.internal.Bundles - 	Entry: C:\eclipse workspace\eclipse\plugins\org.eclipse.m2e.maven.runtime_3.9.700.20240602-2313\jars\maven-resolver-connector-basic-1.9.20.jar
2025-11-14 10:36:26,351 [Worker-32: Launching 빌드] INFO  o.eclipse.m2e.core.internal.Bundles - 	Entry: C:\eclipse workspace\eclipse\plugins\org.eclipse.m2e.maven.runtime_3.9.700.20240602-2313\jars\maven-resolver-impl-1.9.20.jar
2025-11-14 10:36:26,351 [Worker-32: Launching 빌드] INFO  o.eclipse.m2e.core.internal.Bundles - 	Entry: C:\eclipse workspace\eclipse\plugins\org.eclipse.m2e.maven.runtime_3.9.700.20240602-2313\jars\maven-resolver-named-locks-1.9.20.jar
2025-11-14 10:36:26,351 [Worker-32: Launching 빌드] INFO  o.eclipse.m2e.core.internal.Bundles - 	Entry: C:\eclipse workspace\eclipse\plugins\org.eclipse.m2e.maven.runtime_3.9.700.20240602-2313\jars\maven-resolver-provider-3.9.7.jar
2025-11-14 10:36:26,352 [Worker-32: Launching 빌드] INFO  o.eclipse.m2e.core.internal.Bundles - 	Entry: C:\eclipse workspace\eclipse\plugins\org.eclipse.m2e.maven.runtime_3.9.700.20240602-2313\jars\maven-resolver-spi-1.9.20.jar
2025-11-14 10:36:26,352 [Worker-32: Launching 빌드] INFO  o.eclipse.m2e.core.internal.Bundles - 	Entry: C:\eclipse workspace\eclipse\plugins\org.eclipse.m2e.maven.runtime_3.9.700.20240602-2313\jars\maven-resolver-transport-file-1.9.20.jar
2025-11-14 10:36:26,353 [Worker-32: Launching 빌드] INFO  o.eclipse.m2e.core.internal.Bundles - 	Entry: C:\eclipse workspace\eclipse\plugins\org.eclipse.m2e.maven.runtime_3.9.700.20240602-2313\jars\maven-resolver-transport-http-1.9.20.jar
2025-11-14 10:36:26,353 [Worker-32: Launching 빌드] INFO  o.eclipse.m2e.core.internal.Bundles - 	Entry: C:\eclipse workspace\eclipse\plugins\org.eclipse.m2e.maven.runtime_3.9.700.20240602-2313\jars\maven-resolver-transport-wagon-1.9.20.jar
2025-11-14 10:36:26,353 [Worker-32: Launching 빌드] INFO  o.eclipse.m2e.core.internal.Bundles - 	Entry: C:\eclipse workspace\eclipse\plugins\org.eclipse.m2e.maven.runtime_3.9.700.20240602-2313\jars\maven-resolver-util-1.9.20.jar
2025-11-14 10:36:26,353 [Worker-32: Launching 빌드] INFO  o.eclipse.m2e.core.internal.Bundles - 	Entry: C:\eclipse workspace\eclipse\plugins\org.eclipse.m2e.maven.runtime_3.9.700.20240602-2313\jars\maven-settings-3.9.7.jar
2025-11-14 10:36:26,354 [Worker-32: Launching 빌드] INFO  o.eclipse.m2e.core.internal.Bundles - 	Entry: C:\eclipse workspace\eclipse\plugins\org.eclipse.m2e.maven.runtime_3.9.700.20240602-2313\jars\maven-settings-builder-3.9.7.jar
2025-11-14 10:36:26,354 [Worker-32: Launching 빌드] INFO  o.eclipse.m2e.core.internal.Bundles - 	Entry: C:\eclipse workspace\eclipse\plugins\org.eclipse.m2e.maven.runtime_3.9.700.20240602-2313\jars\maven-shared-utils-3.4.2.jar
2025-11-14 10:36:26,354 [Worker-32: Launching 빌드] INFO  o.eclipse.m2e.core.internal.Bundles - 	Entry: C:\eclipse workspace\eclipse\plugins\org.eclipse.m2e.maven.runtime_3.9.700.20240602-2313\jars\org.eclipse.sisu.inject-0.9.0.M2.jar
2025-11-14 10:36:26,355 [Worker-32: Launching 빌드] INFO  o.eclipse.m2e.core.internal.Bundles - 	Entry: C:\eclipse workspace\eclipse\plugins\org.eclipse.m2e.maven.runtime_3.9.700.20240602-2313\jars\org.eclipse.sisu.plexus-0.9.0.M2.jar
2025-11-14 10:36:26,356 [Worker-32: Launching 빌드] INFO  o.eclipse.m2e.core.internal.Bundles - 	Entry: C:\eclipse workspace\eclipse\plugins\org.eclipse.m2e.maven.runtime_3.9.700.20240602-2313\jars\plexus-build-api-0.0.7.jar
2025-11-14 10:36:26,356 [Worker-32: Launching 빌드] INFO  o.eclipse.m2e.core.internal.Bundles - 	Entry: C:\eclipse workspace\eclipse\plugins\org.eclipse.m2e.maven.runtime_3.9.700.20240602-2313\jars\plexus-build-api-1.2.0.jar
2025-11-14 10:36:26,357 [Worker-32: Launching 빌드] INFO  o.eclipse.m2e.core.internal.Bundles - 	Entry: C:\eclipse workspace\eclipse\plugins\org.eclipse.m2e.maven.runtime_3.9.700.20240602-2313\jars\plexus-cipher-2.0.jar
2025-11-14 10:36:26,357 [Worker-32: Launching 빌드] INFO  o.eclipse.m2e.core.internal.Bundles - 	Entry: C:\eclipse workspace\eclipse\plugins\org.eclipse.m2e.maven.runtime_3.9.700.20240602-2313\jars\plexus-classworlds-2.8.0.jar
2025-11-14 10:36:26,358 [Worker-32: Launching 빌드] INFO  o.eclipse.m2e.core.internal.Bundles - 	Entry: C:\eclipse workspace\eclipse\plugins\org.eclipse.m2e.maven.runtime_3.9.700.20240602-2313\jars\plexus-component-annotations-2.1.0.jar
2025-11-14 10:36:26,358 [Worker-32: Launching 빌드] INFO  o.eclipse.m2e.core.internal.Bundles - 	Entry: C:\eclipse workspace\eclipse\plugins\org.eclipse.m2e.maven.runtime_3.9.700.20240602-2313\jars\plexus-interpolation-1.27.jar
2025-11-14 10:36:26,359 [Worker-32: Launching 빌드] INFO  o.eclipse.m2e.core.internal.Bundles - 	Entry: C:\eclipse workspace\eclipse\plugins\org.eclipse.m2e.maven.runtime_3.9.700.20240602-2313\jars\plexus-sec-dispatcher-2.0.jar
2025-11-14 10:36:26,359 [Worker-32: Launching 빌드] INFO  o.eclipse.m2e.core.internal.Bundles - 	Entry: C:\eclipse workspace\eclipse\plugins\org.eclipse.m2e.maven.runtime_3.9.700.20240602-2313\jars\plexus-utils-3.5.1.jar
2025-11-14 10:36:26,359 [Worker-32: Launching 빌드] INFO  o.eclipse.m2e.core.internal.Bundles - 	Entry: C:\eclipse workspace\eclipse\plugins\org.eclipse.m2e.maven.runtime_3.9.700.20240602-2313\jars\wagon-file-3.5.3.jar
2025-11-14 10:36:26,360 [Worker-32: Launching 빌드] INFO  o.eclipse.m2e.core.internal.Bundles - 	Entry: C:\eclipse workspace\eclipse\plugins\org.eclipse.m2e.maven.runtime_3.9.700.20240602-2313\jars\wagon-http-3.5.3.jar
2025-11-14 10:36:26,360 [Worker-32: Launching 빌드] INFO  o.eclipse.m2e.core.internal.Bundles - 	Entry: C:\eclipse workspace\eclipse\plugins\org.eclipse.m2e.maven.runtime_3.9.700.20240602-2313\jars\wagon-http-shared-3.5.3.jar
2025-11-14 10:36:26,360 [Worker-32: Launching 빌드] INFO  o.eclipse.m2e.core.internal.Bundles - 	Entry: C:\eclipse workspace\eclipse\plugins\org.eclipse.m2e.maven.runtime_3.9.700.20240602-2313\jars\wagon-provider-api-3.5.3.jar
2025-11-14 10:36:26,362 [Worker-32: Launching 빌드] INFO  o.eclipse.m2e.core.internal.Bundles - getClasspathEntries(Bundle=com.google.guava_33.2.0.jre [16])
2025-11-14 10:36:26,363 [Worker-32: Launching 빌드] INFO  o.eclipse.m2e.core.internal.Bundles - 	Entry: C:\eclipse workspace\eclipse\plugins\com.google.guava_33.2.0.jre.jar
2025-11-14 10:36:26,363 [Worker-32: Launching 빌드] INFO  o.eclipse.m2e.core.internal.Bundles - getClasspathEntries(Bundle=slf4j.api_2.0.13 [1010])
2025-11-14 10:36:26,363 [Worker-32: Launching 빌드] INFO  o.eclipse.m2e.core.internal.Bundles - 	Entry: C:\eclipse workspace\eclipse\plugins\slf4j.api_2.0.13.jar
2025-11-14 10:36:26,363 [Worker-32: Launching 빌드] INFO  o.eclipse.m2e.core.internal.Bundles - getClasspathEntries(Bundle=jakarta.inject.jakarta.inject-api_1.0.5 [33])
2025-11-14 10:36:26,364 [Worker-32: Launching 빌드] INFO  o.eclipse.m2e.core.internal.Bundles - 	Entry: C:\eclipse workspace\eclipse\plugins\jakarta.inject.jakarta.inject-api_1.0.5.jar
2025-11-14 10:36:26,364 [Worker-32: Launching 빌드] INFO  o.eclipse.m2e.core.internal.Bundles - getClasspathEntries(Bundle=javax.annotation_1.3.5.v20200909-1856 [44])
2025-11-14 10:36:26,364 [Worker-32: Launching 빌드] INFO  o.eclipse.m2e.core.internal.Bundles - 	Entry: C:\eclipse workspace\eclipse\plugins\javax.annotation_1.3.5.v20200909-1856.jar
2025-11-14 10:36:26,364 [Worker-32: Launching 빌드] INFO  o.eclipse.m2e.core.internal.Bundles - getClasspathEntries(Bundle=org.apache.commons.cli_1.8.0 [78])
2025-11-14 10:36:26,364 [Worker-32: Launching 빌드] INFO  o.eclipse.m2e.core.internal.Bundles - 	Entry: C:\eclipse workspace\eclipse\plugins\org.apache.commons.cli_1.8.0.jar
2025-11-14 10:36:26,364 [Worker-32: Launching 빌드] INFO  o.eclipse.m2e.core.internal.Bundles - getClasspathEntries(Bundle=org.apache.commons.commons-codec_1.16.0 [81])
2025-11-14 10:36:26,365 [Worker-32: Launching 빌드] INFO  o.eclipse.m2e.core.internal.Bundles - 	Entry: C:\eclipse workspace\eclipse\plugins\org.apache.commons.commons-codec_1.16.0.jar
2025-11-14 10:36:26,365 [Worker-32: Launching 빌드] INFO  o.eclipse.m2e.core.internal.Bundles - getClasspathEntries(Bundle=org.apache.commons.lang3_3.14.0 [89])
2025-11-14 10:36:26,365 [Worker-32: Launching 빌드] INFO  o.eclipse.m2e.core.internal.Bundles - 	Entry: C:\eclipse workspace\eclipse\plugins\org.apache.commons.lang3_3.14.0.jar
2025-11-14 10:36:26,365 [Worker-32: Launching 빌드] INFO  o.eclipse.m2e.core.internal.Bundles - getClasspathEntries(Bundle=com.google.guava.failureaccess_1.0.2 [17])
2025-11-14 10:36:26,366 [Worker-32: Launching 빌드] INFO  o.eclipse.m2e.core.internal.Bundles - 	Entry: C:\eclipse workspace\eclipse\plugins\com.google.guava.failureaccess_1.0.2.jar
2025-11-14 10:36:26,371 [Worker-32: Launching 빌드] INFO  o.e.m.i.launch.MavenLaunchDelegate - Run build in "C:\Users\Public\gimalProject\gimalProject":
2025-11-14 10:36:26,373 [Worker-32: Launching 빌드] INFO  o.e.m.i.launch.MavenLaunchDelegate -  mvn  -B -Dstyle.color=always clean install
2025-11-14 10:37:03,328 [Worker-10: Building] INFO  o.a.m.s.f.DefaultMavenResourcesFiltering - Copying 0 resource from src\main\resources to target\classes
2025-11-14 10:37:03,333 [Worker-10: Building] INFO  o.a.m.s.f.DefaultMavenResourcesFiltering - skip non existing resourceDirectory C:\Users\Public\gimalProject\gimalProject\src\test\resources
2025-11-14 10:37:22,235 [Worker-7: Building] INFO  o.a.m.s.f.DefaultMavenResourcesFiltering - Copying 2 resources from src\main\resources to target\classes
2025-11-14 10:37:22,249 [Worker-7: Building] INFO  o.a.m.s.f.DefaultMavenResourcesFiltering - Copying 0 resource from src\test\resources to target\test-classes
2025-11-14 10:37:22,251 [Worker-7: Building] INFO  o.e.m.w.i.f.ResourceFilteringBuildParticipant - Changed resources require a complete clean of filtered resources of gimalProject
2025-11-14 10:37:22,251 [Worker-7: Building] INFO  o.e.m.w.i.f.ResourceFilteringBuildParticipant - Executing resource filtering for gimalProject
2025-11-14 10:37:32,016 [Worker-33: Launching 빌드] INFO  o.eclipse.m2e.core.internal.Bundles - getClasspathEntries(Bundle=org.eclipse.m2e.maven.runtime_3.9.700.20240602-2313 [645])
2025-11-14 10:37:32,017 [Worker-33: Launching 빌드] INFO  o.eclipse.m2e.core.internal.Bundles - 	Entry: C:\eclipse workspace\eclipse\plugins\org.eclipse.m2e.maven.runtime_3.9.700.20240602-2313
2025-11-14 10:37:32,017 [Worker-33: Launching 빌드] INFO  o.eclipse.m2e.core.internal.Bundles - 	Entry: C:\eclipse workspace\eclipse\plugins\org.eclipse.m2e.maven.runtime_3.9.700.20240602-2313\jars\aopalliance-1.0.jar
2025-11-14 10:37:32,018 [Worker-33: Launching 빌드] INFO  o.eclipse.m2e.core.internal.Bundles - 	Entry: C:\eclipse workspace\eclipse\plugins\org.eclipse.m2e.maven.runtime_3.9.700.20240602-2313\jars\guice-5.1.0.jar
2025-11-14 10:37:32,018 [Worker-33: Launching 빌드] INFO  o.eclipse.m2e.core.internal.Bundles - 	Entry: C:\eclipse workspace\eclipse\plugins\org.eclipse.m2e.maven.runtime_3.9.700.20240602-2313\jars\httpclient-4.5.14.jar
2025-11-14 10:37:32,018 [Worker-33: Launching 빌드] INFO  o.eclipse.m2e.core.internal.Bundles - 	Entry: C:\eclipse workspace\eclipse\plugins\org.eclipse.m2e.maven.runtime_3.9.700.20240602-2313\jars\httpcore-4.4.16.jar
2025-11-14 10:37:32,019 [Worker-33: Launching 빌드] INFO  o.eclipse.m2e.core.internal.Bundles - 	Entry: C:\eclipse workspace\eclipse\plugins\org.eclipse.m2e.maven.runtime_3.9.700.20240602-2313\jars\jansi-2.4.1.jar
2025-11-14 10:37:32,019 [Worker-33: Launching 빌드] INFO  o.eclipse.m2e.core.internal.Bundles - 	Entry: C:\eclipse workspace\eclipse\plugins\org.eclipse.m2e.maven.runtime_3.9.700.20240602-2313\jars\jcl-over-slf4j-1.7.36.jar
2025-11-14 10:37:32,019 [Worker-33: Launching 빌드] INFO  o.eclipse.m2e.core.internal.Bundles - 	Entry: C:\eclipse workspace\eclipse\plugins\org.eclipse.m2e.maven.runtime_3.9.700.20240602-2313\jars\maven-artifact-3.9.7.jar
2025-11-14 10:37:32,020 [Worker-33: Launching 빌드] INFO  o.eclipse.m2e.core.internal.Bundles - 	Entry: C:\eclipse workspace\eclipse\plugins\org.eclipse.m2e.maven.runtime_3.9.700.20240602-2313\jars\maven-builder-support-3.9.7.jar
2025-11-14 10:37:32,020 [Worker-33: Launching 빌드] INFO  o.eclipse.m2e.core.internal.Bundles - 	Entry: C:\eclipse workspace\eclipse\plugins\org.eclipse.m2e.maven.runtime_3.9.700.20240602-2313\jars\maven-compat-3.9.7.jar
2025-11-14 10:37:32,020 [Worker-33: Launching 빌드] INFO  o.eclipse.m2e.core.internal.Bundles - 	Entry: C:\eclipse workspace\eclipse\plugins\org.eclipse.m2e.maven.runtime_3.9.700.20240602-2313\jars\maven-core-3.9.7.jar
2025-11-14 10:37:32,020 [Worker-33: Launching 빌드] INFO  o.eclipse.m2e.core.internal.Bundles - 	Entry: C:\eclipse workspace\eclipse\plugins\org.eclipse.m2e.maven.runtime_3.9.700.20240602-2313\jars\maven-embedder-3.9.7.jar
2025-11-14 10:37:32,021 [Worker-33: Launching 빌드] INFO  o.eclipse.m2e.core.internal.Bundles - 	Entry: C:\eclipse workspace\eclipse\plugins\org.eclipse.m2e.maven.runtime_3.9.700.20240602-2313\jars\maven-model-3.9.7.jar
2025-11-14 10:37:32,021 [Worker-33: Launching 빌드] INFO  o.eclipse.m2e.core.internal.Bundles - 	Entry: C:\eclipse workspace\eclipse\plugins\org.eclipse.m2e.maven.runtime_3.9.700.20240602-2313\jars\maven-model-builder-3.9.7.jar
2025-11-14 10:37:32,021 [Worker-33: Launching 빌드] INFO  o.eclipse.m2e.core.internal.Bundles - 	Entry: C:\eclipse workspace\eclipse\plugins\org.eclipse.m2e.maven.runtime_3.9.700.20240602-2313\jars\maven-plugin-api-3.9.7.jar
2025-11-14 10:37:32,021 [Worker-33: Launching 빌드] INFO  o.eclipse.m2e.core.internal.Bundles - 	Entry: C:\eclipse workspace\eclipse\plugins\org.eclipse.m2e.maven.runtime_3.9.700.20240602-2313\jars\maven-repository-metadata-3.9.7.jar
2025-11-14 10:37:32,022 [Worker-33: Launching 빌드] INFO  o.eclipse.m2e.core.internal.Bundles - 	Entry: C:\eclipse workspace\eclipse\plugins\org.eclipse.m2e.maven.runtime_3.9.700.20240602-2313\jars\maven-resolver-api-1.9.20.jar
2025-11-14 10:37:32,022 [Worker-33: Launching 빌드] INFO  o.eclipse.m2e.core.internal.Bundles - 	Entry: C:\eclipse workspace\eclipse\plugins\org.eclipse.m2e.maven.runtime_3.9.700.20240602-2313\jars\maven-resolver-connector-basic-1.9.20.jar
2025-11-14 10:37:32,022 [Worker-33: Launching 빌드] INFO  o.eclipse.m2e.core.internal.Bundles - 	Entry: C:\eclipse workspace\eclipse\plugins\org.eclipse.m2e.maven.runtime_3.9.700.20240602-2313\jars\maven-resolver-impl-1.9.20.jar
2025-11-14 10:37:32,022 [Worker-33: Launching 빌드] INFO  o.eclipse.m2e.core.internal.Bundles - 	Entry: C:\eclipse workspace\eclipse\plugins\org.eclipse.m2e.maven.runtime_3.9.700.20240602-2313\jars\maven-resolver-named-locks-1.9.20.jar
2025-11-14 10:37:32,022 [Worker-33: Launching 빌드] INFO  o.eclipse.m2e.core.internal.Bundles - 	Entry: C:\eclipse workspace\eclipse\plugins\org.eclipse.m2e.maven.runtime_3.9.700.20240602-2313\jars\maven-resolver-provider-3.9.7.jar
2025-11-14 10:37:32,024 [Worker-33: Launching 빌드] INFO  o.eclipse.m2e.core.internal.Bundles - 	Entry: C:\eclipse workspace\eclipse\plugins\org.eclipse.m2e.maven.runtime_3.9.700.20240602-2313\jars\maven-resolver-spi-1.9.20.jar
2025-11-14 10:37:32,024 [Worker-33: Launching 빌드] INFO  o.eclipse.m2e.core.internal.Bundles - 	Entry: C:\eclipse workspace\eclipse\plugins\org.eclipse.m2e.maven.runtime_3.9.700.20240602-2313\jars\maven-resolver-transport-file-1.9.20.jar
2025-11-14 10:37:32,024 [Worker-33: Launching 빌드] INFO  o.eclipse.m2e.core.internal.Bundles - 	Entry: C:\eclipse workspace\eclipse\plugins\org.eclipse.m2e.maven.runtime_3.9.700.20240602-2313\jars\maven-resolver-transport-http-1.9.20.jar
2025-11-14 10:37:32,025 [Worker-33: Launching 빌드] INFO  o.eclipse.m2e.core.internal.Bundles - 	Entry: C:\eclipse workspace\eclipse\plugins\org.eclipse.m2e.maven.runtime_3.9.700.20240602-2313\jars\maven-resolver-transport-wagon-1.9.20.jar
2025-11-14 10:37:32,025 [Worker-33: Launching 빌드] INFO  o.eclipse.m2e.core.internal.Bundles - 	Entry: C:\eclipse workspace\eclipse\plugins\org.eclipse.m2e.maven.runtime_3.9.700.20240602-2313\jars\maven-resolver-util-1.9.20.jar
2025-11-14 10:37:32,026 [Worker-33: Launching 빌드] INFO  o.eclipse.m2e.core.internal.Bundles - 	Entry: C:\eclipse workspace\eclipse\plugins\org.eclipse.m2e.maven.runtime_3.9.700.20240602-2313\jars\maven-settings-3.9.7.jar
2025-11-14 10:37:32,026 [Worker-33: Launching 빌드] INFO  o.eclipse.m2e.core.internal.Bundles - 	Entry: C:\eclipse workspace\eclipse\plugins\org.eclipse.m2e.maven.runtime_3.9.700.20240602-2313\jars\maven-settings-builder-3.9.7.jar
2025-11-14 10:37:32,026 [Worker-33: Launching 빌드] INFO  o.eclipse.m2e.core.internal.Bundles - 	Entry: C:\eclipse workspace\eclipse\plugins\org.eclipse.m2e.maven.runtime_3.9.700.20240602-2313\jars\maven-shared-utils-3.4.2.jar
2025-11-14 10:37:32,027 [Worker-33: Launching 빌드] INFO  o.eclipse.m2e.core.internal.Bundles - 	Entry: C:\eclipse workspace\eclipse\plugins\org.eclipse.m2e.maven.runtime_3.9.700.20240602-2313\jars\org.eclipse.sisu.inject-0.9.0.M2.jar
2025-11-14 10:37:32,027 [Worker-33: Launching 빌드] INFO  o.eclipse.m2e.core.internal.Bundles - 	Entry: C:\eclipse workspace\eclipse\plugins\org.eclipse.m2e.maven.runtime_3.9.700.20240602-2313\jars\org.eclipse.sisu.plexus-0.9.0.M2.jar
2025-11-14 10:37:32,027 [Worker-33: Launching 빌드] INFO  o.eclipse.m2e.core.internal.Bundles - 	Entry: C:\eclipse workspace\eclipse\plugins\org.eclipse.m2e.maven.runtime_3.9.700.20240602-2313\jars\plexus-build-api-0.0.7.jar
2025-11-14 10:37:32,028 [Worker-33: Launching 빌드] INFO  o.eclipse.m2e.core.internal.Bundles - 	Entry: C:\eclipse workspace\eclipse\plugins\org.eclipse.m2e.maven.runtime_3.9.700.20240602-2313\jars\plexus-build-api-1.2.0.jar
2025-11-14 10:37:32,028 [Worker-33: Launching 빌드] INFO  o.eclipse.m2e.core.internal.Bundles - 	Entry: C:\eclipse workspace\eclipse\plugins\org.eclipse.m2e.maven.runtime_3.9.700.20240602-2313\jars\plexus-cipher-2.0.jar
2025-11-14 10:37:32,028 [Worker-33: Launching 빌드] INFO  o.eclipse.m2e.core.internal.Bundles - 	Entry: C:\eclipse workspace\eclipse\plugins\org.eclipse.m2e.maven.runtime_3.9.700.20240602-2313\jars\plexus-classworlds-2.8.0.jar
2025-11-14 10:37:32,028 [Worker-33: Launching 빌드] INFO  o.eclipse.m2e.core.internal.Bundles - 	Entry: C:\eclipse workspace\eclipse\plugins\org.eclipse.m2e.maven.runtime_3.9.700.20240602-2313\jars\plexus-component-annotations-2.1.0.jar
2025-11-14 10:37:32,029 [Worker-33: Launching 빌드] INFO  o.eclipse.m2e.core.internal.Bundles - 	Entry: C:\eclipse workspace\eclipse\plugins\org.eclipse.m2e.maven.runtime_3.9.700.20240602-2313\jars\plexus-interpolation-1.27.jar
2025-11-14 10:37:32,029 [Worker-33: Launching 빌드] INFO  o.eclipse.m2e.core.internal.Bundles - 	Entry: C:\eclipse workspace\eclipse\plugins\org.eclipse.m2e.maven.runtime_3.9.700.20240602-2313\jars\plexus-sec-dispatcher-2.0.jar
2025-11-14 10:37:32,029 [Worker-33: Launching 빌드] INFO  o.eclipse.m2e.core.internal.Bundles - 	Entry: C:\eclipse workspace\eclipse\plugins\org.eclipse.m2e.maven.runtime_3.9.700.20240602-2313\jars\plexus-utils-3.5.1.jar
2025-11-14 10:37:32,030 [Worker-33: Launching 빌드] INFO  o.eclipse.m2e.core.internal.Bundles - 	Entry: C:\eclipse workspace\eclipse\plugins\org.eclipse.m2e.maven.runtime_3.9.700.20240602-2313\jars\wagon-file-3.5.3.jar
2025-11-14 10:37:32,030 [Worker-33: Launching 빌드] INFO  o.eclipse.m2e.core.internal.Bundles - 	Entry: C:\eclipse workspace\eclipse\plugins\org.eclipse.m2e.maven.runtime_3.9.700.20240602-2313\jars\wagon-http-3.5.3.jar
2025-11-14 10:37:32,030 [Worker-33: Launching 빌드] INFO  o.eclipse.m2e.core.internal.Bundles - 	Entry: C:\eclipse workspace\eclipse\plugins\org.eclipse.m2e.maven.runtime_3.9.700.20240602-2313\jars\wagon-http-shared-3.5.3.jar
2025-11-14 10:37:32,031 [Worker-33: Launching 빌드] INFO  o.eclipse.m2e.core.internal.Bundles - 	Entry: C:\eclipse workspace\eclipse\plugins\org.eclipse.m2e.maven.runtime_3.9.700.20240602-2313\jars\wagon-provider-api-3.5.3.jar
2025-11-14 10:37:32,031 [Worker-33: Launching 빌드] INFO  o.eclipse.m2e.core.internal.Bundles - getClasspathEntries(Bundle=com.google.guava_33.2.0.jre [16])
2025-11-14 10:37:32,031 [Worker-33: Launching 빌드] INFO  o.eclipse.m2e.core.internal.Bundles - 	Entry: C:\eclipse workspace\eclipse\plugins\com.google.guava_33.2.0.jre.jar
2025-11-14 10:37:32,032 [Worker-33: Launching 빌드] INFO  o.eclipse.m2e.core.internal.Bundles - getClasspathEntries(Bundle=slf4j.api_2.0.13 [1010])
2025-11-14 10:37:32,032 [Worker-33: Launching 빌드] INFO  o.eclipse.m2e.core.internal.Bundles - 	Entry: C:\eclipse workspace\eclipse\plugins\slf4j.api_2.0.13.jar
2025-11-14 10:37:32,032 [Worker-33: Launching 빌드] INFO  o.eclipse.m2e.core.internal.Bundles - getClasspathEntries(Bundle=jakarta.inject.jakarta.inject-api_1.0.5 [33])
2025-11-14 10:37:32,033 [Worker-33: Launching 빌드] INFO  o.eclipse.m2e.core.internal.Bundles - 	Entry: C:\eclipse workspace\eclipse\plugins\jakarta.inject.jakarta.inject-api_1.0.5.jar
2025-11-14 10:37:32,033 [Worker-33: Launching 빌드] INFO  o.eclipse.m2e.core.internal.Bundles - getClasspathEntries(Bundle=javax.annotation_1.3.5.v20200909-1856 [44])
2025-11-14 10:37:32,033 [Worker-33: Launching 빌드] INFO  o.eclipse.m2e.core.internal.Bundles - 	Entry: C:\eclipse workspace\eclipse\plugins\javax.annotation_1.3.5.v20200909-1856.jar
2025-11-14 10:37:32,033 [Worker-33: Launching 빌드] INFO  o.eclipse.m2e.core.internal.Bundles - getClasspathEntries(Bundle=org.apache.commons.cli_1.8.0 [78])
2025-11-14 10:37:32,034 [Worker-33: Launching 빌드] INFO  o.eclipse.m2e.core.internal.Bundles - 	Entry: C:\eclipse workspace\eclipse\plugins\org.apache.commons.cli_1.8.0.jar
2025-11-14 10:37:32,034 [Worker-33: Launching 빌드] INFO  o.eclipse.m2e.core.internal.Bundles - getClasspathEntries(Bundle=org.apache.commons.commons-codec_1.16.0 [81])
2025-11-14 10:37:32,035 [Worker-33: Launching 빌드] INFO  o.eclipse.m2e.core.internal.Bundles - 	Entry: C:\eclipse workspace\eclipse\plugins\org.apache.commons.commons-codec_1.16.0.jar
2025-11-14 10:37:32,035 [Worker-33: Launching 빌드] INFO  o.eclipse.m2e.core.internal.Bundles - getClasspathEntries(Bundle=org.apache.commons.lang3_3.14.0 [89])
2025-11-14 10:37:32,035 [Worker-33: Launching 빌드] INFO  o.eclipse.m2e.core.internal.Bundles - 	Entry: C:\eclipse workspace\eclipse\plugins\org.apache.commons.lang3_3.14.0.jar
2025-11-14 10:37:32,035 [Worker-33: Launching 빌드] INFO  o.eclipse.m2e.core.internal.Bundles - getClasspathEntries(Bundle=com.google.guava.failureaccess_1.0.2 [17])
2025-11-14 10:37:32,036 [Worker-33: Launching 빌드] INFO  o.eclipse.m2e.core.internal.Bundles - 	Entry: C:\eclipse workspace\eclipse\plugins\com.google.guava.failureaccess_1.0.2.jar
2025-11-14 10:37:32,040 [Worker-33: Launching 빌드] INFO  o.e.m.i.launch.MavenLaunchDelegate - Run build in "C:\Users\Public\gimalProject\gimalProject":
2025-11-14 10:37:32,040 [Worker-33: Launching 빌드] INFO  o.e.m.i.launch.MavenLaunchDelegate -  mvn  -B -Dstyle.color=always clean install
2025-11-14 10:38:46,017 [Worker-30: Updating Maven Project] INFO  o.e.m.c.i.p.ProjectConfigurationManager - Update started
2025-11-14 10:38:46,590 [Worker-30: Updating Maven Project] INFO  o.e.m.c.i.l.LifecycleMappingFactory - Using org.maven.ide.eclipse.wtp.WarLifecycleMapping lifecycle mapping for MavenProject: gimalProject:gimalProject:0.0.1-SNAPSHOT @ C:\Users\Public\gimalProject\gimalProject\pom.xml.
2025-11-14 10:38:47,910 [Worker-30: Updating Maven Project] INFO  o.e.m.j.i.AbstractJavaProjectConfigurator - Adding source folder /gimalProject/src/main/java
2025-11-14 10:38:47,912 [Worker-30: Updating Maven Project] INFO  o.e.m.j.i.AbstractJavaProjectConfigurator - Adding resource folder /gimalProject/src/main/resources
2025-11-14 10:38:47,951 [Worker-30: Updating Maven Project] INFO  o.e.m.j.i.AbstractJavaProjectConfigurator - Adding source folder /gimalProject/src/test/java
2025-11-14 10:38:47,952 [Worker-30: Updating Maven Project] INFO  o.e.m.j.i.AbstractJavaProjectConfigurator - Adding resource folder /gimalProject/src/test/resources
2025-11-14 10:38:48,508 [Worker-30: Updating Maven Project] INFO  o.e.m.w.i.f.ResourceFilteringBuildParticipant - Cleaning filtered folder for gimalProject
2025-11-14 10:38:48,598 [Worker-30: Updating Maven Project] INFO  o.e.m.c.i.p.ProjectConfigurationManager - Update completed for 1 poms: local refresh takes 0.00 sec, refresh facades takes 1.00 sec, update config takes 0.00 sec 
2025-11-14 10:38:48,967 [Worker-32: Building] INFO  o.a.m.s.f.DefaultMavenResourcesFiltering - Copying 2 resources from src\main\resources to target\classes
2025-11-14 10:38:48,980 [Worker-32: Building] INFO  o.a.m.s.f.DefaultMavenResourcesFiltering - Copying 0 resource from src\test\resources to target\test-classes
2025-11-14 10:38:48,981 [Worker-32: Building] INFO  o.e.m.w.i.f.ResourceFilteringBuildParticipant - Changed resources require a complete clean of filtered resources of gimalProject
2025-11-14 10:38:48,981 [Worker-32: Building] INFO  o.e.m.w.i.f.ResourceFilteringBuildParticipant - Executing resource filtering for gimalProject
2025-11-14 10:40:11,303 [Worker-10: Cleaning all projects] INFO  o.e.m.w.i.f.ResourceFilteringBuildParticipant - Cleaning filtered folder for gimalProject
2025-11-14 10:40:11,744 [Worker-34: Building] INFO  o.a.m.s.f.DefaultMavenResourcesFiltering - Copying 2 resources from src\main\resources to target\classes
2025-11-14 10:40:11,755 [Worker-34: Building] INFO  o.a.m.s.f.DefaultMavenResourcesFiltering - Copying 0 resource from src\test\resources to target\test-classes
2025-11-14 10:40:11,756 [Worker-34: Building] INFO  o.e.m.w.i.f.ResourceFilteringBuildParticipant - Changed resources require a complete clean of filtered resources of gimalProject
2025-11-14 10:40:11,756 [Worker-34: Building] INFO  o.e.m.w.i.f.ResourceFilteringBuildParticipant - Executing resource filtering for gimalProject
2025-11-14 10:40:23,754 [Worker-36: Updating Maven Project] INFO  o.e.m.c.i.p.ProjectConfigurationManager - Update started
2025-11-14 10:40:24,278 [Worker-36: Updating Maven Project] INFO  o.e.m.c.i.l.LifecycleMappingFactory - Using org.maven.ide.eclipse.wtp.WarLifecycleMapping lifecycle mapping for MavenProject: gimalProject:gimalProject:0.0.1-SNAPSHOT @ C:\Users\Public\gimalProject\gimalProject\pom.xml.
2025-11-14 10:40:25,535 [Worker-36: Updating Maven Project] INFO  o.e.m.j.i.AbstractJavaProjectConfigurator - Adding source folder /gimalProject/src/main/java
2025-11-14 10:40:25,536 [Worker-36: Updating Maven Project] INFO  o.e.m.j.i.AbstractJavaProjectConfigurator - Adding resource folder /gimalProject/src/main/resources
2025-11-14 10:40:25,536 [Worker-36: Updating Maven Project] INFO  o.e.m.j.i.AbstractJavaProjectConfigurator - Adding source folder /gimalProject/src/test/java
2025-11-14 10:40:25,536 [Worker-36: Updating Maven Project] INFO  o.e.m.j.i.AbstractJavaProjectConfigurator - Adding resource folder /gimalProject/src/test/resources
2025-11-14 10:40:25,968 [Worker-36: Updating Maven Project] INFO  o.e.m.w.i.f.ResourceFilteringBuildParticipant - Cleaning filtered folder for gimalProject
2025-11-14 10:40:26,043 [Worker-36: Updating Maven Project] INFO  o.e.m.c.i.p.ProjectConfigurationManager - Update completed for 1 poms: local refresh takes 0.00 sec, refresh facades takes 1.00 sec, update config takes 0.00 sec 
2025-11-14 10:40:26,333 [Worker-7: Building] INFO  o.a.m.s.f.DefaultMavenResourcesFiltering - Copying 2 resources from src\main\resources to target\classes
2025-11-14 10:40:26,351 [Worker-7: Building] INFO  o.a.m.s.f.DefaultMavenResourcesFiltering - Copying 0 resource from src\test\resources to target\test-classes
2025-11-14 10:40:26,351 [Worker-7: Building] INFO  o.e.m.w.i.f.ResourceFilteringBuildParticipant - Changed resources require a complete clean of filtered resources of gimalProject
2025-11-14 10:40:26,351 [Worker-7: Building] INFO  o.e.m.w.i.f.ResourceFilteringBuildParticipant - Executing resource filtering for gimalProject
2025-11-14 10:40:35,915 [Worker-36: Updating Maven Project] INFO  o.e.m.c.i.p.ProjectConfigurationManager - Update started
2025-11-14 10:40:36,384 [Worker-36: Updating Maven Project] INFO  o.e.m.c.i.l.LifecycleMappingFactory - Using org.maven.ide.eclipse.wtp.WarLifecycleMapping lifecycle mapping for MavenProject: gimalProject:gimalProject:0.0.1-SNAPSHOT @ C:\Users\Public\gimalProject\gimalProject\pom.xml.
2025-11-14 10:40:37,320 [Worker-36: Updating Maven Project] INFO  o.e.m.j.i.AbstractJavaProjectConfigurator - Adding source folder /gimalProject/src/main/java
2025-11-14 10:40:37,321 [Worker-36: Updating Maven Project] INFO  o.e.m.j.i.AbstractJavaProjectConfigurator - Adding resource folder /gimalProject/src/main/resources
2025-11-14 10:40:37,322 [Worker-36: Updating Maven Project] INFO  o.e.m.j.i.AbstractJavaProjectConfigurator - Adding source folder /gimalProject/src/test/java
2025-11-14 10:40:37,323 [Worker-36: Updating Maven Project] INFO  o.e.m.j.i.AbstractJavaProjectConfigurator - Adding resource folder /gimalProject/src/test/resources
2025-11-14 10:40:38,068 [Worker-36: Updating Maven Project] INFO  o.e.m.w.i.f.ResourceFilteringBuildParticipant - Cleaning filtered folder for gimalProject
2025-11-14 10:40:38,127 [Worker-36: Updating Maven Project] INFO  o.e.m.c.i.p.ProjectConfigurationManager - Update completed for 1 poms: local refresh takes 0.00 sec, refresh facades takes 1.00 sec, update config takes 0.00 sec 
2025-11-14 10:40:38,447 [Worker-36: Building] INFO  o.a.m.s.f.DefaultMavenResourcesFiltering - Copying 2 resources from src\main\resources to target\classes
2025-11-14 10:40:38,460 [Worker-36: Building] INFO  o.a.m.s.f.DefaultMavenResourcesFiltering - Copying 0 resource from src\test\resources to target\test-classes
2025-11-14 10:40:38,460 [Worker-36: Building] INFO  o.e.m.w.i.f.ResourceFilteringBuildParticipant - Changed resources require a complete clean of filtered resources of gimalProject
2025-11-14 10:40:38,462 [Worker-36: Building] INFO  o.e.m.w.i.f.ResourceFilteringBuildParticipant - Executing resource filtering for gimalProject
2025-11-14 10:41:46,927 [Worker-7: Launching 빌드] INFO  o.eclipse.m2e.core.internal.Bundles - getClasspathEntries(Bundle=org.eclipse.m2e.maven.runtime_3.9.700.20240602-2313 [645])
2025-11-14 10:41:46,929 [Worker-7: Launching 빌드] INFO  o.eclipse.m2e.core.internal.Bundles - 	Entry: C:\eclipse workspace\eclipse\plugins\org.eclipse.m2e.maven.runtime_3.9.700.20240602-2313
2025-11-14 10:41:46,930 [Worker-7: Launching 빌드] INFO  o.eclipse.m2e.core.internal.Bundles - 	Entry: C:\eclipse workspace\eclipse\plugins\org.eclipse.m2e.maven.runtime_3.9.700.20240602-2313\jars\aopalliance-1.0.jar
2025-11-14 10:41:46,933 [Worker-7: Launching 빌드] INFO  o.eclipse.m2e.core.internal.Bundles - 	Entry: C:\eclipse workspace\eclipse\plugins\org.eclipse.m2e.maven.runtime_3.9.700.20240602-2313\jars\guice-5.1.0.jar
2025-11-14 10:41:46,933 [Worker-7: Launching 빌드] INFO  o.eclipse.m2e.core.internal.Bundles - 	Entry: C:\eclipse workspace\eclipse\plugins\org.eclipse.m2e.maven.runtime_3.9.700.20240602-2313\jars\httpclient-4.5.14.jar
2025-11-14 10:41:46,934 [Worker-7: Launching 빌드] INFO  o.eclipse.m2e.core.internal.Bundles - 	Entry: C:\eclipse workspace\eclipse\plugins\org.eclipse.m2e.maven.runtime_3.9.700.20240602-2313\jars\httpcore-4.4.16.jar
2025-11-14 10:41:46,934 [Worker-7: Launching 빌드] INFO  o.eclipse.m2e.core.internal.Bundles - 	Entry: C:\eclipse workspace\eclipse\plugins\org.eclipse.m2e.maven.runtime_3.9.700.20240602-2313\jars\jansi-2.4.1.jar
2025-11-14 10:41:46,935 [Worker-7: Launching 빌드] INFO  o.eclipse.m2e.core.internal.Bundles - 	Entry: C:\eclipse workspace\eclipse\plugins\org.eclipse.m2e.maven.runtime_3.9.700.20240602-2313\jars\jcl-over-slf4j-1.7.36.jar
2025-11-14 10:41:46,935 [Worker-7: Launching 빌드] INFO  o.eclipse.m2e.core.internal.Bundles - 	Entry: C:\eclipse workspace\eclipse\plugins\org.eclipse.m2e.maven.runtime_3.9.700.20240602-2313\jars\maven-artifact-3.9.7.jar
2025-11-14 10:41:46,936 [Worker-7: Launching 빌드] INFO  o.eclipse.m2e.core.internal.Bundles - 	Entry: C:\eclipse workspace\eclipse\plugins\org.eclipse.m2e.maven.runtime_3.9.700.20240602-2313\jars\maven-builder-support-3.9.7.jar
2025-11-14 10:41:46,937 [Worker-7: Launching 빌드] INFO  o.eclipse.m2e.core.internal.Bundles - 	Entry: C:\eclipse workspace\eclipse\plugins\org.eclipse.m2e.maven.runtime_3.9.700.20240602-2313\jars\maven-compat-3.9.7.jar
2025-11-14 10:41:46,937 [Worker-7: Launching 빌드] INFO  o.eclipse.m2e.core.internal.Bundles - 	Entry: C:\eclipse workspace\eclipse\plugins\org.eclipse.m2e.maven.runtime_3.9.700.20240602-2313\jars\maven-core-3.9.7.jar
2025-11-14 10:41:46,938 [Worker-7: Launching 빌드] INFO  o.eclipse.m2e.core.internal.Bundles - 	Entry: C:\eclipse workspace\eclipse\plugins\org.eclipse.m2e.maven.runtime_3.9.700.20240602-2313\jars\maven-embedder-3.9.7.jar
2025-11-14 10:41:46,938 [Worker-7: Launching 빌드] INFO  o.eclipse.m2e.core.internal.Bundles - 	Entry: C:\eclipse workspace\eclipse\plugins\org.eclipse.m2e.maven.runtime_3.9.700.20240602-2313\jars\maven-model-3.9.7.jar
2025-11-14 10:41:46,939 [Worker-7: Launching 빌드] INFO  o.eclipse.m2e.core.internal.Bundles - 	Entry: C:\eclipse workspace\eclipse\plugins\org.eclipse.m2e.maven.runtime_3.9.700.20240602-2313\jars\maven-model-builder-3.9.7.jar
2025-11-14 10:41:46,939 [Worker-7: Launching 빌드] INFO  o.eclipse.m2e.core.internal.Bundles - 	Entry: C:\eclipse workspace\eclipse\plugins\org.eclipse.m2e.maven.runtime_3.9.700.20240602-2313\jars\maven-plugin-api-3.9.7.jar
2025-11-14 10:41:46,940 [Worker-7: Launching 빌드] INFO  o.eclipse.m2e.core.internal.Bundles - 	Entry: C:\eclipse workspace\eclipse\plugins\org.eclipse.m2e.maven.runtime_3.9.700.20240602-2313\jars\maven-repository-metadata-3.9.7.jar
2025-11-14 10:41:46,941 [Worker-7: Launching 빌드] INFO  o.eclipse.m2e.core.internal.Bundles - 	Entry: C:\eclipse workspace\eclipse\plugins\org.eclipse.m2e.maven.runtime_3.9.700.20240602-2313\jars\maven-resolver-api-1.9.20.jar
2025-11-14 10:41:46,942 [Worker-7: Launching 빌드] INFO  o.eclipse.m2e.core.internal.Bundles - 	Entry: C:\eclipse workspace\eclipse\plugins\org.eclipse.m2e.maven.runtime_3.9.700.20240602-2313\jars\maven-resolver-connector-basic-1.9.20.jar
2025-11-14 10:41:46,942 [Worker-7: Launching 빌드] INFO  o.eclipse.m2e.core.internal.Bundles - 	Entry: C:\eclipse workspace\eclipse\plugins\org.eclipse.m2e.maven.runtime_3.9.700.20240602-2313\jars\maven-resolver-impl-1.9.20.jar
2025-11-14 10:41:46,943 [Worker-7: Launching 빌드] INFO  o.eclipse.m2e.core.internal.Bundles - 	Entry: C:\eclipse workspace\eclipse\plugins\org.eclipse.m2e.maven.runtime_3.9.700.20240602-2313\jars\maven-resolver-named-locks-1.9.20.jar
2025-11-14 10:41:46,943 [Worker-7: Launching 빌드] INFO  o.eclipse.m2e.core.internal.Bundles - 	Entry: C:\eclipse workspace\eclipse\plugins\org.eclipse.m2e.maven.runtime_3.9.700.20240602-2313\jars\maven-resolver-provider-3.9.7.jar
2025-11-14 10:41:46,944 [Worker-7: Launching 빌드] INFO  o.eclipse.m2e.core.internal.Bundles - 	Entry: C:\eclipse workspace\eclipse\plugins\org.eclipse.m2e.maven.runtime_3.9.700.20240602-2313\jars\maven-resolver-spi-1.9.20.jar
2025-11-14 10:41:46,945 [Worker-7: Launching 빌드] INFO  o.eclipse.m2e.core.internal.Bundles - 	Entry: C:\eclipse workspace\eclipse\plugins\org.eclipse.m2e.maven.runtime_3.9.700.20240602-2313\jars\maven-resolver-transport-file-1.9.20.jar
2025-11-14 10:41:46,945 [Worker-7: Launching 빌드] INFO  o.eclipse.m2e.core.internal.Bundles - 	Entry: C:\eclipse workspace\eclipse\plugins\org.eclipse.m2e.maven.runtime_3.9.700.20240602-2313\jars\maven-resolver-transport-http-1.9.20.jar
2025-11-14 10:41:46,946 [Worker-7: Launching 빌드] INFO  o.eclipse.m2e.core.internal.Bundles - 	Entry: C:\eclipse workspace\eclipse\plugins\org.eclipse.m2e.maven.runtime_3.9.700.20240602-2313\jars\maven-resolver-transport-wagon-1.9.20.jar
2025-11-14 10:41:46,950 [Worker-7: Launching 빌드] INFO  o.eclipse.m2e.core.internal.Bundles - 	Entry: C:\eclipse workspace\eclipse\plugins\org.eclipse.m2e.maven.runtime_3.9.700.20240602-2313\jars\maven-resolver-util-1.9.20.jar
2025-11-14 10:41:46,950 [Worker-7: Launching 빌드] INFO  o.eclipse.m2e.core.internal.Bundles - 	Entry: C:\eclipse workspace\eclipse\plugins\org.eclipse.m2e.maven.runtime_3.9.700.20240602-2313\jars\maven-settings-3.9.7.jar
2025-11-14 10:41:46,950 [Worker-7: Launching 빌드] INFO  o.eclipse.m2e.core.internal.Bundles - 	Entry: C:\eclipse workspace\eclipse\plugins\org.eclipse.m2e.maven.runtime_3.9.700.20240602-2313\jars\maven-settings-builder-3.9.7.jar
2025-11-14 10:41:46,951 [Worker-7: Launching 빌드] INFO  o.eclipse.m2e.core.internal.Bundles - 	Entry: C:\eclipse workspace\eclipse\plugins\org.eclipse.m2e.maven.runtime_3.9.700.20240602-2313\jars\maven-shared-utils-3.4.2.jar
2025-11-14 10:41:46,951 [Worker-7: Launching 빌드] INFO  o.eclipse.m2e.core.internal.Bundles - 	Entry: C:\eclipse workspace\eclipse\plugins\org.eclipse.m2e.maven.runtime_3.9.700.20240602-2313\jars\org.eclipse.sisu.inject-0.9.0.M2.jar
2025-11-14 10:41:46,952 [Worker-7: Launching 빌드] INFO  o.eclipse.m2e.core.internal.Bundles - 	Entry: C:\eclipse workspace\eclipse\plugins\org.eclipse.m2e.maven.runtime_3.9.700.20240602-2313\jars\org.eclipse.sisu.plexus-0.9.0.M2.jar
2025-11-14 10:41:46,952 [Worker-7: Launching 빌드] INFO  o.eclipse.m2e.core.internal.Bundles - 	Entry: C:\eclipse workspace\eclipse\plugins\org.eclipse.m2e.maven.runtime_3.9.700.20240602-2313\jars\plexus-build-api-0.0.7.jar
2025-11-14 10:41:46,952 [Worker-7: Launching 빌드] INFO  o.eclipse.m2e.core.internal.Bundles - 	Entry: C:\eclipse workspace\eclipse\plugins\org.eclipse.m2e.maven.runtime_3.9.700.20240602-2313\jars\plexus-build-api-1.2.0.jar
2025-11-14 10:41:46,954 [Worker-7: Launching 빌드] INFO  o.eclipse.m2e.core.internal.Bundles - 	Entry: C:\eclipse workspace\eclipse\plugins\org.eclipse.m2e.maven.runtime_3.9.700.20240602-2313\jars\plexus-cipher-2.0.jar
2025-11-14 10:41:46,954 [Worker-7: Launching 빌드] INFO  o.eclipse.m2e.core.internal.Bundles - 	Entry: C:\eclipse workspace\eclipse\plugins\org.eclipse.m2e.maven.runtime_3.9.700.20240602-2313\jars\plexus-classworlds-2.8.0.jar
2025-11-14 10:41:46,955 [Worker-7: Launching 빌드] INFO  o.eclipse.m2e.core.internal.Bundles - 	Entry: C:\eclipse workspace\eclipse\plugins\org.eclipse.m2e.maven.runtime_3.9.700.20240602-2313\jars\plexus-component-annotations-2.1.0.jar
2025-11-14 10:41:46,955 [Worker-7: Launching 빌드] INFO  o.eclipse.m2e.core.internal.Bundles - 	Entry: C:\eclipse workspace\eclipse\plugins\org.eclipse.m2e.maven.runtime_3.9.700.20240602-2313\jars\plexus-interpolation-1.27.jar
2025-11-14 10:41:46,955 [Worker-7: Launching 빌드] INFO  o.eclipse.m2e.core.internal.Bundles - 	Entry: C:\eclipse workspace\eclipse\plugins\org.eclipse.m2e.maven.runtime_3.9.700.20240602-2313\jars\plexus-sec-dispatcher-2.0.jar
2025-11-14 10:41:46,955 [Worker-7: Launching 빌드] INFO  o.eclipse.m2e.core.internal.Bundles - 	Entry: C:\eclipse workspace\eclipse\plugins\org.eclipse.m2e.maven.runtime_3.9.700.20240602-2313\jars\plexus-utils-3.5.1.jar
2025-11-14 10:41:46,956 [Worker-7: Launching 빌드] INFO  o.eclipse.m2e.core.internal.Bundles - 	Entry: C:\eclipse workspace\eclipse\plugins\org.eclipse.m2e.maven.runtime_3.9.700.20240602-2313\jars\wagon-file-3.5.3.jar
2025-11-14 10:41:46,956 [Worker-7: Launching 빌드] INFO  o.eclipse.m2e.core.internal.Bundles - 	Entry: C:\eclipse workspace\eclipse\plugins\org.eclipse.m2e.maven.runtime_3.9.700.20240602-2313\jars\wagon-http-3.5.3.jar
2025-11-14 10:41:46,957 [Worker-7: Launching 빌드] INFO  o.eclipse.m2e.core.internal.Bundles - 	Entry: C:\eclipse workspace\eclipse\plugins\org.eclipse.m2e.maven.runtime_3.9.700.20240602-2313\jars\wagon-http-shared-3.5.3.jar
2025-11-14 10:41:46,957 [Worker-7: Launching 빌드] INFO  o.eclipse.m2e.core.internal.Bundles - 	Entry: C:\eclipse workspace\eclipse\plugins\org.eclipse.m2e.maven.runtime_3.9.700.20240602-2313\jars\wagon-provider-api-3.5.3.jar
2025-11-14 10:41:46,958 [Worker-7: Launching 빌드] INFO  o.eclipse.m2e.core.internal.Bundles - getClasspathEntries(Bundle=com.google.guava_33.2.0.jre [16])
2025-11-14 10:41:46,959 [Worker-7: Launching 빌드] INFO  o.eclipse.m2e.core.internal.Bundles - 	Entry: C:\eclipse workspace\eclipse\plugins\com.google.guava_33.2.0.jre.jar
2025-11-14 10:41:46,959 [Worker-7: Launching 빌드] INFO  o.eclipse.m2e.core.internal.Bundles - getClasspathEntries(Bundle=slf4j.api_2.0.13 [1010])
2025-11-14 10:41:46,959 [Worker-7: Launching 빌드] INFO  o.eclipse.m2e.core.internal.Bundles - 	Entry: C:\eclipse workspace\eclipse\plugins\slf4j.api_2.0.13.jar
2025-11-14 10:41:46,959 [Worker-7: Launching 빌드] INFO  o.eclipse.m2e.core.internal.Bundles - getClasspathEntries(Bundle=jakarta.inject.jakarta.inject-api_1.0.5 [33])
2025-11-14 10:41:46,961 [Worker-7: Launching 빌드] INFO  o.eclipse.m2e.core.internal.Bundles - 	Entry: C:\eclipse workspace\eclipse\plugins\jakarta.inject.jakarta.inject-api_1.0.5.jar
2025-11-14 10:41:46,961 [Worker-7: Launching 빌드] INFO  o.eclipse.m2e.core.internal.Bundles - getClasspathEntries(Bundle=javax.annotation_1.3.5.v20200909-1856 [44])
2025-11-14 10:41:46,961 [Worker-7: Launching 빌드] INFO  o.eclipse.m2e.core.internal.Bundles - 	Entry: C:\eclipse workspace\eclipse\plugins\javax.annotation_1.3.5.v20200909-1856.jar
2025-11-14 10:41:46,961 [Worker-7: Launching 빌드] INFO  o.eclipse.m2e.core.internal.Bundles - getClasspathEntries(Bundle=org.apache.commons.cli_1.8.0 [78])
2025-11-14 10:41:46,962 [Worker-7: Launching 빌드] INFO  o.eclipse.m2e.core.internal.Bundles - 	Entry: C:\eclipse workspace\eclipse\plugins\org.apache.commons.cli_1.8.0.jar
2025-11-14 10:41:46,962 [Worker-7: Launching 빌드] INFO  o.eclipse.m2e.core.internal.Bundles - getClasspathEntries(Bundle=org.apache.commons.commons-codec_1.16.0 [81])
2025-11-14 10:41:46,963 [Worker-7: Launching 빌드] INFO  o.eclipse.m2e.core.internal.Bundles - 	Entry: C:\eclipse workspace\eclipse\plugins\org.apache.commons.commons-codec_1.16.0.jar
2025-11-14 10:41:46,963 [Worker-7: Launching 빌드] INFO  o.eclipse.m2e.core.internal.Bundles - getClasspathEntries(Bundle=org.apache.commons.lang3_3.14.0 [89])
2025-11-14 10:41:46,964 [Worker-7: Launching 빌드] INFO  o.eclipse.m2e.core.internal.Bundles - 	Entry: C:\eclipse workspace\eclipse\plugins\org.apache.commons.lang3_3.14.0.jar
2025-11-14 10:41:46,965 [Worker-7: Launching 빌드] INFO  o.eclipse.m2e.core.internal.Bundles - getClasspathEntries(Bundle=com.google.guava.failureaccess_1.0.2 [17])
2025-11-14 10:41:46,965 [Worker-7: Launching 빌드] INFO  o.eclipse.m2e.core.internal.Bundles - 	Entry: C:\eclipse workspace\eclipse\plugins\com.google.guava.failureaccess_1.0.2.jar
2025-11-14 10:41:46,971 [Worker-7: Launching 빌드] INFO  o.e.m.i.launch.MavenLaunchDelegate - Run build in "C:\Users\Public\gimalProject\gimalProject":
2025-11-14 10:41:46,972 [Worker-7: Launching 빌드] INFO  o.e.m.i.launch.MavenLaunchDelegate -  mvn  -B -Dstyle.color=always clean install
2025-11-14 10:43:10,538 [Worker-7: Building] INFO  o.e.m.c.i.l.LifecycleMappingFactory - Using org.maven.ide.eclipse.wtp.WarLifecycleMapping lifecycle mapping for MavenProject: gimalProject:gimalProject:0.0.1-SNAPSHOT @ C:\Users\Public\gimalProject\gimalProject\pom.xml.
2025-11-14 10:43:11,733 [Worker-7: Building] INFO  o.a.m.s.f.DefaultMavenResourcesFiltering - Copying 2 resources from src\main\resources to target\classes
2025-11-14 10:43:11,798 [Worker-7: Building] INFO  o.a.m.s.f.DefaultMavenResourcesFiltering - Copying 0 resource from src\test\resources to target\test-classes
2025-11-14 10:43:12,549 [Worker-34: Updating Maven Dependencies] INFO  o.e.m.c.i.l.LifecycleMappingFactory - Using org.maven.ide.eclipse.wtp.WarLifecycleMapping lifecycle mapping for MavenProject: gimalProject:gimalProject:0.0.1-SNAPSHOT @ C:\Users\Public\gimalProject\gimalProject\pom.xml.
2025-11-14 10:43:23,146 [Worker-39: Updating Maven Project] INFO  o.e.m.c.i.p.ProjectConfigurationManager - Update started
2025-11-14 10:43:23,731 [Worker-39: Updating Maven Project] INFO  o.e.m.c.i.l.LifecycleMappingFactory - Using org.maven.ide.eclipse.wtp.WarLifecycleMapping lifecycle mapping for MavenProject: gimalProject:gimalProject:0.0.1-SNAPSHOT @ C:\Users\Public\gimalProject\gimalProject\pom.xml.
2025-11-14 10:43:24,830 [Worker-39: Updating Maven Project] INFO  o.e.m.j.i.AbstractJavaProjectConfigurator - Adding source folder /gimalProject/src/main/java
2025-11-14 10:43:24,830 [Worker-39: Updating Maven Project] INFO  o.e.m.j.i.AbstractJavaProjectConfigurator - Adding resource folder /gimalProject/src/main/resources
2025-11-14 10:43:24,830 [Worker-39: Updating Maven Project] INFO  o.e.m.j.i.AbstractJavaProjectConfigurator - Adding source folder /gimalProject/src/test/java
2025-11-14 10:43:24,834 [Worker-39: Updating Maven Project] INFO  o.e.m.j.i.AbstractJavaProjectConfigurator - Adding resource folder /gimalProject/src/test/resources
2025-11-14 10:43:25,242 [Worker-39: Updating Maven Project] INFO  o.e.m.w.i.f.ResourceFilteringBuildParticipant - Cleaning filtered folder for gimalProject
2025-11-14 10:43:25,308 [Worker-39: Updating Maven Project] INFO  o.e.m.c.i.p.ProjectConfigurationManager - Update completed for 1 poms: local refresh takes 0.00 sec, refresh facades takes 1.00 sec, update config takes 0.00 sec 
2025-11-14 10:43:25,628 [Worker-7: Building] INFO  o.a.m.s.f.DefaultMavenResourcesFiltering - Copying 2 resources from src\main\resources to target\classes
2025-11-14 10:43:25,641 [Worker-7: Building] INFO  o.a.m.s.f.DefaultMavenResourcesFiltering - Copying 0 resource from src\test\resources to target\test-classes
2025-11-14 10:43:25,641 [Worker-7: Building] INFO  o.e.m.w.i.f.ResourceFilteringBuildParticipant - Changed resources require a complete clean of filtered resources of gimalProject
2025-11-14 10:43:25,641 [Worker-7: Building] INFO  o.e.m.w.i.f.ResourceFilteringBuildParticipant - Executing resource filtering for gimalProject
2025-11-14 10:44:06,997 [Worker-39: Cleaning all projects] INFO  o.e.m.w.i.f.ResourceFilteringBuildParticipant - Cleaning filtered folder for gimalProject
2025-11-14 10:44:07,321 [Worker-36: Building] INFO  o.a.m.s.f.DefaultMavenResourcesFiltering - Copying 2 resources from src\main\resources to target\classes
2025-11-14 10:44:07,330 [Worker-36: Building] INFO  o.a.m.s.f.DefaultMavenResourcesFiltering - Copying 0 resource from src\test\resources to target\test-classes
2025-11-14 10:44:07,331 [Worker-36: Building] INFO  o.e.m.w.i.f.ResourceFilteringBuildParticipant - Changed resources require a complete clean of filtered resources of gimalProject
2025-11-14 10:44:07,331 [Worker-36: Building] INFO  o.e.m.w.i.f.ResourceFilteringBuildParticipant - Executing resource filtering for gimalProject
2025-11-14 10:46:22,468 [Worker-35: Building] INFO  o.a.m.s.f.DefaultMavenResourcesFiltering - Copying 0 resource from src\main\resources to target\classes
2025-11-14 10:46:22,473 [Worker-35: Building] INFO  o.a.m.s.f.DefaultMavenResourcesFiltering - Copying 0 resource from src\test\resources to target\test-classes
2025-11-16 22:41:59,392 [Worker-4: Loading available Gradle versions] INFO  o.e.b.c.i.u.g.PublishedGradleVersions - Gradle version information cache is not available. Remote download required.
2025-11-16 22:50:32,715 [Worker-6: Loading available Gradle versions] INFO  o.e.b.c.i.u.g.PublishedGradleVersions - Gradle version information cache is up-to-date. Trying to read.
2025-11-16 22:51:16,498 [Worker-5: Updating Maven Dependencies] INFO  o.e.m.c.i.e.AbstractTransferListenerAdapter - Downloading https://repo.maven.apache.org/maven2/org/apache/maven/plugins/maven-clean-plugin/3.2.0/maven-clean-plugin-3.2.0.jar
2025-11-16 22:51:16,727 [Worker-5: Updating Maven Dependencies] INFO  o.e.m.c.i.e.AbstractTransferListenerAdapter - Downloaded https://repo.maven.apache.org/maven2/org/apache/maven/plugins/maven-clean-plugin/3.2.0/maven-clean-plugin-3.2.0.jar
2025-11-16 22:51:16,894 [Worker-9: Building] INFO  o.e.m.c.i.e.AbstractTransferListenerAdapter - Downloading https://repo.maven.apache.org/maven2/org/apache/maven/plugins/maven-resources-plugin/3.3.1/maven-resources-plugin-3.3.1.jar
2025-11-16 22:51:17,037 [Worker-9: Building] INFO  o.e.m.c.i.e.AbstractTransferListenerAdapter - Downloaded https://repo.maven.apache.org/maven2/org/apache/maven/plugins/maven-resources-plugin/3.3.1/maven-resources-plugin-3.3.1.jar
2025-11-16 22:51:17,151 [Worker-5: Updating Maven Dependencies] INFO  o.e.m.c.i.e.AbstractTransferListenerAdapter - Downloading https://repo.maven.apache.org/maven2/org/apache/maven/plugins/maven-compiler-plugin/3.8.1/maven-compiler-plugin-3.8.1.jar
2025-11-16 22:51:17,179 [Worker-5: Updating Maven Dependencies] INFO  o.e.m.c.i.e.AbstractTransferListenerAdapter - Downloaded https://repo.maven.apache.org/maven2/org/apache/maven/plugins/maven-compiler-plugin/3.8.1/maven-compiler-plugin-3.8.1.jar
2025-11-16 22:51:17,223 [Worker-9: Building] INFO  o.e.m.c.i.e.AbstractTransferListenerAdapter - Downloading https://repo.maven.apache.org/maven2/org/apache/maven/plugins/maven-surefire-plugin/3.2.5/maven-surefire-plugin-3.2.5.jar
2025-11-16 22:51:17,346 [Worker-9: Building] INFO  o.e.m.c.i.e.AbstractTransferListenerAdapter - Downloaded https://repo.maven.apache.org/maven2/org/apache/maven/plugins/maven-surefire-plugin/3.2.5/maven-surefire-plugin-3.2.5.jar
2025-11-16 22:51:17,452 [Worker-5: Updating Maven Dependencies] INFO  o.e.m.c.i.e.AbstractTransferListenerAdapter - Downloading https://repo.maven.apache.org/maven2/org/apache/maven/plugins/maven-war-plugin/3.3.2/maven-war-plugin-3.3.2.jar
2025-11-16 22:51:17,480 [Worker-5: Updating Maven Dependencies] INFO  o.e.m.c.i.e.AbstractTransferListenerAdapter - Downloaded https://repo.maven.apache.org/maven2/org/apache/maven/plugins/maven-war-plugin/3.3.2/maven-war-plugin-3.3.2.jar
2025-11-16 22:51:17,523 [Worker-5: Updating Maven Dependencies] INFO  o.e.m.c.i.e.AbstractTransferListenerAdapter - Downloading https://repo.maven.apache.org/maven2/org/apache/maven/plugins/maven-install-plugin/3.1.2/maven-install-plugin-3.1.2.jar
2025-11-16 22:51:17,689 [Worker-5: Updating Maven Dependencies] INFO  o.e.m.c.i.e.AbstractTransferListenerAdapter - Downloaded https://repo.maven.apache.org/maven2/org/apache/maven/plugins/maven-install-plugin/3.1.2/maven-install-plugin-3.1.2.jar
2025-11-16 22:51:17,784 [Worker-9: Building] INFO  o.e.m.c.i.e.AbstractTransferListenerAdapter - Downloading https://repo.maven.apache.org/maven2/org/apache/maven/plugins/maven-deploy-plugin/3.1.2/maven-deploy-plugin-3.1.2.jar
2025-11-16 22:51:17,933 [Worker-9: Building] INFO  o.e.m.c.i.e.AbstractTransferListenerAdapter - Downloaded https://repo.maven.apache.org/maven2/org/apache/maven/plugins/maven-deploy-plugin/3.1.2/maven-deploy-plugin-3.1.2.jar
2025-11-16 22:51:18,026 [Worker-9: Building] INFO  o.e.m.c.i.e.AbstractTransferListenerAdapter - Downloading https://repo.maven.apache.org/maven2/org/apache/maven/plugins/maven-site-plugin/3.12.1/maven-site-plugin-3.12.1.jar
2025-11-16 22:51:18,052 [Worker-9: Building] INFO  o.e.m.c.i.e.AbstractTransferListenerAdapter - Downloaded https://repo.maven.apache.org/maven2/org/apache/maven/plugins/maven-site-plugin/3.12.1/maven-site-plugin-3.12.1.jar
2025-11-16 22:51:18,094 [Worker-5: Updating Maven Dependencies] INFO  o.e.m.c.i.e.AbstractTransferListenerAdapter - Downloading https://repo.maven.apache.org/maven2/org/apache/maven/plugins/maven-compiler-plugin/3.8.1/maven-compiler-plugin-3.8.1.pom
2025-11-16 22:51:18,111 [Worker-5: Updating Maven Dependencies] INFO  o.e.m.c.i.e.AbstractTransferListenerAdapter - Downloaded https://repo.maven.apache.org/maven2/org/apache/maven/plugins/maven-compiler-plugin/3.8.1/maven-compiler-plugin-3.8.1.pom
2025-11-16 22:51:18,151 [Worker-5: Updating Maven Dependencies] INFO  o.e.m.c.i.e.AbstractTransferListenerAdapter - Downloading https://repo.maven.apache.org/maven2/org/apache/maven/plugins/maven-plugins/33/maven-plugins-33.pom
2025-11-16 22:51:18,177 [Worker-5: Updating Maven Dependencies] INFO  o.e.m.c.i.e.AbstractTransferListenerAdapter - Downloaded https://repo.maven.apache.org/maven2/org/apache/maven/plugins/maven-plugins/33/maven-plugins-33.pom
2025-11-16 22:51:18,225 [Worker-5: Updating Maven Dependencies] INFO  o.e.m.c.i.e.AbstractTransferListenerAdapter - Downloading https://repo.maven.apache.org/maven2/org/apache/maven/maven-parent/33/maven-parent-33.pom
2025-11-16 22:51:18,242 [Worker-5: Updating Maven Dependencies] INFO  o.e.m.c.i.e.AbstractTransferListenerAdapter - Downloaded https://repo.maven.apache.org/maven2/org/apache/maven/maven-parent/33/maven-parent-33.pom
2025-11-16 22:51:18,275 [Worker-5: Updating Maven Dependencies] INFO  o.e.m.c.i.e.AbstractTransferListenerAdapter - Downloading https://repo.maven.apache.org/maven2/org/apache/apache/21/apache-21.pom
2025-11-16 22:51:18,300 [Worker-5: Updating Maven Dependencies] INFO  o.e.m.c.i.e.AbstractTransferListenerAdapter - Downloaded https://repo.maven.apache.org/maven2/org/apache/apache/21/apache-21.pom
2025-11-16 22:51:18,382 [Worker-9: Building] INFO  o.e.m.c.i.e.AbstractTransferListenerAdapter - Downloading https://repo.maven.apache.org/maven2/org/apache/maven/maven-plugin-api/3.0/maven-plugin-api-3.0.pom
2025-11-16 22:51:18,396 [Worker-9: Building] INFO  o.e.m.c.i.e.AbstractTransferListenerAdapter - Downloaded https://repo.maven.apache.org/maven2/org/apache/maven/maven-plugin-api/3.0/maven-plugin-api-3.0.pom
2025-11-16 22:51:18,431 [Worker-9: Building] INFO  o.e.m.c.i.e.AbstractTransferListenerAdapter - Downloading https://repo.maven.apache.org/maven2/org/apache/maven/maven/3.0/maven-3.0.pom
2025-11-16 22:51:18,448 [Worker-9: Building] INFO  o.e.m.c.i.e.AbstractTransferListenerAdapter - Downloaded https://repo.maven.apache.org/maven2/org/apache/maven/maven/3.0/maven-3.0.pom
2025-11-16 22:51:18,481 [Worker-9: Building] INFO  o.e.m.c.i.e.AbstractTransferListenerAdapter - Downloading https://repo.maven.apache.org/maven2/org/apache/maven/maven-parent/15/maven-parent-15.pom
2025-11-16 22:51:18,500 [Worker-9: Building] INFO  o.e.m.c.i.e.AbstractTransferListenerAdapter - Downloaded https://repo.maven.apache.org/maven2/org/apache/maven/maven-parent/15/maven-parent-15.pom
2025-11-16 22:51:18,538 [Worker-9: Building] INFO  o.e.m.c.i.e.AbstractTransferListenerAdapter - Downloading https://repo.maven.apache.org/maven2/org/apache/apache/6/apache-6.pom
2025-11-16 22:51:18,552 [Worker-9: Building] INFO  o.e.m.c.i.e.AbstractTransferListenerAdapter - Downloaded https://repo.maven.apache.org/maven2/org/apache/apache/6/apache-6.pom
2025-11-16 22:51:18,585 [Worker-9: Building] INFO  o.e.m.c.i.e.AbstractTransferListenerAdapter - Downloading https://repo.maven.apache.org/maven2/org/apache/maven/maven-model/3.0/maven-model-3.0.pom
2025-11-16 22:51:18,601 [Worker-9: Building] INFO  o.e.m.c.i.e.AbstractTransferListenerAdapter - Downloaded https://repo.maven.apache.org/maven2/org/apache/maven/maven-model/3.0/maven-model-3.0.pom
2025-11-16 22:51:18,632 [Worker-9: Building] INFO  o.e.m.c.i.e.AbstractTransferListenerAdapter - Downloading https://repo.maven.apache.org/maven2/org/codehaus/plexus/plexus-utils/2.0.4/plexus-utils-2.0.4.pom
2025-11-16 22:51:18,646 [Worker-9: Building] INFO  o.e.m.c.i.e.AbstractTransferListenerAdapter - Downloaded https://repo.maven.apache.org/maven2/org/codehaus/plexus/plexus-utils/2.0.4/plexus-utils-2.0.4.pom
2025-11-16 22:51:18,676 [Worker-9: Building] INFO  o.e.m.c.i.e.AbstractTransferListenerAdapter - Downloading https://repo.maven.apache.org/maven2/org/codehaus/plexus/plexus/2.0.6/plexus-2.0.6.pom
2025-11-16 22:51:18,690 [Worker-9: Building] INFO  o.e.m.c.i.e.AbstractTransferListenerAdapter - Downloaded https://repo.maven.apache.org/maven2/org/codehaus/plexus/plexus/2.0.6/plexus-2.0.6.pom
2025-11-16 22:51:18,720 [Worker-9: Building] INFO  o.e.m.c.i.e.AbstractTransferListenerAdapter - Downloading https://repo.maven.apache.org/maven2/org/apache/maven/maven-artifact/3.0/maven-artifact-3.0.pom
2025-11-16 22:51:18,732 [Worker-9: Building] INFO  o.e.m.c.i.e.AbstractTransferListenerAdapter - Downloaded https://repo.maven.apache.org/maven2/org/apache/maven/maven-artifact/3.0/maven-artifact-3.0.pom
2025-11-16 22:51:18,766 [Worker-9: Building] INFO  o.e.m.c.i.e.AbstractTransferListenerAdapter - Downloading https://repo.maven.apache.org/maven2/org/sonatype/sisu/sisu-inject-plexus/1.4.2/sisu-inject-plexus-1.4.2.pom
2025-11-16 22:51:18,779 [Worker-9: Building] INFO  o.e.m.c.i.e.AbstractTransferListenerAdapter - Downloaded https://repo.maven.apache.org/maven2/org/sonatype/sisu/sisu-inject-plexus/1.4.2/sisu-inject-plexus-1.4.2.pom
2025-11-16 22:51:18,816 [Worker-9: Building] INFO  o.e.m.c.i.e.AbstractTransferListenerAdapter - Downloading https://repo.maven.apache.org/maven2/org/sonatype/sisu/inject/guice-plexus/1.4.2/guice-plexus-1.4.2.pom
2025-11-16 22:51:18,831 [Worker-9: Building] INFO  o.e.m.c.i.e.AbstractTransferListenerAdapter - Downloaded https://repo.maven.apache.org/maven2/org/sonatype/sisu/inject/guice-plexus/1.4.2/guice-plexus-1.4.2.pom
2025-11-16 22:51:18,864 [Worker-9: Building] INFO  o.e.m.c.i.e.AbstractTransferListenerAdapter - Downloading https://repo.maven.apache.org/maven2/org/sonatype/sisu/inject/guice-bean/1.4.2/guice-bean-1.4.2.pom
2025-11-16 22:51:18,877 [Worker-9: Building] INFO  o.e.m.c.i.e.AbstractTransferListenerAdapter - Downloaded https://repo.maven.apache.org/maven2/org/sonatype/sisu/inject/guice-bean/1.4.2/guice-bean-1.4.2.pom
2025-11-16 22:51:18,905 [Worker-9: Building] INFO  o.e.m.c.i.e.AbstractTransferListenerAdapter - Downloading https://repo.maven.apache.org/maven2/org/sonatype/sisu/sisu-inject/1.4.2/sisu-inject-1.4.2.pom
2025-11-16 22:51:18,915 [Worker-9: Building] INFO  o.e.m.c.i.e.AbstractTransferListenerAdapter - Downloaded https://repo.maven.apache.org/maven2/org/sonatype/sisu/sisu-inject/1.4.2/sisu-inject-1.4.2.pom
2025-11-16 22:51:18,946 [Worker-9: Building] INFO  o.e.m.c.i.e.AbstractTransferListenerAdapter - Downloading https://repo.maven.apache.org/maven2/org/sonatype/sisu/sisu-parent/1.4.2/sisu-parent-1.4.2.pom
2025-11-16 22:51:18,958 [Worker-9: Building] INFO  o.e.m.c.i.e.AbstractTransferListenerAdapter - Downloaded https://repo.maven.apache.org/maven2/org/sonatype/sisu/sisu-parent/1.4.2/sisu-parent-1.4.2.pom
2025-11-16 22:51:18,996 [Worker-9: Building] INFO  o.e.m.c.i.e.AbstractTransferListenerAdapter - Downloading https://repo.maven.apache.org/maven2/org/sonatype/forge/forge-parent/6/forge-parent-6.pom
2025-11-16 22:51:19,008 [Worker-9: Building] INFO  o.e.m.c.i.e.AbstractTransferListenerAdapter - Downloaded https://repo.maven.apache.org/maven2/org/sonatype/forge/forge-parent/6/forge-parent-6.pom
2025-11-16 22:51:19,042 [Worker-9: Building] INFO  o.e.m.c.i.e.AbstractTransferListenerAdapter - Downloading https://repo.maven.apache.org/maven2/org/codehaus/plexus/plexus-component-annotations/1.7.1/plexus-component-annotations-1.7.1.pom
2025-11-16 22:51:19,053 [Worker-9: Building] INFO  o.e.m.c.i.e.AbstractTransferListenerAdapter - Downloaded https://repo.maven.apache.org/maven2/org/codehaus/plexus/plexus-component-annotations/1.7.1/plexus-component-annotations-1.7.1.pom
2025-11-16 22:51:19,085 [Worker-9: Building] INFO  o.e.m.c.i.e.AbstractTransferListenerAdapter - Downloading https://repo.maven.apache.org/maven2/org/codehaus/plexus/plexus-containers/1.7.1/plexus-containers-1.7.1.pom
2025-11-16 22:51:19,096 [Worker-9: Building] INFO  o.e.m.c.i.e.AbstractTransferListenerAdapter - Downloaded https://repo.maven.apache.org/maven2/org/codehaus/plexus/plexus-containers/1.7.1/plexus-containers-1.7.1.pom
2025-11-16 22:51:19,125 [Worker-9: Building] INFO  o.e.m.c.i.e.AbstractTransferListenerAdapter - Downloading https://repo.maven.apache.org/maven2/org/codehaus/plexus/plexus/4.0/plexus-4.0.pom
2025-11-16 22:51:19,137 [Worker-9: Building] INFO  o.e.m.c.i.e.AbstractTransferListenerAdapter - Downloaded https://repo.maven.apache.org/maven2/org/codehaus/plexus/plexus/4.0/plexus-4.0.pom
2025-11-16 22:51:19,178 [Worker-9: Building] INFO  o.e.m.c.i.e.AbstractTransferListenerAdapter - Downloading https://repo.maven.apache.org/maven2/org/sonatype/forge/forge-parent/10/forge-parent-10.pom
2025-11-16 22:51:19,192 [Worker-9: Building] INFO  o.e.m.c.i.e.AbstractTransferListenerAdapter - Downloaded https://repo.maven.apache.org/maven2/org/sonatype/forge/forge-parent/10/forge-parent-10.pom
2025-11-16 22:51:19,225 [Worker-9: Building] INFO  o.e.m.c.i.e.AbstractTransferListenerAdapter - Downloading https://repo.maven.apache.org/maven2/org/codehaus/plexus/plexus-classworlds/2.2.3/plexus-classworlds-2.2.3.pom
2025-11-16 22:51:19,237 [Worker-9: Building] INFO  o.e.m.c.i.e.AbstractTransferListenerAdapter - Downloaded https://repo.maven.apache.org/maven2/org/codehaus/plexus/plexus-classworlds/2.2.3/plexus-classworlds-2.2.3.pom
2025-11-16 22:51:19,267 [Worker-9: Building] INFO  o.e.m.c.i.e.AbstractTransferListenerAdapter - Downloading https://repo.maven.apache.org/maven2/org/codehaus/plexus/plexus-utils/2.0.5/plexus-utils-2.0.5.pom
2025-11-16 22:51:19,282 [Worker-9: Building] INFO  o.e.m.c.i.e.AbstractTransferListenerAdapter - Downloaded https://repo.maven.apache.org/maven2/org/codehaus/plexus/plexus-utils/2.0.5/plexus-utils-2.0.5.pom
2025-11-16 22:51:19,305 [Worker-9: Building] INFO  o.e.m.c.i.e.AbstractTransferListenerAdapter - Downloading https://repo.maven.apache.org/maven2/org/sonatype/sisu/sisu-inject-bean/1.4.2/sisu-inject-bean-1.4.2.pom
2025-11-16 22:51:19,317 [Worker-9: Building] INFO  o.e.m.c.i.e.AbstractTransferListenerAdapter - Downloaded https://repo.maven.apache.org/maven2/org/sonatype/sisu/sisu-inject-bean/1.4.2/sisu-inject-bean-1.4.2.pom
2025-11-16 22:51:19,351 [Worker-9: Building] INFO  o.e.m.c.i.e.AbstractTransferListenerAdapter - Downloading https://repo.maven.apache.org/maven2/org/sonatype/sisu/sisu-guice/2.1.7/sisu-guice-2.1.7.pom
2025-11-16 22:51:19,367 [Worker-9: Building] INFO  o.e.m.c.i.e.AbstractTransferListenerAdapter - Downloaded https://repo.maven.apache.org/maven2/org/sonatype/sisu/sisu-guice/2.1.7/sisu-guice-2.1.7.pom
2025-11-16 22:51:19,407 [Worker-9: Building] INFO  o.e.m.c.i.e.AbstractTransferListenerAdapter - Downloading https://repo.maven.apache.org/maven2/org/apache/maven/maven-core/3.0/maven-core-3.0.pom
2025-11-16 22:51:19,418 [Worker-9: Building] INFO  o.e.m.c.i.e.AbstractTransferListenerAdapter - Downloaded https://repo.maven.apache.org/maven2/org/apache/maven/maven-core/3.0/maven-core-3.0.pom
2025-11-16 22:51:19,445 [Worker-9: Building] INFO  o.e.m.c.i.e.AbstractTransferListenerAdapter - Downloading https://repo.maven.apache.org/maven2/org/apache/maven/maven-settings/3.0/maven-settings-3.0.pom
2025-11-16 22:51:19,457 [Worker-9: Building] INFO  o.e.m.c.i.e.AbstractTransferListenerAdapter - Downloaded https://repo.maven.apache.org/maven2/org/apache/maven/maven-settings/3.0/maven-settings-3.0.pom
2025-11-16 22:51:19,490 [Worker-9: Building] INFO  o.e.m.c.i.e.AbstractTransferListenerAdapter - Downloading https://repo.maven.apache.org/maven2/org/apache/maven/maven-settings-builder/3.0/maven-settings-builder-3.0.pom
2025-11-16 22:51:19,502 [Worker-9: Building] INFO  o.e.m.c.i.e.AbstractTransferListenerAdapter - Downloaded https://repo.maven.apache.org/maven2/org/apache/maven/maven-settings-builder/3.0/maven-settings-builder-3.0.pom
2025-11-16 22:51:19,537 [Worker-9: Building] INFO  o.e.m.c.i.e.AbstractTransferListenerAdapter - Downloading https://repo.maven.apache.org/maven2/org/codehaus/plexus/plexus-interpolation/1.14/plexus-interpolation-1.14.pom
2025-11-16 22:51:19,549 [Worker-9: Building] INFO  o.e.m.c.i.e.AbstractTransferListenerAdapter - Downloaded https://repo.maven.apache.org/maven2/org/codehaus/plexus/plexus-interpolation/1.14/plexus-interpolation-1.14.pom
2025-11-16 22:51:19,581 [Worker-9: Building] INFO  o.e.m.c.i.e.AbstractTransferListenerAdapter - Downloading https://repo.maven.apache.org/maven2/org/codehaus/plexus/plexus-components/1.1.18/plexus-components-1.1.18.pom
2025-11-16 22:51:19,594 [Worker-9: Building] INFO  o.e.m.c.i.e.AbstractTransferListenerAdapter - Downloaded https://repo.maven.apache.org/maven2/org/codehaus/plexus/plexus-components/1.1.18/plexus-components-1.1.18.pom
2025-11-16 22:51:19,637 [Worker-9: Building] INFO  o.e.m.c.i.e.AbstractTransferListenerAdapter - Downloading https://repo.maven.apache.org/maven2/org/codehaus/plexus/plexus/2.0.7/plexus-2.0.7.pom
2025-11-16 22:51:19,654 [Worker-9: Building] INFO  o.e.m.c.i.e.AbstractTransferListenerAdapter - Downloaded https://repo.maven.apache.org/maven2/org/codehaus/plexus/plexus/2.0.7/plexus-2.0.7.pom
2025-11-16 22:51:19,685 [Worker-9: Building] INFO  o.e.m.c.i.e.AbstractTransferListenerAdapter - Downloading https://repo.maven.apache.org/maven2/org/sonatype/plexus/plexus-sec-dispatcher/1.3/plexus-sec-dispatcher-1.3.pom
2025-11-16 22:51:19,699 [Worker-9: Building] INFO  o.e.m.c.i.e.AbstractTransferListenerAdapter - Downloaded https://repo.maven.apache.org/maven2/org/sonatype/plexus/plexus-sec-dispatcher/1.3/plexus-sec-dispatcher-1.3.pom
2025-11-16 22:51:19,734 [Worker-9: Building] INFO  o.e.m.c.i.e.AbstractTransferListenerAdapter - Downloading https://repo.maven.apache.org/maven2/org/sonatype/spice/spice-parent/12/spice-parent-12.pom
2025-11-16 22:51:19,747 [Worker-9: Building] INFO  o.e.m.c.i.e.AbstractTransferListenerAdapter - Downloaded https://repo.maven.apache.org/maven2/org/sonatype/spice/spice-parent/12/spice-parent-12.pom
2025-11-16 22:51:19,777 [Worker-9: Building] INFO  o.e.m.c.i.e.AbstractTransferListenerAdapter - Downloading https://repo.maven.apache.org/maven2/org/sonatype/forge/forge-parent/4/forge-parent-4.pom
2025-11-16 22:51:19,789 [Worker-9: Building] INFO  o.e.m.c.i.e.AbstractTransferListenerAdapter - Downloaded https://repo.maven.apache.org/maven2/org/sonatype/forge/forge-parent/4/forge-parent-4.pom
2025-11-16 22:51:19,829 [Worker-9: Building] INFO  o.e.m.c.i.e.AbstractTransferListenerAdapter - Downloading https://repo.maven.apache.org/maven2/org/codehaus/plexus/plexus-utils/1.5.5/plexus-utils-1.5.5.pom
2025-11-16 22:51:19,845 [Worker-9: Building] INFO  o.e.m.c.i.e.AbstractTransferListenerAdapter - Downloaded https://repo.maven.apache.org/maven2/org/codehaus/plexus/plexus-utils/1.5.5/plexus-utils-1.5.5.pom
2025-11-16 22:51:19,954 [Worker-9: Building] INFO  o.e.m.c.i.e.AbstractTransferListenerAdapter - Downloading https://repo.maven.apache.org/maven2/org/codehaus/plexus/plexus/1.0.11/plexus-1.0.11.pom
2025-11-16 22:51:19,973 [Worker-9: Building] INFO  o.e.m.c.i.e.AbstractTransferListenerAdapter - Downloaded https://repo.maven.apache.org/maven2/org/codehaus/plexus/plexus/1.0.11/plexus-1.0.11.pom
2025-11-16 22:51:20,006 [Worker-9: Building] INFO  o.e.m.c.i.e.AbstractTransferListenerAdapter - Downloading https://repo.maven.apache.org/maven2/org/sonatype/plexus/plexus-cipher/1.4/plexus-cipher-1.4.pom
2025-11-16 22:51:20,018 [Worker-9: Building] INFO  o.e.m.c.i.e.AbstractTransferListenerAdapter - Downloaded https://repo.maven.apache.org/maven2/org/sonatype/plexus/plexus-cipher/1.4/plexus-cipher-1.4.pom
2025-11-16 22:51:20,045 [Worker-9: Building] INFO  o.e.m.c.i.e.AbstractTransferListenerAdapter - Downloading https://repo.maven.apache.org/maven2/org/apache/maven/maven-repository-metadata/3.0/maven-repository-metadata-3.0.pom
2025-11-16 22:51:20,059 [Worker-9: Building] INFO  o.e.m.c.i.e.AbstractTransferListenerAdapter - Downloaded https://repo.maven.apache.org/maven2/org/apache/maven/maven-repository-metadata/3.0/maven-repository-metadata-3.0.pom
2025-11-16 22:51:20,086 [Worker-9: Building] INFO  o.e.m.c.i.e.AbstractTransferListenerAdapter - Downloading https://repo.maven.apache.org/maven2/org/apache/maven/maven-model-builder/3.0/maven-model-builder-3.0.pom
2025-11-16 22:51:20,099 [Worker-9: Building] INFO  o.e.m.c.i.e.AbstractTransferListenerAdapter - Downloaded https://repo.maven.apache.org/maven2/org/apache/maven/maven-model-builder/3.0/maven-model-builder-3.0.pom
2025-11-16 22:51:20,132 [Worker-9: Building] INFO  o.e.m.c.i.e.AbstractTransferListenerAdapter - Downloading https://repo.maven.apache.org/maven2/org/apache/maven/maven-aether-provider/3.0/maven-aether-provider-3.0.pom
2025-11-16 22:51:20,145 [Worker-9: Building] INFO  o.e.m.c.i.e.AbstractTransferListenerAdapter - Downloaded https://repo.maven.apache.org/maven2/org/apache/maven/maven-aether-provider/3.0/maven-aether-provider-3.0.pom
2025-11-16 22:51:20,192 [Worker-9: Building] INFO  o.e.m.c.i.e.AbstractTransferListenerAdapter - Downloading https://repo.maven.apache.org/maven2/org/sonatype/aether/aether-api/1.7/aether-api-1.7.pom
2025-11-16 22:51:20,204 [Worker-9: Building] INFO  o.e.m.c.i.e.AbstractTransferListenerAdapter - Downloaded https://repo.maven.apache.org/maven2/org/sonatype/aether/aether-api/1.7/aether-api-1.7.pom
2025-11-16 22:51:20,243 [Worker-9: Building] INFO  o.e.m.c.i.e.AbstractTransferListenerAdapter - Downloading https://repo.maven.apache.org/maven2/org/sonatype/aether/aether-parent/1.7/aether-parent-1.7.pom
2025-11-16 22:51:20,259 [Worker-9: Building] INFO  o.e.m.c.i.e.AbstractTransferListenerAdapter - Downloaded https://repo.maven.apache.org/maven2/org/sonatype/aether/aether-parent/1.7/aether-parent-1.7.pom
2025-11-16 22:51:20,298 [Worker-9: Building] INFO  o.e.m.c.i.e.AbstractTransferListenerAdapter - Downloading https://repo.maven.apache.org/maven2/org/sonatype/aether/aether-util/1.7/aether-util-1.7.pom
2025-11-16 22:51:20,310 [Worker-9: Building] INFO  o.e.m.c.i.e.AbstractTransferListenerAdapter - Downloaded https://repo.maven.apache.org/maven2/org/sonatype/aether/aether-util/1.7/aether-util-1.7.pom
2025-11-16 22:51:20,369 [Worker-9: Building] INFO  o.e.m.c.i.e.AbstractTransferListenerAdapter - Downloading https://repo.maven.apache.org/maven2/org/sonatype/aether/aether-impl/1.7/aether-impl-1.7.pom
2025-11-16 22:51:20,386 [Worker-9: Building] INFO  o.e.m.c.i.e.AbstractTransferListenerAdapter - Downloaded https://repo.maven.apache.org/maven2/org/sonatype/aether/aether-impl/1.7/aether-impl-1.7.pom
2025-11-16 22:51:20,409 [Worker-9: Building] INFO  o.e.m.c.i.e.AbstractTransferListenerAdapter - Downloading https://repo.maven.apache.org/maven2/org/sonatype/aether/aether-spi/1.7/aether-spi-1.7.pom
2025-11-16 22:51:20,422 [Worker-9: Building] INFO  o.e.m.c.i.e.AbstractTransferListenerAdapter - Downloaded https://repo.maven.apache.org/maven2/org/sonatype/aether/aether-spi/1.7/aether-spi-1.7.pom
2025-11-16 22:51:20,481 [Worker-9: Building] INFO  o.e.m.c.i.e.AbstractTransferListenerAdapter - Downloading https://repo.maven.apache.org/maven2/org/apache/maven/shared/maven-shared-utils/3.2.1/maven-shared-utils-3.2.1.pom
2025-11-16 22:51:20,498 [Worker-9: Building] INFO  o.e.m.c.i.e.AbstractTransferListenerAdapter - Downloaded https://repo.maven.apache.org/maven2/org/apache/maven/shared/maven-shared-utils/3.2.1/maven-shared-utils-3.2.1.pom
2025-11-16 22:51:20,528 [Worker-9: Building] INFO  o.e.m.c.i.e.AbstractTransferListenerAdapter - Downloading https://repo.maven.apache.org/maven2/org/apache/maven/shared/maven-shared-components/30/maven-shared-components-30.pom
2025-11-16 22:51:20,540 [Worker-9: Building] INFO  o.e.m.c.i.e.AbstractTransferListenerAdapter - Downloaded https://repo.maven.apache.org/maven2/org/apache/maven/shared/maven-shared-components/30/maven-shared-components-30.pom
2025-11-16 22:51:20,587 [Worker-9: Building] INFO  o.e.m.c.i.e.AbstractTransferListenerAdapter - Downloading https://repo.maven.apache.org/maven2/org/apache/maven/maven-parent/30/maven-parent-30.pom
2025-11-16 22:51:20,605 [Worker-9: Building] INFO  o.e.m.c.i.e.AbstractTransferListenerAdapter - Downloaded https://repo.maven.apache.org/maven2/org/apache/maven/maven-parent/30/maven-parent-30.pom
2025-11-16 22:51:20,633 [Worker-9: Building] INFO  o.e.m.c.i.e.AbstractTransferListenerAdapter - Downloading https://repo.maven.apache.org/maven2/org/apache/apache/18/apache-18.pom
2025-11-16 22:51:20,651 [Worker-9: Building] INFO  o.e.m.c.i.e.AbstractTransferListenerAdapter - Downloaded https://repo.maven.apache.org/maven2/org/apache/apache/18/apache-18.pom
2025-11-16 22:51:20,702 [Worker-9: Building] INFO  o.e.m.c.i.e.AbstractTransferListenerAdapter - Downloading https://repo.maven.apache.org/maven2/commons-io/commons-io/2.5/commons-io-2.5.pom
2025-11-16 22:51:20,719 [Worker-9: Building] INFO  o.e.m.c.i.e.AbstractTransferListenerAdapter - Downloaded https://repo.maven.apache.org/maven2/commons-io/commons-io/2.5/commons-io-2.5.pom
2025-11-16 22:51:20,764 [Worker-9: Building] INFO  o.e.m.c.i.e.AbstractTransferListenerAdapter - Downloading https://repo.maven.apache.org/maven2/org/apache/commons/commons-parent/39/commons-parent-39.pom
2025-11-16 22:51:20,780 [Worker-9: Building] INFO  o.e.m.c.i.e.AbstractTransferListenerAdapter - Downloaded https://repo.maven.apache.org/maven2/org/apache/commons/commons-parent/39/commons-parent-39.pom
2025-11-16 22:51:20,824 [Worker-9: Building] INFO  o.e.m.c.i.e.AbstractTransferListenerAdapter - Downloading https://repo.maven.apache.org/maven2/org/apache/apache/16/apache-16.pom
2025-11-16 22:51:20,838 [Worker-9: Building] INFO  o.e.m.c.i.e.AbstractTransferListenerAdapter - Downloaded https://repo.maven.apache.org/maven2/org/apache/apache/16/apache-16.pom
2025-11-16 22:51:20,871 [Worker-9: Building] INFO  o.e.m.c.i.e.AbstractTransferListenerAdapter - Downloading https://repo.maven.apache.org/maven2/org/apache/maven/shared/maven-shared-incremental/1.1/maven-shared-incremental-1.1.pom
2025-11-16 22:51:20,885 [Worker-9: Building] INFO  o.e.m.c.i.e.AbstractTransferListenerAdapter - Downloaded https://repo.maven.apache.org/maven2/org/apache/maven/shared/maven-shared-incremental/1.1/maven-shared-incremental-1.1.pom
2025-11-16 22:51:20,912 [Worker-9: Building] INFO  o.e.m.c.i.e.AbstractTransferListenerAdapter - Downloading https://repo.maven.apache.org/maven2/org/apache/maven/shared/maven-shared-components/19/maven-shared-components-19.pom
2025-11-16 22:51:20,924 [Worker-9: Building] INFO  o.e.m.c.i.e.AbstractTransferListenerAdapter - Downloaded https://repo.maven.apache.org/maven2/org/apache/maven/shared/maven-shared-components/19/maven-shared-components-19.pom
2025-11-16 22:51:20,980 [Worker-9: Building] INFO  o.e.m.c.i.e.AbstractTransferListenerAdapter - Downloading https://repo.maven.apache.org/maven2/org/apache/maven/maven-parent/23/maven-parent-23.pom
2025-11-16 22:51:20,993 [Worker-9: Building] INFO  o.e.m.c.i.e.AbstractTransferListenerAdapter - Downloaded https://repo.maven.apache.org/maven2/org/apache/maven/maven-parent/23/maven-parent-23.pom
2025-11-16 22:51:21,027 [Worker-9: Building] INFO  o.e.m.c.i.e.AbstractTransferListenerAdapter - Downloading https://repo.maven.apache.org/maven2/org/apache/apache/13/apache-13.pom
2025-11-16 22:51:21,041 [Worker-9: Building] INFO  o.e.m.c.i.e.AbstractTransferListenerAdapter - Downloaded https://repo.maven.apache.org/maven2/org/apache/apache/13/apache-13.pom
2025-11-16 22:51:21,076 [Worker-9: Building] INFO  o.e.m.c.i.e.AbstractTransferListenerAdapter - Downloading https://repo.maven.apache.org/maven2/org/apache/maven/maven-plugin-api/2.2.1/maven-plugin-api-2.2.1.pom
2025-11-16 22:51:21,088 [Worker-9: Building] INFO  o.e.m.c.i.e.AbstractTransferListenerAdapter - Downloaded https://repo.maven.apache.org/maven2/org/apache/maven/maven-plugin-api/2.2.1/maven-plugin-api-2.2.1.pom
2025-11-16 22:51:21,135 [Worker-9: Building] INFO  o.e.m.c.i.e.AbstractTransferListenerAdapter - Downloading https://repo.maven.apache.org/maven2/org/apache/maven/maven/2.2.1/maven-2.2.1.pom
2025-11-16 22:51:21,152 [Worker-9: Building] INFO  o.e.m.c.i.e.AbstractTransferListenerAdapter - Downloaded https://repo.maven.apache.org/maven2/org/apache/maven/maven/2.2.1/maven-2.2.1.pom
2025-11-16 22:51:21,212 [Worker-9: Building] INFO  o.e.m.c.i.e.AbstractTransferListenerAdapter - Downloading https://repo.maven.apache.org/maven2/org/apache/maven/maven-parent/11/maven-parent-11.pom
2025-11-16 22:51:21,228 [Worker-9: Building] INFO  o.e.m.c.i.e.AbstractTransferListenerAdapter - Downloaded https://repo.maven.apache.org/maven2/org/apache/maven/maven-parent/11/maven-parent-11.pom
2025-11-16 22:51:21,261 [Worker-9: Building] INFO  o.e.m.c.i.e.AbstractTransferListenerAdapter - Downloading https://repo.maven.apache.org/maven2/org/apache/apache/5/apache-5.pom
2025-11-16 22:51:21,275 [Worker-9: Building] INFO  o.e.m.c.i.e.AbstractTransferListenerAdapter - Downloaded https://repo.maven.apache.org/maven2/org/apache/apache/5/apache-5.pom
2025-11-16 22:51:21,341 [Worker-9: Building] INFO  o.e.m.c.i.e.AbstractTransferListenerAdapter - Downloading https://repo.maven.apache.org/maven2/org/apache/maven/maven-core/2.2.1/maven-core-2.2.1.pom
2025-11-16 22:51:21,358 [Worker-9: Building] INFO  o.e.m.c.i.e.AbstractTransferListenerAdapter - Downloaded https://repo.maven.apache.org/maven2/org/apache/maven/maven-core/2.2.1/maven-core-2.2.1.pom
2025-11-16 22:51:21,399 [Worker-9: Building] INFO  o.e.m.c.i.e.AbstractTransferListenerAdapter - Downloading https://repo.maven.apache.org/maven2/org/apache/maven/maven-settings/2.2.1/maven-settings-2.2.1.pom
2025-11-16 22:51:21,415 [Worker-9: Building] INFO  o.e.m.c.i.e.AbstractTransferListenerAdapter - Downloaded https://repo.maven.apache.org/maven2/org/apache/maven/maven-settings/2.2.1/maven-settings-2.2.1.pom
2025-11-16 22:51:21,451 [Worker-9: Building] INFO  o.e.m.c.i.e.AbstractTransferListenerAdapter - Downloading https://repo.maven.apache.org/maven2/org/apache/maven/maven-model/2.2.1/maven-model-2.2.1.pom
2025-11-16 22:51:21,466 [Worker-9: Building] INFO  o.e.m.c.i.e.AbstractTransferListenerAdapter - Downloaded https://repo.maven.apache.org/maven2/org/apache/maven/maven-model/2.2.1/maven-model-2.2.1.pom
2025-11-16 22:51:21,513 [Worker-9: Building] INFO  o.e.m.c.i.e.AbstractTransferListenerAdapter - Downloading https://repo.maven.apache.org/maven2/org/codehaus/plexus/plexus-utils/1.5.15/plexus-utils-1.5.15.pom
2025-11-16 22:51:21,525 [Worker-9: Building] INFO  o.e.m.c.i.e.AbstractTransferListenerAdapter - Downloaded https://repo.maven.apache.org/maven2/org/codehaus/plexus/plexus-utils/1.5.15/plexus-utils-1.5.15.pom
2025-11-16 22:51:21,556 [Worker-9: Building] INFO  o.e.m.c.i.e.AbstractTransferListenerAdapter - Downloading https://repo.maven.apache.org/maven2/org/codehaus/plexus/plexus/2.0.2/plexus-2.0.2.pom
2025-11-16 22:51:21,572 [Worker-9: Building] INFO  o.e.m.c.i.e.AbstractTransferListenerAdapter - Downloaded https://repo.maven.apache.org/maven2/org/codehaus/plexus/plexus/2.0.2/plexus-2.0.2.pom
2025-11-16 22:51:21,605 [Worker-9: Building] INFO  o.e.m.c.i.e.AbstractTransferListenerAdapter - Downloading https://repo.maven.apache.org/maven2/org/codehaus/plexus/plexus-interpolation/1.11/plexus-interpolation-1.11.pom
2025-11-16 22:51:21,616 [Worker-9: Building] INFO  o.e.m.c.i.e.AbstractTransferListenerAdapter - Downloaded https://repo.maven.apache.org/maven2/org/codehaus/plexus/plexus-interpolation/1.11/plexus-interpolation-1.11.pom
2025-11-16 22:51:21,645 [Worker-9: Building] INFO  o.e.m.c.i.e.AbstractTransferListenerAdapter - Downloading https://repo.maven.apache.org/maven2/org/codehaus/plexus/plexus-components/1.1.14/plexus-components-1.1.14.pom
2025-11-16 22:51:21,657 [Worker-9: Building] INFO  o.e.m.c.i.e.AbstractTransferListenerAdapter - Downloaded https://repo.maven.apache.org/maven2/org/codehaus/plexus/plexus-components/1.1.14/plexus-components-1.1.14.pom
2025-11-16 22:51:21,681 [Worker-9: Building] INFO  o.e.m.c.i.e.AbstractTransferListenerAdapter - Downloading https://repo.maven.apache.org/maven2/org/apache/maven/maven-plugin-parameter-documenter/2.2.1/maven-plugin-parameter-documenter-2.2.1.pom
2025-11-16 22:51:21,692 [Worker-9: Building] INFO  o.e.m.c.i.e.AbstractTransferListenerAdapter - Downloaded https://repo.maven.apache.org/maven2/org/apache/maven/maven-plugin-parameter-documenter/2.2.1/maven-plugin-parameter-documenter-2.2.1.pom
2025-11-16 22:51:21,724 [Worker-9: Building] INFO  o.e.m.c.i.e.AbstractTransferListenerAdapter - Downloading https://repo.maven.apache.org/maven2/org/slf4j/slf4j-jdk14/1.5.6/slf4j-jdk14-1.5.6.pom
2025-11-16 22:51:21,736 [Worker-9: Building] INFO  o.e.m.c.i.e.AbstractTransferListenerAdapter - Downloaded https://repo.maven.apache.org/maven2/org/slf4j/slf4j-jdk14/1.5.6/slf4j-jdk14-1.5.6.pom
2025-11-16 22:51:21,803 [Worker-9: Building] INFO  o.e.m.c.i.e.AbstractTransferListenerAdapter - Downloading https://repo.maven.apache.org/maven2/org/slf4j/slf4j-parent/1.5.6/slf4j-parent-1.5.6.pom
2025-11-16 22:51:21,819 [Worker-9: Building] INFO  o.e.m.c.i.e.AbstractTransferListenerAdapter - Downloaded https://repo.maven.apache.org/maven2/org/slf4j/slf4j-parent/1.5.6/slf4j-parent-1.5.6.pom
2025-11-16 22:51:21,845 [Worker-9: Building] INFO  o.e.m.c.i.e.AbstractTransferListenerAdapter - Downloading https://repo.maven.apache.org/maven2/org/slf4j/slf4j-api/1.5.6/slf4j-api-1.5.6.pom
2025-11-16 22:51:21,858 [Worker-9: Building] INFO  o.e.m.c.i.e.AbstractTransferListenerAdapter - Downloaded https://repo.maven.apache.org/maven2/org/slf4j/slf4j-api/1.5.6/slf4j-api-1.5.6.pom
2025-11-16 22:51:21,891 [Worker-9: Building] INFO  o.e.m.c.i.e.AbstractTransferListenerAdapter - Downloading https://repo.maven.apache.org/maven2/org/slf4j/jcl-over-slf4j/1.5.6/jcl-over-slf4j-1.5.6.pom
2025-11-16 22:51:21,906 [Worker-9: Building] INFO  o.e.m.c.i.e.AbstractTransferListenerAdapter - Downloaded https://repo.maven.apache.org/maven2/org/slf4j/jcl-over-slf4j/1.5.6/jcl-over-slf4j-1.5.6.pom
2025-11-16 22:51:21,933 [Worker-9: Building] INFO  o.e.m.c.i.e.AbstractTransferListenerAdapter - Downloading https://repo.maven.apache.org/maven2/org/apache/maven/maven-profile/2.2.1/maven-profile-2.2.1.pom
2025-11-16 22:51:21,945 [Worker-9: Building] INFO  o.e.m.c.i.e.AbstractTransferListenerAdapter - Downloaded https://repo.maven.apache.org/maven2/org/apache/maven/maven-profile/2.2.1/maven-profile-2.2.1.pom
2025-11-16 22:51:21,972 [Worker-9: Building] INFO  o.e.m.c.i.e.AbstractTransferListenerAdapter - Downloading https://repo.maven.apache.org/maven2/org/apache/maven/maven-artifact/2.2.1/maven-artifact-2.2.1.pom
2025-11-16 22:51:21,985 [Worker-9: Building] INFO  o.e.m.c.i.e.AbstractTransferListenerAdapter - Downloaded https://repo.maven.apache.org/maven2/org/apache/maven/maven-artifact/2.2.1/maven-artifact-2.2.1.pom
2025-11-16 22:51:22,015 [Worker-9: Building] INFO  o.e.m.c.i.e.AbstractTransferListenerAdapter - Downloading https://repo.maven.apache.org/maven2/org/apache/maven/maven-repository-metadata/2.2.1/maven-repository-metadata-2.2.1.pom
2025-11-16 22:51:22,027 [Worker-9: Building] INFO  o.e.m.c.i.e.AbstractTransferListenerAdapter - Downloaded https://repo.maven.apache.org/maven2/org/apache/maven/maven-repository-metadata/2.2.1/maven-repository-metadata-2.2.1.pom
2025-11-16 22:51:22,068 [Worker-9: Building] INFO  o.e.m.c.i.e.AbstractTransferListenerAdapter - Downloading https://repo.maven.apache.org/maven2/org/apache/maven/maven-error-diagnostics/2.2.1/maven-error-diagnostics-2.2.1.pom
2025-11-16 22:51:22,083 [Worker-9: Building] INFO  o.e.m.c.i.e.AbstractTransferListenerAdapter - Downloaded https://repo.maven.apache.org/maven2/org/apache/maven/maven-error-diagnostics/2.2.1/maven-error-diagnostics-2.2.1.pom
2025-11-16 22:51:22,112 [Worker-9: Building] INFO  o.e.m.c.i.e.AbstractTransferListenerAdapter - Downloading https://repo.maven.apache.org/maven2/org/apache/maven/maven-project/2.2.1/maven-project-2.2.1.pom
2025-11-16 22:51:22,126 [Worker-9: Building] INFO  o.e.m.c.i.e.AbstractTransferListenerAdapter - Downloaded https://repo.maven.apache.org/maven2/org/apache/maven/maven-project/2.2.1/maven-project-2.2.1.pom
2025-11-16 22:51:22,173 [Worker-9: Building] INFO  o.e.m.c.i.e.AbstractTransferListenerAdapter - Downloading https://repo.maven.apache.org/maven2/org/apache/maven/maven-artifact-manager/2.2.1/maven-artifact-manager-2.2.1.pom
2025-11-16 22:51:22,185 [Worker-9: Building] INFO  o.e.m.c.i.e.AbstractTransferListenerAdapter - Downloaded https://repo.maven.apache.org/maven2/org/apache/maven/maven-artifact-manager/2.2.1/maven-artifact-manager-2.2.1.pom
2025-11-16 22:51:22,211 [Worker-9: Building] INFO  o.e.m.c.i.e.AbstractTransferListenerAdapter - Downloading https://repo.maven.apache.org/maven2/backport-util-concurrent/backport-util-concurrent/3.1/backport-util-concurrent-3.1.pom
2025-11-16 22:51:22,223 [Worker-9: Building] INFO  o.e.m.c.i.e.AbstractTransferListenerAdapter - Downloaded https://repo.maven.apache.org/maven2/backport-util-concurrent/backport-util-concurrent/3.1/backport-util-concurrent-3.1.pom
2025-11-16 22:51:22,274 [Worker-9: Building] INFO  o.e.m.c.i.e.AbstractTransferListenerAdapter - Downloading https://repo.maven.apache.org/maven2/org/apache/maven/maven-plugin-registry/2.2.1/maven-plugin-registry-2.2.1.pom
2025-11-16 22:51:22,288 [Worker-9: Building] INFO  o.e.m.c.i.e.AbstractTransferListenerAdapter - Downloaded https://repo.maven.apache.org/maven2/org/apache/maven/maven-plugin-registry/2.2.1/maven-plugin-registry-2.2.1.pom
2025-11-16 22:51:22,322 [Worker-9: Building] INFO  o.e.m.c.i.e.AbstractTransferListenerAdapter - Downloading https://repo.maven.apache.org/maven2/org/apache/maven/maven-plugin-descriptor/2.2.1/maven-plugin-descriptor-2.2.1.pom
2025-11-16 22:51:22,335 [Worker-9: Building] INFO  o.e.m.c.i.e.AbstractTransferListenerAdapter - Downloaded https://repo.maven.apache.org/maven2/org/apache/maven/maven-plugin-descriptor/2.2.1/maven-plugin-descriptor-2.2.1.pom
2025-11-16 22:51:22,377 [Worker-9: Building] INFO  o.e.m.c.i.e.AbstractTransferListenerAdapter - Downloading https://repo.maven.apache.org/maven2/org/apache/maven/maven-monitor/2.2.1/maven-monitor-2.2.1.pom
2025-11-16 22:51:22,392 [Worker-9: Building] INFO  o.e.m.c.i.e.AbstractTransferListenerAdapter - Downloaded https://repo.maven.apache.org/maven2/org/apache/maven/maven-monitor/2.2.1/maven-monitor-2.2.1.pom
2025-11-16 22:51:22,418 [Worker-9: Building] INFO  o.e.m.c.i.e.AbstractTransferListenerAdapter - Downloading https://repo.maven.apache.org/maven2/org/apache/maven/shared/maven-shared-utils/0.1/maven-shared-utils-0.1.pom
2025-11-16 22:51:22,433 [Worker-9: Building] INFO  o.e.m.c.i.e.AbstractTransferListenerAdapter - Downloaded https://repo.maven.apache.org/maven2/org/apache/maven/shared/maven-shared-utils/0.1/maven-shared-utils-0.1.pom
2025-11-16 22:51:22,467 [Worker-9: Building] INFO  o.e.m.c.i.e.AbstractTransferListenerAdapter - Downloading https://repo.maven.apache.org/maven2/org/apache/maven/shared/maven-shared-components/18/maven-shared-components-18.pom
2025-11-16 22:51:22,482 [Worker-9: Building] INFO  o.e.m.c.i.e.AbstractTransferListenerAdapter - Downloaded https://repo.maven.apache.org/maven2/org/apache/maven/shared/maven-shared-components/18/maven-shared-components-18.pom
2025-11-16 22:51:22,519 [Worker-9: Building] INFO  o.e.m.c.i.e.AbstractTransferListenerAdapter - Downloading https://repo.maven.apache.org/maven2/org/apache/maven/maven-parent/22/maven-parent-22.pom
2025-11-16 22:51:22,532 [Worker-9: Building] INFO  o.e.m.c.i.e.AbstractTransferListenerAdapter - Downloaded https://repo.maven.apache.org/maven2/org/apache/maven/maven-parent/22/maven-parent-22.pom
2025-11-16 22:51:22,565 [Worker-9: Building] INFO  o.e.m.c.i.e.AbstractTransferListenerAdapter - Downloading https://repo.maven.apache.org/maven2/org/apache/apache/11/apache-11.pom
2025-11-16 22:51:22,579 [Worker-9: Building] INFO  o.e.m.c.i.e.AbstractTransferListenerAdapter - Downloaded https://repo.maven.apache.org/maven2/org/apache/apache/11/apache-11.pom
2025-11-16 22:51:22,662 [Worker-9: Building] INFO  o.e.m.c.i.e.AbstractTransferListenerAdapter - Downloading https://repo.maven.apache.org/maven2/com/google/code/findbugs/jsr305/2.0.1/jsr305-2.0.1.pom
2025-11-16 22:51:22,676 [Worker-9: Building] INFO  o.e.m.c.i.e.AbstractTransferListenerAdapter - Downloaded https://repo.maven.apache.org/maven2/com/google/code/findbugs/jsr305/2.0.1/jsr305-2.0.1.pom
2025-11-16 22:51:22,738 [Worker-9: Building] INFO  o.e.m.c.i.e.AbstractTransferListenerAdapter - Downloading https://repo.maven.apache.org/maven2/org/codehaus/plexus/plexus-java/0.9.10/plexus-java-0.9.10.pom
2025-11-16 22:51:22,750 [Worker-9: Building] INFO  o.e.m.c.i.e.AbstractTransferListenerAdapter - Downloaded https://repo.maven.apache.org/maven2/org/codehaus/plexus/plexus-java/0.9.10/plexus-java-0.9.10.pom
2025-11-16 22:51:22,780 [Worker-9: Building] INFO  o.e.m.c.i.e.AbstractTransferListenerAdapter - Downloading https://repo.maven.apache.org/maven2/org/codehaus/plexus/plexus-languages/0.9.10/plexus-languages-0.9.10.pom
2025-11-16 22:51:22,793 [Worker-9: Building] INFO  o.e.m.c.i.e.AbstractTransferListenerAdapter - Downloaded https://repo.maven.apache.org/maven2/org/codehaus/plexus/plexus-languages/0.9.10/plexus-languages-0.9.10.pom
2025-11-16 22:51:22,852 [Worker-9: Building] INFO  o.e.m.c.i.e.AbstractTransferListenerAdapter - Downloading https://repo.maven.apache.org/maven2/org/ow2/asm/asm/6.2/asm-6.2.pom
2025-11-16 22:51:22,870 [Worker-9: Building] INFO  o.e.m.c.i.e.AbstractTransferListenerAdapter - Downloaded https://repo.maven.apache.org/maven2/org/ow2/asm/asm/6.2/asm-6.2.pom
2025-11-16 22:51:22,906 [Worker-9: Building] INFO  o.e.m.c.i.e.AbstractTransferListenerAdapter - Downloading https://repo.maven.apache.org/maven2/org/ow2/ow2/1.5/ow2-1.5.pom
2025-11-16 22:51:22,922 [Worker-9: Building] INFO  o.e.m.c.i.e.AbstractTransferListenerAdapter - Downloaded https://repo.maven.apache.org/maven2/org/ow2/ow2/1.5/ow2-1.5.pom
2025-11-16 22:51:22,953 [Worker-9: Building] INFO  o.e.m.c.i.e.AbstractTransferListenerAdapter - Downloading https://repo.maven.apache.org/maven2/com/thoughtworks/qdox/qdox/2.0-M9/qdox-2.0-M9.pom
2025-11-16 22:51:22,966 [Worker-9: Building] INFO  o.e.m.c.i.e.AbstractTransferListenerAdapter - Downloaded https://repo.maven.apache.org/maven2/com/thoughtworks/qdox/qdox/2.0-M9/qdox-2.0-M9.pom
2025-11-16 22:51:23,002 [Worker-9: Building] INFO  o.e.m.c.i.e.AbstractTransferListenerAdapter - Downloading https://repo.maven.apache.org/maven2/org/sonatype/oss/oss-parent/9/oss-parent-9.pom
2025-11-16 22:51:23,014 [Worker-9: Building] INFO  o.e.m.c.i.e.AbstractTransferListenerAdapter - Downloaded https://repo.maven.apache.org/maven2/org/sonatype/oss/oss-parent/9/oss-parent-9.pom
2025-11-16 22:51:23,049 [Worker-9: Building] INFO  o.e.m.c.i.e.AbstractTransferListenerAdapter - Downloading https://repo.maven.apache.org/maven2/org/codehaus/plexus/plexus-compiler-api/2.8.4/plexus-compiler-api-2.8.4.pom
2025-11-16 22:51:23,064 [Worker-9: Building] INFO  o.e.m.c.i.e.AbstractTransferListenerAdapter - Downloaded https://repo.maven.apache.org/maven2/org/codehaus/plexus/plexus-compiler-api/2.8.4/plexus-compiler-api-2.8.4.pom
2025-11-16 22:51:23,098 [Worker-9: Building] INFO  o.e.m.c.i.e.AbstractTransferListenerAdapter - Downloading https://repo.maven.apache.org/maven2/org/codehaus/plexus/plexus-compiler/2.8.4/plexus-compiler-2.8.4.pom
2025-11-16 22:51:23,113 [Worker-9: Building] INFO  o.e.m.c.i.e.AbstractTransferListenerAdapter - Downloaded https://repo.maven.apache.org/maven2/org/codehaus/plexus/plexus-compiler/2.8.4/plexus-compiler-2.8.4.pom
2025-11-16 22:51:23,138 [Worker-9: Building] INFO  o.e.m.c.i.e.AbstractTransferListenerAdapter - Downloading https://repo.maven.apache.org/maven2/org/codehaus/plexus/plexus-components/4.0/plexus-components-4.0.pom
2025-11-16 22:51:23,152 [Worker-9: Building] INFO  o.e.m.c.i.e.AbstractTransferListenerAdapter - Downloaded https://repo.maven.apache.org/maven2/org/codehaus/plexus/plexus-components/4.0/plexus-components-4.0.pom
2025-11-16 22:51:23,176 [Worker-9: Building] INFO  o.e.m.c.i.e.AbstractTransferListenerAdapter - Downloading https://repo.maven.apache.org/maven2/org/codehaus/plexus/plexus-utils/3.0.22/plexus-utils-3.0.22.pom
2025-11-16 22:51:23,190 [Worker-9: Building] INFO  o.e.m.c.i.e.AbstractTransferListenerAdapter - Downloaded https://repo.maven.apache.org/maven2/org/codehaus/plexus/plexus-utils/3.0.22/plexus-utils-3.0.22.pom
2025-11-16 22:51:23,219 [Worker-9: Building] INFO  o.e.m.c.i.e.AbstractTransferListenerAdapter - Downloading https://repo.maven.apache.org/maven2/org/codehaus/plexus/plexus/3.3.1/plexus-3.3.1.pom
2025-11-16 22:51:23,232 [Worker-9: Building] INFO  o.e.m.c.i.e.AbstractTransferListenerAdapter - Downloaded https://repo.maven.apache.org/maven2/org/codehaus/plexus/plexus/3.3.1/plexus-3.3.1.pom
2025-11-16 22:51:23,262 [Worker-9: Building] INFO  o.e.m.c.i.e.AbstractTransferListenerAdapter - Downloading https://repo.maven.apache.org/maven2/org/sonatype/spice/spice-parent/17/spice-parent-17.pom
2025-11-16 22:51:23,276 [Worker-9: Building] INFO  o.e.m.c.i.e.AbstractTransferListenerAdapter - Downloaded https://repo.maven.apache.org/maven2/org/sonatype/spice/spice-parent/17/spice-parent-17.pom
2025-11-16 22:51:23,303 [Worker-9: Building] INFO  o.e.m.c.i.e.AbstractTransferListenerAdapter - Downloading https://repo.maven.apache.org/maven2/org/codehaus/plexus/plexus-compiler-manager/2.8.4/plexus-compiler-manager-2.8.4.pom
2025-11-16 22:51:23,317 [Worker-9: Building] INFO  o.e.m.c.i.e.AbstractTransferListenerAdapter - Downloaded https://repo.maven.apache.org/maven2/org/codehaus/plexus/plexus-compiler-manager/2.8.4/plexus-compiler-manager-2.8.4.pom
2025-11-16 22:51:23,341 [Worker-9: Building] INFO  o.e.m.c.i.e.AbstractTransferListenerAdapter - Downloading https://repo.maven.apache.org/maven2/org/codehaus/plexus/plexus-compiler-javac/2.8.4/plexus-compiler-javac-2.8.4.pom
2025-11-16 22:51:23,356 [Worker-9: Building] INFO  o.e.m.c.i.e.AbstractTransferListenerAdapter - Downloaded https://repo.maven.apache.org/maven2/org/codehaus/plexus/plexus-compiler-javac/2.8.4/plexus-compiler-javac-2.8.4.pom
2025-11-16 22:51:23,380 [Worker-9: Building] INFO  o.e.m.c.i.e.AbstractTransferListenerAdapter - Downloading https://repo.maven.apache.org/maven2/org/codehaus/plexus/plexus-compilers/2.8.4/plexus-compilers-2.8.4.pom
2025-11-16 22:51:23,395 [Worker-9: Building] INFO  o.e.m.c.i.e.AbstractTransferListenerAdapter - Downloaded https://repo.maven.apache.org/maven2/org/codehaus/plexus/plexus-compilers/2.8.4/plexus-compilers-2.8.4.pom
2025-11-16 22:51:23,433 [Worker-9: Building] INFO  o.e.m.c.i.e.AbstractTransferListenerAdapter - Downloading https://repo.maven.apache.org/maven2/org/apache/maven/maven-plugin-api/3.0/maven-plugin-api-3.0.jar
2025-11-16 22:51:23,654 [Worker-9: Building] INFO  o.e.m.c.i.e.AbstractTransferListenerAdapter - Downloaded https://repo.maven.apache.org/maven2/org/apache/maven/maven-plugin-api/3.0/maven-plugin-api-3.0.jar
2025-11-16 22:51:23,694 [BasicRepositoryConnector-repo.maven.apache.org-0-0] INFO  o.e.m.c.i.e.AbstractTransferListenerAdapter - Downloading https://repo.maven.apache.org/maven2/org/apache/maven/maven-model/3.0/maven-model-3.0.jar
2025-11-16 22:51:23,706 [BasicRepositoryConnector-repo.maven.apache.org-0-4] INFO  o.e.m.c.i.e.AbstractTransferListenerAdapter - Downloading https://repo.maven.apache.org/maven2/org/apache/maven/maven-artifact/3.0/maven-artifact-3.0.jar
2025-11-16 22:51:23,710 [BasicRepositoryConnector-repo.maven.apache.org-0-3] INFO  o.e.m.c.i.e.AbstractTransferListenerAdapter - Downloading https://repo.maven.apache.org/maven2/org/sonatype/sisu/sisu-guice/2.1.7/sisu-guice-2.1.7-noaop.jar
2025-11-16 22:51:23,718 [BasicRepositoryConnector-repo.maven.apache.org-0-1] INFO  o.e.m.c.i.e.AbstractTransferListenerAdapter - Downloading https://repo.maven.apache.org/maven2/org/sonatype/sisu/sisu-inject-plexus/1.4.2/sisu-inject-plexus-1.4.2.jar
2025-11-16 22:51:23,722 [BasicRepositoryConnector-repo.maven.apache.org-0-0] INFO  o.e.m.c.i.e.AbstractTransferListenerAdapter - Downloaded https://repo.maven.apache.org/maven2/org/apache/maven/maven-model/3.0/maven-model-3.0.jar
2025-11-16 22:51:23,726 [BasicRepositoryConnector-repo.maven.apache.org-0-4] INFO  o.e.m.c.i.e.AbstractTransferListenerAdapter - Downloaded https://repo.maven.apache.org/maven2/org/apache/maven/maven-artifact/3.0/maven-artifact-3.0.jar
2025-11-16 22:51:23,770 [BasicRepositoryConnector-repo.maven.apache.org-0-2] INFO  o.e.m.c.i.e.AbstractTransferListenerAdapter - Downloading https://repo.maven.apache.org/maven2/org/sonatype/sisu/sisu-inject-bean/1.4.2/sisu-inject-bean-1.4.2.jar
2025-11-16 22:51:23,775 [BasicRepositoryConnector-repo.maven.apache.org-0-4] INFO  o.e.m.c.i.e.AbstractTransferListenerAdapter - Downloading https://repo.maven.apache.org/maven2/org/apache/maven/maven-core/3.0/maven-core-3.0.jar
2025-11-16 22:51:23,784 [BasicRepositoryConnector-repo.maven.apache.org-0-1] INFO  o.e.m.c.i.e.AbstractTransferListenerAdapter - Downloaded https://repo.maven.apache.org/maven2/org/sonatype/sisu/sisu-inject-plexus/1.4.2/sisu-inject-plexus-1.4.2.jar
2025-11-16 22:51:23,787 [BasicRepositoryConnector-repo.maven.apache.org-0-3] INFO  o.e.m.c.i.e.AbstractTransferListenerAdapter - Downloaded https://repo.maven.apache.org/maven2/org/sonatype/sisu/sisu-guice/2.1.7/sisu-guice-2.1.7-noaop.jar
2025-11-16 22:51:23,792 [BasicRepositoryConnector-repo.maven.apache.org-0-0] INFO  o.e.m.c.i.e.AbstractTransferListenerAdapter - Downloading https://repo.maven.apache.org/maven2/org/codehaus/plexus/plexus-utils/2.0.4/plexus-utils-2.0.4.jar
2025-11-16 22:51:23,820 [BasicRepositoryConnector-repo.maven.apache.org-0-2] INFO  o.e.m.c.i.e.AbstractTransferListenerAdapter - Downloaded https://repo.maven.apache.org/maven2/org/sonatype/sisu/sisu-inject-bean/1.4.2/sisu-inject-bean-1.4.2.jar
2025-11-16 22:51:23,846 [BasicRepositoryConnector-repo.maven.apache.org-0-1] INFO  o.e.m.c.i.e.AbstractTransferListenerAdapter - Downloading https://repo.maven.apache.org/maven2/org/apache/maven/maven-settings/3.0/maven-settings-3.0.jar
2025-11-16 22:51:23,848 [BasicRepositoryConnector-repo.maven.apache.org-0-3] INFO  o.e.m.c.i.e.AbstractTransferListenerAdapter - Downloading https://repo.maven.apache.org/maven2/org/apache/maven/maven-settings-builder/3.0/maven-settings-builder-3.0.jar
2025-11-16 22:51:23,855 [BasicRepositoryConnector-repo.maven.apache.org-0-2] INFO  o.e.m.c.i.e.AbstractTransferListenerAdapter - Downloading https://repo.maven.apache.org/maven2/org/apache/maven/maven-repository-metadata/3.0/maven-repository-metadata-3.0.jar
2025-11-16 22:51:23,863 [BasicRepositoryConnector-repo.maven.apache.org-0-4] INFO  o.e.m.c.i.e.AbstractTransferListenerAdapter - Downloaded https://repo.maven.apache.org/maven2/org/apache/maven/maven-core/3.0/maven-core-3.0.jar
2025-11-16 22:51:23,878 [BasicRepositoryConnector-repo.maven.apache.org-0-0] INFO  o.e.m.c.i.e.AbstractTransferListenerAdapter - Downloaded https://repo.maven.apache.org/maven2/org/codehaus/plexus/plexus-utils/2.0.4/plexus-utils-2.0.4.jar
2025-11-16 22:51:23,905 [BasicRepositoryConnector-repo.maven.apache.org-0-4] INFO  o.e.m.c.i.e.AbstractTransferListenerAdapter - Downloading https://repo.maven.apache.org/maven2/org/apache/maven/maven-model-builder/3.0/maven-model-builder-3.0.jar
2025-11-16 22:51:23,924 [BasicRepositoryConnector-repo.maven.apache.org-0-0] INFO  o.e.m.c.i.e.AbstractTransferListenerAdapter - Downloading https://repo.maven.apache.org/maven2/org/apache/maven/maven-aether-provider/3.0/maven-aether-provider-3.0.jar
2025-11-16 22:51:23,933 [BasicRepositoryConnector-repo.maven.apache.org-0-4] INFO  o.e.m.c.i.e.AbstractTransferListenerAdapter - Downloaded https://repo.maven.apache.org/maven2/org/apache/maven/maven-model-builder/3.0/maven-model-builder-3.0.jar
2025-11-16 22:51:23,943 [BasicRepositoryConnector-repo.maven.apache.org-0-0] INFO  o.e.m.c.i.e.AbstractTransferListenerAdapter - Downloaded https://repo.maven.apache.org/maven2/org/apache/maven/maven-aether-provider/3.0/maven-aether-provider-3.0.jar
2025-11-16 22:51:23,958 [BasicRepositoryConnector-repo.maven.apache.org-0-4] INFO  o.e.m.c.i.e.AbstractTransferListenerAdapter - Downloading https://repo.maven.apache.org/maven2/org/sonatype/aether/aether-impl/1.7/aether-impl-1.7.jar
2025-11-16 22:51:23,965 [BasicRepositoryConnector-repo.maven.apache.org-0-2] INFO  o.e.m.c.i.e.AbstractTransferListenerAdapter - Downloaded https://repo.maven.apache.org/maven2/org/apache/maven/maven-repository-metadata/3.0/maven-repository-metadata-3.0.jar
2025-11-16 22:51:23,974 [BasicRepositoryConnector-repo.maven.apache.org-0-0] INFO  o.e.m.c.i.e.AbstractTransferListenerAdapter - Downloading https://repo.maven.apache.org/maven2/org/sonatype/aether/aether-spi/1.7/aether-spi-1.7.jar
2025-11-16 22:51:23,980 [BasicRepositoryConnector-repo.maven.apache.org-0-4] INFO  o.e.m.c.i.e.AbstractTransferListenerAdapter - Downloaded https://repo.maven.apache.org/maven2/org/sonatype/aether/aether-impl/1.7/aether-impl-1.7.jar
2025-11-16 22:51:24,020 [BasicRepositoryConnector-repo.maven.apache.org-0-2] INFO  o.e.m.c.i.e.AbstractTransferListenerAdapter - Downloading https://repo.maven.apache.org/maven2/org/sonatype/aether/aether-api/1.7/aether-api-1.7.jar
2025-11-16 22:51:24,030 [BasicRepositoryConnector-repo.maven.apache.org-0-1] INFO  o.e.m.c.i.e.AbstractTransferListenerAdapter - Downloaded https://repo.maven.apache.org/maven2/org/apache/maven/maven-settings/3.0/maven-settings-3.0.jar
2025-11-16 22:51:24,041 [BasicRepositoryConnector-repo.maven.apache.org-0-2] INFO  o.e.m.c.i.e.AbstractTransferListenerAdapter - Downloaded https://repo.maven.apache.org/maven2/org/sonatype/aether/aether-api/1.7/aether-api-1.7.jar
2025-11-16 22:51:24,052 [BasicRepositoryConnector-repo.maven.apache.org-0-4] INFO  o.e.m.c.i.e.AbstractTransferListenerAdapter - Downloading https://repo.maven.apache.org/maven2/org/sonatype/aether/aether-util/1.7/aether-util-1.7.jar
2025-11-16 22:51:24,074 [BasicRepositoryConnector-repo.maven.apache.org-0-4] INFO  o.e.m.c.i.e.AbstractTransferListenerAdapter - Downloaded https://repo.maven.apache.org/maven2/org/sonatype/aether/aether-util/1.7/aether-util-1.7.jar
2025-11-16 22:51:24,075 [BasicRepositoryConnector-repo.maven.apache.org-0-2] INFO  o.e.m.c.i.e.AbstractTransferListenerAdapter - Downloading https://repo.maven.apache.org/maven2/org/codehaus/plexus/plexus-classworlds/2.2.3/plexus-classworlds-2.2.3.jar
2025-11-16 22:51:24,079 [BasicRepositoryConnector-repo.maven.apache.org-0-1] INFO  o.e.m.c.i.e.AbstractTransferListenerAdapter - Downloading https://repo.maven.apache.org/maven2/org/codehaus/plexus/plexus-interpolation/1.14/plexus-interpolation-1.14.jar
2025-11-16 22:51:24,094 [BasicRepositoryConnector-repo.maven.apache.org-0-0] INFO  o.e.m.c.i.e.AbstractTransferListenerAdapter - Downloaded https://repo.maven.apache.org/maven2/org/sonatype/aether/aether-spi/1.7/aether-spi-1.7.jar
2025-11-16 22:51:24,098 [BasicRepositoryConnector-repo.maven.apache.org-0-1] INFO  o.e.m.c.i.e.AbstractTransferListenerAdapter - Downloaded https://repo.maven.apache.org/maven2/org/codehaus/plexus/plexus-interpolation/1.14/plexus-interpolation-1.14.jar
2025-11-16 22:51:24,103 [BasicRepositoryConnector-repo.maven.apache.org-0-3] INFO  o.e.m.c.i.e.AbstractTransferListenerAdapter - Downloaded https://repo.maven.apache.org/maven2/org/apache/maven/maven-settings-builder/3.0/maven-settings-builder-3.0.jar
2025-11-16 22:51:24,118 [BasicRepositoryConnector-repo.maven.apache.org-0-4] INFO  o.e.m.c.i.e.AbstractTransferListenerAdapter - Downloading https://repo.maven.apache.org/maven2/org/codehaus/plexus/plexus-component-annotations/1.7.1/plexus-component-annotations-1.7.1.jar
2025-11-16 22:51:24,123 [BasicRepositoryConnector-repo.maven.apache.org-0-0] INFO  o.e.m.c.i.e.AbstractTransferListenerAdapter - Downloading https://repo.maven.apache.org/maven2/org/sonatype/plexus/plexus-sec-dispatcher/1.3/plexus-sec-dispatcher-1.3.jar
2025-11-16 22:51:24,127 [BasicRepositoryConnector-repo.maven.apache.org-0-1] INFO  o.e.m.c.i.e.AbstractTransferListenerAdapter - Downloading https://repo.maven.apache.org/maven2/org/sonatype/plexus/plexus-cipher/1.4/plexus-cipher-1.4.jar
2025-11-16 22:51:24,138 [BasicRepositoryConnector-repo.maven.apache.org-0-3] INFO  o.e.m.c.i.e.AbstractTransferListenerAdapter - Downloading https://repo.maven.apache.org/maven2/org/apache/maven/shared/maven-shared-utils/3.2.1/maven-shared-utils-3.2.1.jar
2025-11-16 22:51:24,146 [BasicRepositoryConnector-repo.maven.apache.org-0-4] INFO  o.e.m.c.i.e.AbstractTransferListenerAdapter - Downloaded https://repo.maven.apache.org/maven2/org/codehaus/plexus/plexus-component-annotations/1.7.1/plexus-component-annotations-1.7.1.jar
2025-11-16 22:51:24,167 [BasicRepositoryConnector-repo.maven.apache.org-0-3] INFO  o.e.m.c.i.e.AbstractTransferListenerAdapter - Downloaded https://repo.maven.apache.org/maven2/org/apache/maven/shared/maven-shared-utils/3.2.1/maven-shared-utils-3.2.1.jar
2025-11-16 22:51:24,188 [BasicRepositoryConnector-repo.maven.apache.org-0-4] INFO  o.e.m.c.i.e.AbstractTransferListenerAdapter - Downloading https://repo.maven.apache.org/maven2/commons-io/commons-io/2.5/commons-io-2.5.jar
2025-11-16 22:51:24,204 [BasicRepositoryConnector-repo.maven.apache.org-0-3] INFO  o.e.m.c.i.e.AbstractTransferListenerAdapter - Downloading https://repo.maven.apache.org/maven2/org/apache/maven/shared/maven-shared-incremental/1.1/maven-shared-incremental-1.1.jar
2025-11-16 22:51:24,210 [BasicRepositoryConnector-repo.maven.apache.org-0-1] INFO  o.e.m.c.i.e.AbstractTransferListenerAdapter - Downloaded https://repo.maven.apache.org/maven2/org/sonatype/plexus/plexus-cipher/1.4/plexus-cipher-1.4.jar
2025-11-16 22:51:24,212 [BasicRepositoryConnector-repo.maven.apache.org-0-4] INFO  o.e.m.c.i.e.AbstractTransferListenerAdapter - Downloaded https://repo.maven.apache.org/maven2/commons-io/commons-io/2.5/commons-io-2.5.jar
2025-11-16 22:51:24,236 [BasicRepositoryConnector-repo.maven.apache.org-0-1] INFO  o.e.m.c.i.e.AbstractTransferListenerAdapter - Downloading https://repo.maven.apache.org/maven2/org/codehaus/plexus/plexus-java/0.9.10/plexus-java-0.9.10.jar
2025-11-16 22:51:24,240 [BasicRepositoryConnector-repo.maven.apache.org-0-4] INFO  o.e.m.c.i.e.AbstractTransferListenerAdapter - Downloading https://repo.maven.apache.org/maven2/org/ow2/asm/asm/6.2/asm-6.2.jar
2025-11-16 22:51:24,254 [BasicRepositoryConnector-repo.maven.apache.org-0-0] INFO  o.e.m.c.i.e.AbstractTransferListenerAdapter - Downloaded https://repo.maven.apache.org/maven2/org/sonatype/plexus/plexus-sec-dispatcher/1.3/plexus-sec-dispatcher-1.3.jar
2025-11-16 22:51:24,261 [BasicRepositoryConnector-repo.maven.apache.org-0-4] INFO  o.e.m.c.i.e.AbstractTransferListenerAdapter - Downloaded https://repo.maven.apache.org/maven2/org/ow2/asm/asm/6.2/asm-6.2.jar
2025-11-16 22:51:24,286 [BasicRepositoryConnector-repo.maven.apache.org-0-3] INFO  o.e.m.c.i.e.AbstractTransferListenerAdapter - Downloaded https://repo.maven.apache.org/maven2/org/apache/maven/shared/maven-shared-incremental/1.1/maven-shared-incremental-1.1.jar
2025-11-16 22:51:24,291 [BasicRepositoryConnector-repo.maven.apache.org-0-4] INFO  o.e.m.c.i.e.AbstractTransferListenerAdapter - Downloading https://repo.maven.apache.org/maven2/org/codehaus/plexus/plexus-compiler-api/2.8.4/plexus-compiler-api-2.8.4.jar
2025-11-16 22:51:24,293 [BasicRepositoryConnector-repo.maven.apache.org-0-0] INFO  o.e.m.c.i.e.AbstractTransferListenerAdapter - Downloading https://repo.maven.apache.org/maven2/com/thoughtworks/qdox/qdox/2.0-M9/qdox-2.0-M9.jar
2025-11-16 22:51:24,326 [BasicRepositoryConnector-repo.maven.apache.org-0-3] INFO  o.e.m.c.i.e.AbstractTransferListenerAdapter - Downloading https://repo.maven.apache.org/maven2/org/codehaus/plexus/plexus-compiler-manager/2.8.4/plexus-compiler-manager-2.8.4.jar
2025-11-16 22:51:24,334 [BasicRepositoryConnector-repo.maven.apache.org-0-0] INFO  o.e.m.c.i.e.AbstractTransferListenerAdapter - Downloaded https://repo.maven.apache.org/maven2/com/thoughtworks/qdox/qdox/2.0-M9/qdox-2.0-M9.jar
2025-11-16 22:51:24,352 [BasicRepositoryConnector-repo.maven.apache.org-0-2] INFO  o.e.m.c.i.e.AbstractTransferListenerAdapter - Downloaded https://repo.maven.apache.org/maven2/org/codehaus/plexus/plexus-classworlds/2.2.3/plexus-classworlds-2.2.3.jar
2025-11-16 22:51:24,356 [BasicRepositoryConnector-repo.maven.apache.org-0-3] INFO  o.e.m.c.i.e.AbstractTransferListenerAdapter - Downloaded https://repo.maven.apache.org/maven2/org/codehaus/plexus/plexus-compiler-manager/2.8.4/plexus-compiler-manager-2.8.4.jar
2025-11-16 22:51:24,378 [BasicRepositoryConnector-repo.maven.apache.org-0-0] INFO  o.e.m.c.i.e.AbstractTransferListenerAdapter - Downloading https://repo.maven.apache.org/maven2/org/codehaus/plexus/plexus-compiler-javac/2.8.4/plexus-compiler-javac-2.8.4.jar
2025-11-16 22:51:24,445 [BasicRepositoryConnector-repo.maven.apache.org-0-4] INFO  o.e.m.c.i.e.AbstractTransferListenerAdapter - Downloaded https://repo.maven.apache.org/maven2/org/codehaus/plexus/plexus-compiler-api/2.8.4/plexus-compiler-api-2.8.4.jar
2025-11-16 22:51:24,446 [BasicRepositoryConnector-repo.maven.apache.org-0-1] INFO  o.e.m.c.i.e.AbstractTransferListenerAdapter - Downloaded https://repo.maven.apache.org/maven2/org/codehaus/plexus/plexus-java/0.9.10/plexus-java-0.9.10.jar
2025-11-16 22:51:24,456 [BasicRepositoryConnector-repo.maven.apache.org-0-0] INFO  o.e.m.c.i.e.AbstractTransferListenerAdapter - Downloaded https://repo.maven.apache.org/maven2/org/codehaus/plexus/plexus-compiler-javac/2.8.4/plexus-compiler-javac-2.8.4.jar
2025-11-16 22:51:24,591 [Worker-9: Building] INFO  o.e.m.c.i.l.LifecycleMappingFactory - Using org.maven.ide.eclipse.wtp.WarLifecycleMapping lifecycle mapping for MavenProject: gimalProject:gimalProject:0.0.1-SNAPSHOT @ C:\Users\sonjo\eclipse-workspace\BackEndGimalProject\gimalProject\pom.xml.
2025-11-16 22:51:24,591 [Worker-5: Updating Maven Dependencies] INFO  o.e.m.c.i.l.LifecycleMappingFactory - Using org.maven.ide.eclipse.wtp.WarLifecycleMapping lifecycle mapping for MavenProject: gimalProject:gimalProject:0.0.1-SNAPSHOT @ C:\Users\sonjo\eclipse-workspace\BackEndGimalProject\gimalProject\pom.xml.
2025-11-16 22:51:24,637 [Worker-9: Building] INFO  o.e.m.c.i.e.AbstractTransferListenerAdapter - Downloading https://repo.maven.apache.org/maven2/io/jsonwebtoken/jjwt-api/0.11.5/jjwt-api-0.11.5.pom
2025-11-16 22:51:24,651 [Worker-9: Building] INFO  o.e.m.c.i.e.AbstractTransferListenerAdapter - Downloaded https://repo.maven.apache.org/maven2/io/jsonwebtoken/jjwt-api/0.11.5/jjwt-api-0.11.5.pom
2025-11-16 22:51:24,689 [Worker-9: Building] INFO  o.e.m.c.i.e.AbstractTransferListenerAdapter - Downloading https://repo.maven.apache.org/maven2/io/jsonwebtoken/jjwt-root/0.11.5/jjwt-root-0.11.5.pom
2025-11-16 22:51:24,704 [Worker-9: Building] INFO  o.e.m.c.i.e.AbstractTransferListenerAdapter - Downloaded https://repo.maven.apache.org/maven2/io/jsonwebtoken/jjwt-root/0.11.5/jjwt-root-0.11.5.pom
2025-11-16 22:51:24,761 [Worker-5: Updating Maven Dependencies] INFO  o.e.m.c.i.e.AbstractTransferListenerAdapter - Downloading https://repo.maven.apache.org/maven2/io/jsonwebtoken/jjwt-impl/0.11.5/jjwt-impl-0.11.5.pom
2025-11-16 22:51:24,777 [Worker-5: Updating Maven Dependencies] INFO  o.e.m.c.i.e.AbstractTransferListenerAdapter - Downloaded https://repo.maven.apache.org/maven2/io/jsonwebtoken/jjwt-impl/0.11.5/jjwt-impl-0.11.5.pom
2025-11-16 22:51:24,809 [Worker-5: Updating Maven Dependencies] INFO  o.e.m.c.i.e.AbstractTransferListenerAdapter - Downloading https://repo.maven.apache.org/maven2/io/jsonwebtoken/jjwt-jackson/0.11.5/jjwt-jackson-0.11.5.pom
2025-11-16 22:51:24,825 [Worker-5: Updating Maven Dependencies] INFO  o.e.m.c.i.e.AbstractTransferListenerAdapter - Downloaded https://repo.maven.apache.org/maven2/io/jsonwebtoken/jjwt-jackson/0.11.5/jjwt-jackson-0.11.5.pom
2025-11-16 22:51:24,860 [Worker-5: Updating Maven Dependencies] INFO  o.e.m.c.i.e.AbstractTransferListenerAdapter - Downloading https://repo.maven.apache.org/maven2/com/fasterxml/jackson/core/jackson-databind/2.12.6.1/jackson-databind-2.12.6.1.pom
2025-11-16 22:51:24,873 [Worker-5: Updating Maven Dependencies] INFO  o.e.m.c.i.e.AbstractTransferListenerAdapter - Downloaded https://repo.maven.apache.org/maven2/com/fasterxml/jackson/core/jackson-databind/2.12.6.1/jackson-databind-2.12.6.1.pom
2025-11-16 22:51:24,903 [Worker-5: Updating Maven Dependencies] INFO  o.e.m.c.i.e.AbstractTransferListenerAdapter - Downloading https://repo.maven.apache.org/maven2/com/fasterxml/jackson/jackson-base/2.12.6/jackson-base-2.12.6.pom
2025-11-16 22:51:24,920 [Worker-5: Updating Maven Dependencies] INFO  o.e.m.c.i.e.AbstractTransferListenerAdapter - Downloaded https://repo.maven.apache.org/maven2/com/fasterxml/jackson/jackson-base/2.12.6/jackson-base-2.12.6.pom
2025-11-16 22:51:24,958 [Worker-9: Building] INFO  o.e.m.c.i.e.AbstractTransferListenerAdapter - Downloading https://repo.maven.apache.org/maven2/com/fasterxml/jackson/jackson-bom/2.12.6/jackson-bom-2.12.6.pom
2025-11-16 22:51:24,971 [Worker-9: Building] INFO  o.e.m.c.i.e.AbstractTransferListenerAdapter - Downloaded https://repo.maven.apache.org/maven2/com/fasterxml/jackson/jackson-bom/2.12.6/jackson-bom-2.12.6.pom
2025-11-16 22:51:25,018 [Worker-9: Building] INFO  o.e.m.c.i.e.AbstractTransferListenerAdapter - Downloading https://repo.maven.apache.org/maven2/com/fasterxml/jackson/jackson-parent/2.12/jackson-parent-2.12.pom
2025-11-16 22:51:25,029 [Worker-9: Building] INFO  o.e.m.c.i.e.AbstractTransferListenerAdapter - Downloaded https://repo.maven.apache.org/maven2/com/fasterxml/jackson/jackson-parent/2.12/jackson-parent-2.12.pom
2025-11-16 22:51:25,059 [Worker-9: Building] INFO  o.e.m.c.i.e.AbstractTransferListenerAdapter - Downloading https://repo.maven.apache.org/maven2/com/fasterxml/oss-parent/41/oss-parent-41.pom
2025-11-16 22:51:25,072 [Worker-9: Building] INFO  o.e.m.c.i.e.AbstractTransferListenerAdapter - Downloaded https://repo.maven.apache.org/maven2/com/fasterxml/oss-parent/41/oss-parent-41.pom
2025-11-16 22:51:25,114 [Worker-9: Building] INFO  o.e.m.c.i.e.AbstractTransferListenerAdapter - Downloading https://repo.maven.apache.org/maven2/com/fasterxml/jackson/core/jackson-annotations/2.12.6/jackson-annotations-2.12.6.pom
2025-11-16 22:51:25,127 [Worker-9: Building] INFO  o.e.m.c.i.e.AbstractTransferListenerAdapter - Downloaded https://repo.maven.apache.org/maven2/com/fasterxml/jackson/core/jackson-annotations/2.12.6/jackson-annotations-2.12.6.pom
2025-11-16 22:51:25,154 [Worker-9: Building] INFO  o.e.m.c.i.e.AbstractTransferListenerAdapter - Downloading https://repo.maven.apache.org/maven2/com/fasterxml/jackson/core/jackson-core/2.12.6/jackson-core-2.12.6.pom
2025-11-16 22:51:25,167 [Worker-9: Building] INFO  o.e.m.c.i.e.AbstractTransferListenerAdapter - Downloaded https://repo.maven.apache.org/maven2/com/fasterxml/jackson/core/jackson-core/2.12.6/jackson-core-2.12.6.pom
2025-11-16 22:51:25,202 [Worker-9: Building] INFO  o.e.m.c.i.e.AbstractTransferListenerAdapter - Downloading https://repo.maven.apache.org/maven2/com/mysql/mysql-connector-j/8.4.0/mysql-connector-j-8.4.0.pom
2025-11-16 22:51:25,216 [Worker-9: Building] INFO  o.e.m.c.i.e.AbstractTransferListenerAdapter - Downloaded https://repo.maven.apache.org/maven2/com/mysql/mysql-connector-j/8.4.0/mysql-connector-j-8.4.0.pom
2025-11-16 22:51:25,253 [Worker-9: Building] INFO  o.e.m.c.i.e.AbstractTransferListenerAdapter - Downloading https://repo.maven.apache.org/maven2/com/google/protobuf/protobuf-java/3.25.1/protobuf-java-3.25.1.pom
2025-11-16 22:51:25,265 [Worker-9: Building] INFO  o.e.m.c.i.e.AbstractTransferListenerAdapter - Downloaded https://repo.maven.apache.org/maven2/com/google/protobuf/protobuf-java/3.25.1/protobuf-java-3.25.1.pom
2025-11-16 22:51:25,300 [Worker-9: Building] INFO  o.e.m.c.i.e.AbstractTransferListenerAdapter - Downloading https://repo.maven.apache.org/maven2/com/google/protobuf/protobuf-parent/3.25.1/protobuf-parent-3.25.1.pom
2025-11-16 22:51:25,317 [Worker-9: Building] INFO  o.e.m.c.i.e.AbstractTransferListenerAdapter - Downloaded https://repo.maven.apache.org/maven2/com/google/protobuf/protobuf-parent/3.25.1/protobuf-parent-3.25.1.pom
2025-11-16 22:51:25,359 [Worker-9: Building] INFO  o.e.m.c.i.e.AbstractTransferListenerAdapter - Downloading https://repo.maven.apache.org/maven2/com/google/protobuf/protobuf-bom/3.25.1/protobuf-bom-3.25.1.pom
2025-11-16 22:51:25,373 [Worker-9: Building] INFO  o.e.m.c.i.e.AbstractTransferListenerAdapter - Downloaded https://repo.maven.apache.org/maven2/com/google/protobuf/protobuf-bom/3.25.1/protobuf-bom-3.25.1.pom
2025-11-16 22:51:25,409 [Worker-9: Building] INFO  o.e.m.c.i.e.AbstractTransferListenerAdapter - Downloading https://repo.maven.apache.org/maven2/com/fasterxml/jackson/core/jackson-annotations/2.15.2/jackson-annotations-2.15.2.pom
2025-11-16 22:51:25,421 [Worker-9: Building] INFO  o.e.m.c.i.e.AbstractTransferListenerAdapter - Downloaded https://repo.maven.apache.org/maven2/com/fasterxml/jackson/core/jackson-annotations/2.15.2/jackson-annotations-2.15.2.pom
2025-11-16 22:51:25,458 [Worker-9: Building] INFO  o.e.m.c.i.e.AbstractTransferListenerAdapter - Downloading https://repo.maven.apache.org/maven2/com/fasterxml/jackson/jackson-parent/2.15/jackson-parent-2.15.pom
2025-11-16 22:51:25,471 [Worker-9: Building] INFO  o.e.m.c.i.e.AbstractTransferListenerAdapter - Downloaded https://repo.maven.apache.org/maven2/com/fasterxml/jackson/jackson-parent/2.15/jackson-parent-2.15.pom
2025-11-16 22:51:25,517 [Worker-9: Building] INFO  o.e.m.c.i.e.AbstractTransferListenerAdapter - Downloading https://repo.maven.apache.org/maven2/com/fasterxml/oss-parent/50/oss-parent-50.pom
2025-11-16 22:51:25,535 [Worker-9: Building] INFO  o.e.m.c.i.e.AbstractTransferListenerAdapter - Downloaded https://repo.maven.apache.org/maven2/com/fasterxml/oss-parent/50/oss-parent-50.pom
2025-11-16 22:51:25,567 [Worker-9: Building] INFO  o.e.m.c.i.e.AbstractTransferListenerAdapter - Downloading https://repo.maven.apache.org/maven2/com/fasterxml/jackson/core/jackson-core/2.15.2/jackson-core-2.15.2.pom
2025-11-16 22:51:25,580 [Worker-9: Building] INFO  o.e.m.c.i.e.AbstractTransferListenerAdapter - Downloaded https://repo.maven.apache.org/maven2/com/fasterxml/jackson/core/jackson-core/2.15.2/jackson-core-2.15.2.pom
2025-11-16 22:51:25,614 [Worker-5: Updating Maven Dependencies] INFO  o.e.m.c.i.e.AbstractTransferListenerAdapter - Downloading https://repo.maven.apache.org/maven2/com/fasterxml/jackson/jackson-base/2.15.2/jackson-base-2.15.2.pom
2025-11-16 22:51:25,627 [Worker-5: Updating Maven Dependencies] INFO  o.e.m.c.i.e.AbstractTransferListenerAdapter - Downloaded https://repo.maven.apache.org/maven2/com/fasterxml/jackson/jackson-base/2.15.2/jackson-base-2.15.2.pom
2025-11-16 22:51:25,665 [Worker-5: Updating Maven Dependencies] INFO  o.e.m.c.i.e.AbstractTransferListenerAdapter - Downloading https://repo.maven.apache.org/maven2/com/fasterxml/jackson/jackson-bom/2.15.2/jackson-bom-2.15.2.pom
2025-11-16 22:51:25,678 [Worker-5: Updating Maven Dependencies] INFO  o.e.m.c.i.e.AbstractTransferListenerAdapter - Downloaded https://repo.maven.apache.org/maven2/com/fasterxml/jackson/jackson-bom/2.15.2/jackson-bom-2.15.2.pom
2025-11-16 22:51:25,712 [Worker-5: Updating Maven Dependencies] INFO  o.e.m.c.i.e.AbstractTransferListenerAdapter - Downloading https://repo.maven.apache.org/maven2/org/junit/junit-bom/5.9.2/junit-bom-5.9.2.pom
2025-11-16 22:51:25,723 [Worker-5: Updating Maven Dependencies] INFO  o.e.m.c.i.e.AbstractTransferListenerAdapter - Downloaded https://repo.maven.apache.org/maven2/org/junit/junit-bom/5.9.2/junit-bom-5.9.2.pom
2025-11-16 22:51:25,753 [Worker-5: Updating Maven Dependencies] INFO  o.e.m.c.i.e.AbstractTransferListenerAdapter - Downloading https://repo.maven.apache.org/maven2/com/fasterxml/jackson/core/jackson-databind/2.15.2/jackson-databind-2.15.2.pom
2025-11-16 22:51:25,767 [Worker-5: Updating Maven Dependencies] INFO  o.e.m.c.i.e.AbstractTransferListenerAdapter - Downloaded https://repo.maven.apache.org/maven2/com/fasterxml/jackson/core/jackson-databind/2.15.2/jackson-databind-2.15.2.pom
2025-11-16 22:51:25,803 [Worker-5: Updating Maven Dependencies] INFO  o.e.m.c.i.e.AbstractTransferListenerAdapter - Downloading https://repo.maven.apache.org/maven2/jakarta/servlet/jakarta.servlet-api/6.0.0/jakarta.servlet-api-6.0.0.pom
2025-11-16 22:51:25,818 [Worker-5: Updating Maven Dependencies] INFO  o.e.m.c.i.e.AbstractTransferListenerAdapter - Downloaded https://repo.maven.apache.org/maven2/jakarta/servlet/jakarta.servlet-api/6.0.0/jakarta.servlet-api-6.0.0.pom
2025-11-16 22:51:25,849 [Worker-9: Building] INFO  o.e.m.c.i.e.AbstractTransferListenerAdapter - Downloading https://repo.maven.apache.org/maven2/org/eclipse/ee4j/project/1.0.7/project-1.0.7.pom
2025-11-16 22:51:25,863 [Worker-9: Building] INFO  o.e.m.c.i.e.AbstractTransferListenerAdapter - Downloaded https://repo.maven.apache.org/maven2/org/eclipse/ee4j/project/1.0.7/project-1.0.7.pom
2025-11-16 22:51:25,904 [Worker-5: Updating Maven Dependencies] INFO  o.e.m.c.i.e.AbstractTransferListenerAdapter - Downloading https://repo.maven.apache.org/maven2/jakarta/security/auth/message/jakarta.security.auth.message-api/1.1.3/jakarta.security.auth.message-api-1.1.3.pom
2025-11-16 22:51:25,919 [Worker-5: Updating Maven Dependencies] INFO  o.e.m.c.i.e.AbstractTransferListenerAdapter - Downloaded https://repo.maven.apache.org/maven2/jakarta/security/auth/message/jakarta.security.auth.message-api/1.1.3/jakarta.security.auth.message-api-1.1.3.pom
2025-11-16 22:51:25,948 [Worker-9: Building] INFO  o.e.m.c.i.e.AbstractTransferListenerAdapter - Downloading https://repo.maven.apache.org/maven2/org/eclipse/ee4j/project/1.0.5/project-1.0.5.pom
2025-11-16 22:51:25,966 [Worker-9: Building] INFO  o.e.m.c.i.e.AbstractTransferListenerAdapter - Downloaded https://repo.maven.apache.org/maven2/org/eclipse/ee4j/project/1.0.5/project-1.0.5.pom
2025-11-16 22:51:26,005 [Worker-9: Building] INFO  o.e.m.c.i.e.AbstractTransferListenerAdapter - Downloading https://repo.maven.apache.org/maven2/io/swagger/core/v3/swagger-jaxrs2/2.2.3/swagger-jaxrs2-2.2.3.pom
2025-11-16 22:51:26,020 [Worker-9: Building] INFO  o.e.m.c.i.e.AbstractTransferListenerAdapter - Downloaded https://repo.maven.apache.org/maven2/io/swagger/core/v3/swagger-jaxrs2/2.2.3/swagger-jaxrs2-2.2.3.pom
2025-11-16 22:51:26,074 [Worker-5: Updating Maven Dependencies] INFO  o.e.m.c.i.e.AbstractTransferListenerAdapter - Downloading https://repo.maven.apache.org/maven2/io/swagger/core/v3/swagger-project/2.2.3/swagger-project-2.2.3.pom
2025-11-16 22:51:26,088 [Worker-5: Updating Maven Dependencies] INFO  o.e.m.c.i.e.AbstractTransferListenerAdapter - Downloaded https://repo.maven.apache.org/maven2/io/swagger/core/v3/swagger-project/2.2.3/swagger-project-2.2.3.pom
2025-11-16 22:51:26,138 [Worker-5: Updating Maven Dependencies] INFO  o.e.m.c.i.e.AbstractTransferListenerAdapter - Downloading https://repo.maven.apache.org/maven2/com/fasterxml/jackson/core/jackson-databind/2.13.3/jackson-databind-2.13.3.pom
2025-11-16 22:51:26,155 [Worker-5: Updating Maven Dependencies] INFO  o.e.m.c.i.e.AbstractTransferListenerAdapter - Downloaded https://repo.maven.apache.org/maven2/com/fasterxml/jackson/core/jackson-databind/2.13.3/jackson-databind-2.13.3.pom
2025-11-16 22:51:26,191 [Worker-9: Building] INFO  o.e.m.c.i.e.AbstractTransferListenerAdapter - Downloading https://repo.maven.apache.org/maven2/com/fasterxml/jackson/jackson-base/2.13.3/jackson-base-2.13.3.pom
2025-11-16 22:51:26,203 [Worker-9: Building] INFO  o.e.m.c.i.e.AbstractTransferListenerAdapter - Downloaded https://repo.maven.apache.org/maven2/com/fasterxml/jackson/jackson-base/2.13.3/jackson-base-2.13.3.pom
2025-11-16 22:51:26,234 [Worker-5: Updating Maven Dependencies] INFO  o.e.m.c.i.e.AbstractTransferListenerAdapter - Downloading https://repo.maven.apache.org/maven2/com/fasterxml/jackson/jackson-bom/2.13.3/jackson-bom-2.13.3.pom
2025-11-16 22:51:26,247 [Worker-5: Updating Maven Dependencies] INFO  o.e.m.c.i.e.AbstractTransferListenerAdapter - Downloaded https://repo.maven.apache.org/maven2/com/fasterxml/jackson/jackson-bom/2.13.3/jackson-bom-2.13.3.pom
2025-11-16 22:51:26,279 [Worker-5: Updating Maven Dependencies] INFO  o.e.m.c.i.e.AbstractTransferListenerAdapter - Downloading https://repo.maven.apache.org/maven2/com/fasterxml/jackson/jackson-parent/2.13/jackson-parent-2.13.pom
2025-11-16 22:51:26,291 [Worker-5: Updating Maven Dependencies] INFO  o.e.m.c.i.e.AbstractTransferListenerAdapter - Downloaded https://repo.maven.apache.org/maven2/com/fasterxml/jackson/jackson-parent/2.13/jackson-parent-2.13.pom
2025-11-16 22:51:26,317 [Worker-5: Updating Maven Dependencies] INFO  o.e.m.c.i.e.AbstractTransferListenerAdapter - Downloading https://repo.maven.apache.org/maven2/com/fasterxml/oss-parent/43/oss-parent-43.pom
2025-11-16 22:51:26,331 [Worker-5: Updating Maven Dependencies] INFO  o.e.m.c.i.e.AbstractTransferListenerAdapter - Downloaded https://repo.maven.apache.org/maven2/com/fasterxml/oss-parent/43/oss-parent-43.pom
2025-11-16 22:51:26,368 [Worker-9: Building] INFO  o.e.m.c.i.e.AbstractTransferListenerAdapter - Downloading https://repo.maven.apache.org/maven2/com/fasterxml/jackson/core/jackson-annotations/2.13.3/jackson-annotations-2.13.3.pom
2025-11-16 22:51:26,380 [Worker-9: Building] INFO  o.e.m.c.i.e.AbstractTransferListenerAdapter - Downloaded https://repo.maven.apache.org/maven2/com/fasterxml/jackson/core/jackson-annotations/2.13.3/jackson-annotations-2.13.3.pom
2025-11-16 22:51:26,410 [Worker-9: Building] INFO  o.e.m.c.i.e.AbstractTransferListenerAdapter - Downloading https://repo.maven.apache.org/maven2/com/fasterxml/jackson/core/jackson-core/2.13.3/jackson-core-2.13.3.pom
2025-11-16 22:51:26,427 [Worker-9: Building] INFO  o.e.m.c.i.e.AbstractTransferListenerAdapter - Downloaded https://repo.maven.apache.org/maven2/com/fasterxml/jackson/core/jackson-core/2.13.3/jackson-core-2.13.3.pom
2025-11-16 22:51:26,467 [Worker-9: Building] INFO  o.e.m.c.i.e.AbstractTransferListenerAdapter - Downloading https://repo.maven.apache.org/maven2/io/github/classgraph/classgraph/4.8.149/classgraph-4.8.149.pom
2025-11-16 22:51:26,481 [Worker-9: Building] INFO  o.e.m.c.i.e.AbstractTransferListenerAdapter - Downloaded https://repo.maven.apache.org/maven2/io/github/classgraph/classgraph/4.8.149/classgraph-4.8.149.pom
2025-11-16 22:51:26,520 [Worker-9: Building] INFO  o.e.m.c.i.e.AbstractTransferListenerAdapter - Downloading https://repo.maven.apache.org/maven2/org/javassist/javassist/3.25.0-GA/javassist-3.25.0-GA.pom
2025-11-16 22:51:26,537 [Worker-9: Building] INFO  o.e.m.c.i.e.AbstractTransferListenerAdapter - Downloaded https://repo.maven.apache.org/maven2/org/javassist/javassist/3.25.0-GA/javassist-3.25.0-GA.pom
2025-11-16 22:51:26,586 [Worker-9: Building] INFO  o.e.m.c.i.e.AbstractTransferListenerAdapter - Downloading https://repo.maven.apache.org/maven2/io/swagger/core/v3/swagger-models/2.2.3/swagger-models-2.2.3.pom
2025-11-16 22:51:26,598 [Worker-9: Building] INFO  o.e.m.c.i.e.AbstractTransferListenerAdapter - Downloaded https://repo.maven.apache.org/maven2/io/swagger/core/v3/swagger-models/2.2.3/swagger-models-2.2.3.pom
2025-11-16 22:51:26,624 [Worker-9: Building] INFO  o.e.m.c.i.e.AbstractTransferListenerAdapter - Downloading https://repo.maven.apache.org/maven2/io/swagger/core/v3/swagger-annotations/2.2.3/swagger-annotations-2.2.3.pom
2025-11-16 22:51:26,636 [Worker-9: Building] INFO  o.e.m.c.i.e.AbstractTransferListenerAdapter - Downloaded https://repo.maven.apache.org/maven2/io/swagger/core/v3/swagger-annotations/2.2.3/swagger-annotations-2.2.3.pom
2025-11-16 22:51:26,731 [Worker-9: Building] INFO  o.e.m.c.i.e.AbstractTransferListenerAdapter - Downloading https://repo.maven.apache.org/maven2/io/swagger/core/v3/swagger-integration/2.2.3/swagger-integration-2.2.3.pom
2025-11-16 22:51:26,744 [Worker-9: Building] INFO  o.e.m.c.i.e.AbstractTransferListenerAdapter - Downloaded https://repo.maven.apache.org/maven2/io/swagger/core/v3/swagger-integration/2.2.3/swagger-integration-2.2.3.pom
2025-11-16 22:51:26,777 [Worker-9: Building] INFO  o.e.m.c.i.e.AbstractTransferListenerAdapter - Downloading https://repo.maven.apache.org/maven2/io/swagger/core/v3/swagger-core/2.2.3/swagger-core-2.2.3.pom
2025-11-16 22:51:26,789 [Worker-9: Building] INFO  o.e.m.c.i.e.AbstractTransferListenerAdapter - Downloaded https://repo.maven.apache.org/maven2/io/swagger/core/v3/swagger-core/2.2.3/swagger-core-2.2.3.pom
2025-11-16 22:51:26,821 [Worker-9: Building] INFO  o.e.m.c.i.e.AbstractTransferListenerAdapter - Downloading https://repo.maven.apache.org/maven2/jakarta/xml/bind/jakarta.xml.bind-api/2.3.2/jakarta.xml.bind-api-2.3.2.pom
2025-11-16 22:51:26,833 [Worker-9: Building] INFO  o.e.m.c.i.e.AbstractTransferListenerAdapter - Downloaded https://repo.maven.apache.org/maven2/jakarta/xml/bind/jakarta.xml.bind-api/2.3.2/jakarta.xml.bind-api-2.3.2.pom
2025-11-16 22:51:26,863 [Worker-9: Building] INFO  o.e.m.c.i.e.AbstractTransferListenerAdapter - Downloading https://repo.maven.apache.org/maven2/jakarta/xml/bind/jakarta.xml.bind-api-parent/2.3.2/jakarta.xml.bind-api-parent-2.3.2.pom
2025-11-16 22:51:26,875 [Worker-9: Building] INFO  o.e.m.c.i.e.AbstractTransferListenerAdapter - Downloaded https://repo.maven.apache.org/maven2/jakarta/xml/bind/jakarta.xml.bind-api-parent/2.3.2/jakarta.xml.bind-api-parent-2.3.2.pom
2025-11-16 22:51:26,902 [Worker-9: Building] INFO  o.e.m.c.i.e.AbstractTransferListenerAdapter - Downloading https://repo.maven.apache.org/maven2/jakarta/activation/jakarta.activation-api/1.2.1/jakarta.activation-api-1.2.1.pom
2025-11-16 22:51:26,915 [Worker-9: Building] INFO  o.e.m.c.i.e.AbstractTransferListenerAdapter - Downloaded https://repo.maven.apache.org/maven2/jakarta/activation/jakarta.activation-api/1.2.1/jakarta.activation-api-1.2.1.pom
2025-11-16 22:51:26,959 [Worker-9: Building] INFO  o.e.m.c.i.e.AbstractTransferListenerAdapter - Downloading https://repo.maven.apache.org/maven2/com/sun/activation/all/1.2.1/all-1.2.1.pom
2025-11-16 22:51:26,973 [Worker-9: Building] INFO  o.e.m.c.i.e.AbstractTransferListenerAdapter - Downloaded https://repo.maven.apache.org/maven2/com/sun/activation/all/1.2.1/all-1.2.1.pom
2025-11-16 22:51:27,017 [Worker-5: Updating Maven Dependencies] INFO  o.e.m.c.i.e.AbstractTransferListenerAdapter - Downloading https://repo.maven.apache.org/maven2/org/eclipse/ee4j/project/1.0.2/project-1.0.2.pom
2025-11-16 22:51:27,032 [Worker-5: Updating Maven Dependencies] INFO  o.e.m.c.i.e.AbstractTransferListenerAdapter - Downloaded https://repo.maven.apache.org/maven2/org/eclipse/ee4j/project/1.0.2/project-1.0.2.pom
2025-11-16 22:51:27,064 [Worker-9: Building] INFO  o.e.m.c.i.e.AbstractTransferListenerAdapter - Downloading https://repo.maven.apache.org/maven2/org/apache/commons/commons-lang3/3.12.0/commons-lang3-3.12.0.pom
2025-11-16 22:51:27,082 [Worker-9: Building] INFO  o.e.m.c.i.e.AbstractTransferListenerAdapter - Downloaded https://repo.maven.apache.org/maven2/org/apache/commons/commons-lang3/3.12.0/commons-lang3-3.12.0.pom
2025-11-16 22:51:27,123 [Worker-9: Building] INFO  o.e.m.c.i.e.AbstractTransferListenerAdapter - Downloading https://repo.maven.apache.org/maven2/org/apache/commons/commons-parent/52/commons-parent-52.pom
2025-11-16 22:51:27,142 [Worker-9: Building] INFO  o.e.m.c.i.e.AbstractTransferListenerAdapter - Downloaded https://repo.maven.apache.org/maven2/org/apache/commons/commons-parent/52/commons-parent-52.pom
2025-11-16 22:51:27,176 [Worker-5: Updating Maven Dependencies] INFO  o.e.m.c.i.e.AbstractTransferListenerAdapter - Downloading https://repo.maven.apache.org/maven2/org/apache/apache/23/apache-23.pom
2025-11-16 22:51:27,194 [Worker-5: Updating Maven Dependencies] INFO  o.e.m.c.i.e.AbstractTransferListenerAdapter - Downloaded https://repo.maven.apache.org/maven2/org/apache/apache/23/apache-23.pom
2025-11-16 22:51:27,230 [Worker-5: Updating Maven Dependencies] INFO  o.e.m.c.i.e.AbstractTransferListenerAdapter - Downloading https://repo.maven.apache.org/maven2/org/junit/junit-bom/5.7.1/junit-bom-5.7.1.pom
2025-11-16 22:51:27,246 [Worker-5: Updating Maven Dependencies] INFO  o.e.m.c.i.e.AbstractTransferListenerAdapter - Downloaded https://repo.maven.apache.org/maven2/org/junit/junit-bom/5.7.1/junit-bom-5.7.1.pom
2025-11-16 22:51:27,285 [Worker-5: Updating Maven Dependencies] INFO  o.e.m.c.i.e.AbstractTransferListenerAdapter - Downloading https://repo.maven.apache.org/maven2/org/slf4j/slf4j-api/1.7.35/slf4j-api-1.7.35.pom
2025-11-16 22:51:27,302 [Worker-5: Updating Maven Dependencies] INFO  o.e.m.c.i.e.AbstractTransferListenerAdapter - Downloaded https://repo.maven.apache.org/maven2/org/slf4j/slf4j-api/1.7.35/slf4j-api-1.7.35.pom
2025-11-16 22:51:27,338 [Worker-5: Updating Maven Dependencies] INFO  o.e.m.c.i.e.AbstractTransferListenerAdapter - Downloading https://repo.maven.apache.org/maven2/org/slf4j/slf4j-parent/1.7.35/slf4j-parent-1.7.35.pom
2025-11-16 22:51:27,355 [Worker-5: Updating Maven Dependencies] INFO  o.e.m.c.i.e.AbstractTransferListenerAdapter - Downloaded https://repo.maven.apache.org/maven2/org/slf4j/slf4j-parent/1.7.35/slf4j-parent-1.7.35.pom
2025-11-16 22:51:27,387 [Worker-9: Building] INFO  o.e.m.c.i.e.AbstractTransferListenerAdapter - Downloading https://repo.maven.apache.org/maven2/com/fasterxml/jackson/dataformat/jackson-dataformat-yaml/2.13.3/jackson-dataformat-yaml-2.13.3.pom
2025-11-16 22:51:27,404 [Worker-9: Building] INFO  o.e.m.c.i.e.AbstractTransferListenerAdapter - Downloaded https://repo.maven.apache.org/maven2/com/fasterxml/jackson/dataformat/jackson-dataformat-yaml/2.13.3/jackson-dataformat-yaml-2.13.3.pom
2025-11-16 22:51:27,429 [Worker-9: Building] INFO  o.e.m.c.i.e.AbstractTransferListenerAdapter - Downloading https://repo.maven.apache.org/maven2/com/fasterxml/jackson/dataformat/jackson-dataformats-text/2.13.3/jackson-dataformats-text-2.13.3.pom
2025-11-16 22:51:27,443 [Worker-9: Building] INFO  o.e.m.c.i.e.AbstractTransferListenerAdapter - Downloaded https://repo.maven.apache.org/maven2/com/fasterxml/jackson/dataformat/jackson-dataformats-text/2.13.3/jackson-dataformats-text-2.13.3.pom
2025-11-16 22:51:27,466 [Worker-9: Building] INFO  o.e.m.c.i.e.AbstractTransferListenerAdapter - Downloading https://repo.maven.apache.org/maven2/org/yaml/snakeyaml/1.30/snakeyaml-1.30.pom
2025-11-16 22:51:27,480 [Worker-9: Building] INFO  o.e.m.c.i.e.AbstractTransferListenerAdapter - Downloaded https://repo.maven.apache.org/maven2/org/yaml/snakeyaml/1.30/snakeyaml-1.30.pom
2025-11-16 22:51:27,520 [Worker-9: Building] INFO  o.e.m.c.i.e.AbstractTransferListenerAdapter - Downloading https://repo.maven.apache.org/maven2/com/fasterxml/jackson/datatype/jackson-datatype-jsr310/2.13.3/jackson-datatype-jsr310-2.13.3.pom
2025-11-16 22:51:27,531 [Worker-9: Building] INFO  o.e.m.c.i.e.AbstractTransferListenerAdapter - Downloaded https://repo.maven.apache.org/maven2/com/fasterxml/jackson/datatype/jackson-datatype-jsr310/2.13.3/jackson-datatype-jsr310-2.13.3.pom
2025-11-16 22:51:27,557 [Worker-9: Building] INFO  o.e.m.c.i.e.AbstractTransferListenerAdapter - Downloading https://repo.maven.apache.org/maven2/com/fasterxml/jackson/module/jackson-modules-java8/2.13.3/jackson-modules-java8-2.13.3.pom
2025-11-16 22:51:27,569 [Worker-9: Building] INFO  o.e.m.c.i.e.AbstractTransferListenerAdapter - Downloaded https://repo.maven.apache.org/maven2/com/fasterxml/jackson/module/jackson-modules-java8/2.13.3/jackson-modules-java8-2.13.3.pom
2025-11-16 22:51:27,595 [Worker-9: Building] INFO  o.e.m.c.i.e.AbstractTransferListenerAdapter - Downloading https://repo.maven.apache.org/maven2/jakarta/validation/jakarta.validation-api/2.0.2/jakarta.validation-api-2.0.2.pom
2025-11-16 22:51:27,612 [Worker-9: Building] INFO  o.e.m.c.i.e.AbstractTransferListenerAdapter - Downloaded https://repo.maven.apache.org/maven2/jakarta/validation/jakarta.validation-api/2.0.2/jakarta.validation-api-2.0.2.pom
2025-11-16 22:51:27,646 [Worker-5: Updating Maven Dependencies] INFO  o.e.m.c.i.e.AbstractTransferListenerAdapter - Downloading https://repo.maven.apache.org/maven2/com/fasterxml/jackson/jaxrs/jackson-jaxrs-json-provider/2.13.3/jackson-jaxrs-json-provider-2.13.3.pom
2025-11-16 22:51:27,658 [Worker-5: Updating Maven Dependencies] INFO  o.e.m.c.i.e.AbstractTransferListenerAdapter - Downloaded https://repo.maven.apache.org/maven2/com/fasterxml/jackson/jaxrs/jackson-jaxrs-json-provider/2.13.3/jackson-jaxrs-json-provider-2.13.3.pom
2025-11-16 22:51:27,687 [Worker-5: Updating Maven Dependencies] INFO  o.e.m.c.i.e.AbstractTransferListenerAdapter - Downloading https://repo.maven.apache.org/maven2/com/fasterxml/jackson/jaxrs/jackson-jaxrs-providers/2.13.3/jackson-jaxrs-providers-2.13.3.pom
2025-11-16 22:51:27,703 [Worker-5: Updating Maven Dependencies] INFO  o.e.m.c.i.e.AbstractTransferListenerAdapter - Downloaded https://repo.maven.apache.org/maven2/com/fasterxml/jackson/jaxrs/jackson-jaxrs-providers/2.13.3/jackson-jaxrs-providers-2.13.3.pom
2025-11-16 22:51:27,732 [Worker-5: Updating Maven Dependencies] INFO  o.e.m.c.i.e.AbstractTransferListenerAdapter - Downloading https://repo.maven.apache.org/maven2/com/fasterxml/jackson/jaxrs/jackson-jaxrs-base/2.13.3/jackson-jaxrs-base-2.13.3.pom
2025-11-16 22:51:27,744 [Worker-5: Updating Maven Dependencies] INFO  o.e.m.c.i.e.AbstractTransferListenerAdapter - Downloaded https://repo.maven.apache.org/maven2/com/fasterxml/jackson/jaxrs/jackson-jaxrs-base/2.13.3/jackson-jaxrs-base-2.13.3.pom
2025-11-16 22:51:27,786 [Worker-5: Updating Maven Dependencies] INFO  o.e.m.c.i.e.AbstractTransferListenerAdapter - Downloading https://repo.maven.apache.org/maven2/com/fasterxml/jackson/module/jackson-module-jaxb-annotations/2.13.3/jackson-module-jaxb-annotations-2.13.3.pom
2025-11-16 22:51:27,799 [Worker-5: Updating Maven Dependencies] INFO  o.e.m.c.i.e.AbstractTransferListenerAdapter - Downloaded https://repo.maven.apache.org/maven2/com/fasterxml/jackson/module/jackson-module-jaxb-annotations/2.13.3/jackson-module-jaxb-annotations-2.13.3.pom
2025-11-16 22:51:27,828 [Worker-5: Updating Maven Dependencies] INFO  o.e.m.c.i.e.AbstractTransferListenerAdapter - Downloading https://repo.maven.apache.org/maven2/com/fasterxml/jackson/module/jackson-modules-base/2.13.3/jackson-modules-base-2.13.3.pom
2025-11-16 22:51:27,841 [Worker-5: Updating Maven Dependencies] INFO  o.e.m.c.i.e.AbstractTransferListenerAdapter - Downloaded https://repo.maven.apache.org/maven2/com/fasterxml/jackson/module/jackson-modules-base/2.13.3/jackson-modules-base-2.13.3.pom
2025-11-16 22:51:27,868 [Worker-5: Updating Maven Dependencies] INFO  o.e.m.c.i.e.AbstractTransferListenerAdapter - Downloading https://repo.maven.apache.org/maven2/jakarta/xml/bind/jakarta.xml.bind-api/2.3.3/jakarta.xml.bind-api-2.3.3.pom
2025-11-16 22:51:27,881 [Worker-5: Updating Maven Dependencies] INFO  o.e.m.c.i.e.AbstractTransferListenerAdapter - Downloaded https://repo.maven.apache.org/maven2/jakarta/xml/bind/jakarta.xml.bind-api/2.3.3/jakarta.xml.bind-api-2.3.3.pom
2025-11-16 22:51:27,911 [Worker-5: Updating Maven Dependencies] INFO  o.e.m.c.i.e.AbstractTransferListenerAdapter - Downloading https://repo.maven.apache.org/maven2/jakarta/xml/bind/jakarta.xml.bind-api-parent/2.3.3/jakarta.xml.bind-api-parent-2.3.3.pom
2025-11-16 22:51:27,924 [Worker-5: Updating Maven Dependencies] INFO  o.e.m.c.i.e.AbstractTransferListenerAdapter - Downloaded https://repo.maven.apache.org/maven2/jakarta/xml/bind/jakarta.xml.bind-api-parent/2.3.3/jakarta.xml.bind-api-parent-2.3.3.pom
2025-11-16 22:51:27,968 [Worker-5: Updating Maven Dependencies] INFO  o.e.m.c.i.e.AbstractTransferListenerAdapter - Downloading https://repo.maven.apache.org/maven2/org/eclipse/ee4j/project/1.0.6/project-1.0.6.pom
2025-11-16 22:51:27,987 [Worker-5: Updating Maven Dependencies] INFO  o.e.m.c.i.e.AbstractTransferListenerAdapter - Downloaded https://repo.maven.apache.org/maven2/org/eclipse/ee4j/project/1.0.6/project-1.0.6.pom
2025-11-16 22:51:28,024 [Worker-9: Building] INFO  o.e.m.c.i.e.AbstractTransferListenerAdapter - Downloading https://repo.maven.apache.org/maven2/jakarta/activation/jakarta.activation-api/1.2.2/jakarta.activation-api-1.2.2.pom
2025-11-16 22:51:28,038 [Worker-9: Building] INFO  o.e.m.c.i.e.AbstractTransferListenerAdapter - Downloaded https://repo.maven.apache.org/maven2/jakarta/activation/jakarta.activation-api/1.2.2/jakarta.activation-api-1.2.2.pom
2025-11-16 22:51:28,074 [Worker-9: Building] INFO  o.e.m.c.i.e.AbstractTransferListenerAdapter - Downloading https://repo.maven.apache.org/maven2/com/sun/activation/all/1.2.2/all-1.2.2.pom
2025-11-16 22:51:28,091 [Worker-9: Building] INFO  o.e.m.c.i.e.AbstractTransferListenerAdapter - Downloaded https://repo.maven.apache.org/maven2/com/sun/activation/all/1.2.2/all-1.2.2.pom
2025-11-16 22:51:28,128 [Worker-5: Updating Maven Dependencies] INFO  o.e.m.c.i.e.AbstractTransferListenerAdapter - Downloading https://repo.maven.apache.org/maven2/org/apache/tomcat/tomcat-catalina/10.1.14/tomcat-catalina-10.1.14.pom
2025-11-16 22:51:28,145 [Worker-5: Updating Maven Dependencies] INFO  o.e.m.c.i.e.AbstractTransferListenerAdapter - Downloaded https://repo.maven.apache.org/maven2/org/apache/tomcat/tomcat-catalina/10.1.14/tomcat-catalina-10.1.14.pom
2025-11-16 22:51:28,186 [Worker-5: Updating Maven Dependencies] INFO  o.e.m.c.i.e.AbstractTransferListenerAdapter - Downloading https://repo.maven.apache.org/maven2/org/apache/tomcat/tomcat-servlet-api/10.1.14/tomcat-servlet-api-10.1.14.pom
2025-11-16 22:51:28,203 [Worker-5: Updating Maven Dependencies] INFO  o.e.m.c.i.e.AbstractTransferListenerAdapter - Downloaded https://repo.maven.apache.org/maven2/org/apache/tomcat/tomcat-servlet-api/10.1.14/tomcat-servlet-api-10.1.14.pom
2025-11-16 22:51:28,234 [Worker-5: Updating Maven Dependencies] INFO  o.e.m.c.i.e.AbstractTransferListenerAdapter - Downloading https://repo.maven.apache.org/maven2/org/apache/tomcat/tomcat-jsp-api/10.1.14/tomcat-jsp-api-10.1.14.pom
2025-11-16 22:51:28,249 [Worker-5: Updating Maven Dependencies] INFO  o.e.m.c.i.e.AbstractTransferListenerAdapter - Downloaded https://repo.maven.apache.org/maven2/org/apache/tomcat/tomcat-jsp-api/10.1.14/tomcat-jsp-api-10.1.14.pom
2025-11-16 22:51:28,282 [Worker-5: Updating Maven Dependencies] INFO  o.e.m.c.i.e.AbstractTransferListenerAdapter - Downloading https://repo.maven.apache.org/maven2/org/apache/tomcat/tomcat-el-api/10.1.14/tomcat-el-api-10.1.14.pom
2025-11-16 22:51:28,294 [Worker-5: Updating Maven Dependencies] INFO  o.e.m.c.i.e.AbstractTransferListenerAdapter - Downloaded https://repo.maven.apache.org/maven2/org/apache/tomcat/tomcat-el-api/10.1.14/tomcat-el-api-10.1.14.pom
2025-11-16 22:51:28,339 [Worker-5: Updating Maven Dependencies] INFO  o.e.m.c.i.e.AbstractTransferListenerAdapter - Downloading https://repo.maven.apache.org/maven2/org/apache/tomcat/tomcat-juli/10.1.14/tomcat-juli-10.1.14.pom
2025-11-16 22:51:28,355 [Worker-5: Updating Maven Dependencies] INFO  o.e.m.c.i.e.AbstractTransferListenerAdapter - Downloaded https://repo.maven.apache.org/maven2/org/apache/tomcat/tomcat-juli/10.1.14/tomcat-juli-10.1.14.pom
2025-11-16 22:51:28,379 [Worker-5: Updating Maven Dependencies] INFO  o.e.m.c.i.e.AbstractTransferListenerAdapter - Downloading https://repo.maven.apache.org/maven2/org/apache/tomcat/tomcat-annotations-api/10.1.14/tomcat-annotations-api-10.1.14.pom
2025-11-16 22:51:28,393 [Worker-5: Updating Maven Dependencies] INFO  o.e.m.c.i.e.AbstractTransferListenerAdapter - Downloaded https://repo.maven.apache.org/maven2/org/apache/tomcat/tomcat-annotations-api/10.1.14/tomcat-annotations-api-10.1.14.pom
2025-11-16 22:51:28,418 [Worker-5: Updating Maven Dependencies] INFO  o.e.m.c.i.e.AbstractTransferListenerAdapter - Downloading https://repo.maven.apache.org/maven2/org/apache/tomcat/tomcat-api/10.1.14/tomcat-api-10.1.14.pom
2025-11-16 22:51:28,430 [Worker-5: Updating Maven Dependencies] INFO  o.e.m.c.i.e.AbstractTransferListenerAdapter - Downloaded https://repo.maven.apache.org/maven2/org/apache/tomcat/tomcat-api/10.1.14/tomcat-api-10.1.14.pom
2025-11-16 22:51:28,466 [Worker-5: Updating Maven Dependencies] INFO  o.e.m.c.i.e.AbstractTransferListenerAdapter - Downloading https://repo.maven.apache.org/maven2/org/apache/tomcat/tomcat-jni/10.1.14/tomcat-jni-10.1.14.pom
2025-11-16 22:51:28,478 [Worker-5: Updating Maven Dependencies] INFO  o.e.m.c.i.e.AbstractTransferListenerAdapter - Downloaded https://repo.maven.apache.org/maven2/org/apache/tomcat/tomcat-jni/10.1.14/tomcat-jni-10.1.14.pom
2025-11-16 22:51:28,503 [Worker-5: Updating Maven Dependencies] INFO  o.e.m.c.i.e.AbstractTransferListenerAdapter - Downloading https://repo.maven.apache.org/maven2/org/apache/tomcat/tomcat-coyote/10.1.14/tomcat-coyote-10.1.14.pom
2025-11-16 22:51:28,517 [Worker-5: Updating Maven Dependencies] INFO  o.e.m.c.i.e.AbstractTransferListenerAdapter - Downloaded https://repo.maven.apache.org/maven2/org/apache/tomcat/tomcat-coyote/10.1.14/tomcat-coyote-10.1.14.pom
2025-11-16 22:51:28,543 [Worker-5: Updating Maven Dependencies] INFO  o.e.m.c.i.e.AbstractTransferListenerAdapter - Downloading https://repo.maven.apache.org/maven2/org/apache/tomcat/tomcat-util/10.1.14/tomcat-util-10.1.14.pom
2025-11-16 22:51:28,555 [Worker-5: Updating Maven Dependencies] INFO  o.e.m.c.i.e.AbstractTransferListenerAdapter - Downloaded https://repo.maven.apache.org/maven2/org/apache/tomcat/tomcat-util/10.1.14/tomcat-util-10.1.14.pom
2025-11-16 22:51:28,608 [Worker-5: Updating Maven Dependencies] INFO  o.e.m.c.i.e.AbstractTransferListenerAdapter - Downloading https://repo.maven.apache.org/maven2/org/apache/tomcat/tomcat-util-scan/10.1.14/tomcat-util-scan-10.1.14.pom
2025-11-16 22:51:28,620 [Worker-5: Updating Maven Dependencies] INFO  o.e.m.c.i.e.AbstractTransferListenerAdapter - Downloaded https://repo.maven.apache.org/maven2/org/apache/tomcat/tomcat-util-scan/10.1.14/tomcat-util-scan-10.1.14.pom
2025-11-16 22:51:28,657 [Worker-5: Updating Maven Dependencies] INFO  o.e.m.c.i.e.AbstractTransferListenerAdapter - Downloading https://repo.maven.apache.org/maven2/org/apache/tomcat/tomcat-jaspic-api/10.1.14/tomcat-jaspic-api-10.1.14.pom
2025-11-16 22:51:28,667 [Worker-5: Updating Maven Dependencies] INFO  o.e.m.c.i.e.AbstractTransferListenerAdapter - Downloaded https://repo.maven.apache.org/maven2/org/apache/tomcat/tomcat-jaspic-api/10.1.14/tomcat-jaspic-api-10.1.14.pom
2025-11-16 22:51:28,704 [Worker-5: Updating Maven Dependencies] INFO  o.e.m.c.i.e.AbstractTransferListenerAdapter - Downloading https://repo.maven.apache.org/maven2/io/jsonwebtoken/jjwt-api/0.11.5/jjwt-api-0.11.5.jar
2025-11-16 22:51:28,726 [Worker-5: Updating Maven Dependencies] INFO  o.e.m.c.i.e.AbstractTransferListenerAdapter - Downloaded https://repo.maven.apache.org/maven2/io/jsonwebtoken/jjwt-api/0.11.5/jjwt-api-0.11.5.jar
2025-11-16 22:51:28,770 [BasicRepositoryConnector-repo.maven.apache.org-1-2] INFO  o.e.m.c.i.e.AbstractTransferListenerAdapter - Downloading https://repo.maven.apache.org/maven2/com/mysql/mysql-connector-j/8.4.0/mysql-connector-j-8.4.0.jar
2025-11-16 22:51:28,776 [BasicRepositoryConnector-repo.maven.apache.org-1-0] INFO  o.e.m.c.i.e.AbstractTransferListenerAdapter - Downloading https://repo.maven.apache.org/maven2/io/jsonwebtoken/jjwt-impl/0.11.5/jjwt-impl-0.11.5.jar
2025-11-16 22:51:28,782 [BasicRepositoryConnector-repo.maven.apache.org-1-1] INFO  o.e.m.c.i.e.AbstractTransferListenerAdapter - Downloading https://repo.maven.apache.org/maven2/io/jsonwebtoken/jjwt-jackson/0.11.5/jjwt-jackson-0.11.5.jar
2025-11-16 22:51:28,783 [BasicRepositoryConnector-repo.maven.apache.org-1-4] INFO  o.e.m.c.i.e.AbstractTransferListenerAdapter - Downloading https://repo.maven.apache.org/maven2/com/fasterxml/jackson/core/jackson-annotations/2.15.2/jackson-annotations-2.15.2.jar
2025-11-16 22:51:28,798 [BasicRepositoryConnector-repo.maven.apache.org-1-0] INFO  o.e.m.c.i.e.AbstractTransferListenerAdapter - Downloaded https://repo.maven.apache.org/maven2/io/jsonwebtoken/jjwt-impl/0.11.5/jjwt-impl-0.11.5.jar
2025-11-16 22:51:28,799 [BasicRepositoryConnector-repo.maven.apache.org-1-3] INFO  o.e.m.c.i.e.AbstractTransferListenerAdapter - Downloading https://repo.maven.apache.org/maven2/com/google/protobuf/protobuf-java/3.25.1/protobuf-java-3.25.1.jar
2025-11-16 22:51:28,820 [BasicRepositoryConnector-repo.maven.apache.org-1-4] INFO  o.e.m.c.i.e.AbstractTransferListenerAdapter - Downloaded https://repo.maven.apache.org/maven2/com/fasterxml/jackson/core/jackson-annotations/2.15.2/jackson-annotations-2.15.2.jar
2025-11-16 22:51:28,845 [BasicRepositoryConnector-repo.maven.apache.org-1-0] INFO  o.e.m.c.i.e.AbstractTransferListenerAdapter - Downloading https://repo.maven.apache.org/maven2/com/fasterxml/jackson/core/jackson-core/2.15.2/jackson-core-2.15.2.jar
2025-11-16 22:51:28,858 [BasicRepositoryConnector-repo.maven.apache.org-1-1] INFO  o.e.m.c.i.e.AbstractTransferListenerAdapter - Downloaded https://repo.maven.apache.org/maven2/io/jsonwebtoken/jjwt-jackson/0.11.5/jjwt-jackson-0.11.5.jar
2025-11-16 22:51:28,870 [BasicRepositoryConnector-repo.maven.apache.org-1-4] INFO  o.e.m.c.i.e.AbstractTransferListenerAdapter - Downloading https://repo.maven.apache.org/maven2/com/fasterxml/jackson/core/jackson-databind/2.15.2/jackson-databind-2.15.2.jar
2025-11-16 22:51:28,961 [BasicRepositoryConnector-repo.maven.apache.org-1-1] INFO  o.e.m.c.i.e.AbstractTransferListenerAdapter - Downloading https://repo.maven.apache.org/maven2/jakarta/servlet/jakarta.servlet-api/6.0.0/jakarta.servlet-api-6.0.0.jar
2025-11-16 22:51:29,054 [BasicRepositoryConnector-repo.maven.apache.org-1-1] INFO  o.e.m.c.i.e.AbstractTransferListenerAdapter - Downloaded https://repo.maven.apache.org/maven2/jakarta/servlet/jakarta.servlet-api/6.0.0/jakarta.servlet-api-6.0.0.jar
2025-11-16 22:51:29,117 [BasicRepositoryConnector-repo.maven.apache.org-1-1] INFO  o.e.m.c.i.e.AbstractTransferListenerAdapter - Downloading https://repo.maven.apache.org/maven2/jakarta/security/auth/message/jakarta.security.auth.message-api/1.1.3/jakarta.security.auth.message-api-1.1.3.jar
2025-11-16 22:51:29,232 [BasicRepositoryConnector-repo.maven.apache.org-1-0] INFO  o.e.m.c.i.e.AbstractTransferListenerAdapter - Downloaded https://repo.maven.apache.org/maven2/com/fasterxml/jackson/core/jackson-core/2.15.2/jackson-core-2.15.2.jar
2025-11-16 22:51:29,266 [BasicRepositoryConnector-repo.maven.apache.org-1-4] INFO  o.e.m.c.i.e.AbstractTransferListenerAdapter - Downloaded https://repo.maven.apache.org/maven2/com/fasterxml/jackson/core/jackson-databind/2.15.2/jackson-databind-2.15.2.jar
2025-11-16 22:51:29,290 [BasicRepositoryConnector-repo.maven.apache.org-1-0] INFO  o.e.m.c.i.e.AbstractTransferListenerAdapter - Downloading https://repo.maven.apache.org/maven2/io/swagger/core/v3/swagger-jaxrs2/2.2.3/swagger-jaxrs2-2.2.3.jar
2025-11-16 22:51:29,296 [BasicRepositoryConnector-repo.maven.apache.org-1-4] INFO  o.e.m.c.i.e.AbstractTransferListenerAdapter - Downloading https://repo.maven.apache.org/maven2/io/github/classgraph/classgraph/4.8.149/classgraph-4.8.149.jar
2025-11-16 22:51:29,351 [BasicRepositoryConnector-repo.maven.apache.org-1-0] INFO  o.e.m.c.i.e.AbstractTransferListenerAdapter - Downloaded https://repo.maven.apache.org/maven2/io/swagger/core/v3/swagger-jaxrs2/2.2.3/swagger-jaxrs2-2.2.3.jar
2025-11-16 22:51:29,389 [BasicRepositoryConnector-repo.maven.apache.org-1-3] INFO  o.e.m.c.i.e.AbstractTransferListenerAdapter - Downloaded https://repo.maven.apache.org/maven2/com/google/protobuf/protobuf-java/3.25.1/protobuf-java-3.25.1.jar
2025-11-16 22:51:29,396 [BasicRepositoryConnector-repo.maven.apache.org-1-0] INFO  o.e.m.c.i.e.AbstractTransferListenerAdapter - Downloading https://repo.maven.apache.org/maven2/org/javassist/javassist/3.25.0-GA/javassist-3.25.0-GA.jar
2025-11-16 22:51:29,410 [BasicRepositoryConnector-repo.maven.apache.org-1-4] INFO  o.e.m.c.i.e.AbstractTransferListenerAdapter - Downloaded https://repo.maven.apache.org/maven2/io/github/classgraph/classgraph/4.8.149/classgraph-4.8.149.jar
2025-11-16 22:51:29,418 [BasicRepositoryConnector-repo.maven.apache.org-1-3] INFO  o.e.m.c.i.e.AbstractTransferListenerAdapter - Downloading https://repo.maven.apache.org/maven2/io/swagger/core/v3/swagger-models/2.2.3/swagger-models-2.2.3.jar
2025-11-16 22:51:29,451 [BasicRepositoryConnector-repo.maven.apache.org-1-4] INFO  o.e.m.c.i.e.AbstractTransferListenerAdapter - Downloading https://repo.maven.apache.org/maven2/com/fasterxml/jackson/jaxrs/jackson-jaxrs-json-provider/2.13.3/jackson-jaxrs-json-provider-2.13.3.jar
2025-11-16 22:51:29,458 [BasicRepositoryConnector-repo.maven.apache.org-1-3] INFO  o.e.m.c.i.e.AbstractTransferListenerAdapter - Downloaded https://repo.maven.apache.org/maven2/io/swagger/core/v3/swagger-models/2.2.3/swagger-models-2.2.3.jar
2025-11-16 22:51:29,492 [BasicRepositoryConnector-repo.maven.apache.org-1-3] INFO  o.e.m.c.i.e.AbstractTransferListenerAdapter - Downloading https://repo.maven.apache.org/maven2/com/fasterxml/jackson/jaxrs/jackson-jaxrs-base/2.13.3/jackson-jaxrs-base-2.13.3.jar
2025-11-16 22:51:29,521 [BasicRepositoryConnector-repo.maven.apache.org-1-2] INFO  o.e.m.c.i.e.AbstractTransferListenerAdapter - Downloaded https://repo.maven.apache.org/maven2/com/mysql/mysql-connector-j/8.4.0/mysql-connector-j-8.4.0.jar
2025-11-16 22:51:29,553 [BasicRepositoryConnector-repo.maven.apache.org-1-2] INFO  o.e.m.c.i.e.AbstractTransferListenerAdapter - Downloading https://repo.maven.apache.org/maven2/com/fasterxml/jackson/module/jackson-module-jaxb-annotations/2.13.3/jackson-module-jaxb-annotations-2.13.3.jar
2025-11-16 22:51:29,559 [BasicRepositoryConnector-repo.maven.apache.org-1-1] INFO  o.e.m.c.i.e.AbstractTransferListenerAdapter - Downloaded https://repo.maven.apache.org/maven2/jakarta/security/auth/message/jakarta.security.auth.message-api/1.1.3/jakarta.security.auth.message-api-1.1.3.jar
2025-11-16 22:51:29,568 [BasicRepositoryConnector-repo.maven.apache.org-1-0] INFO  o.e.m.c.i.e.AbstractTransferListenerAdapter - Downloaded https://repo.maven.apache.org/maven2/org/javassist/javassist/3.25.0-GA/javassist-3.25.0-GA.jar
2025-11-16 22:51:29,587 [BasicRepositoryConnector-repo.maven.apache.org-1-1] INFO  o.e.m.c.i.e.AbstractTransferListenerAdapter - Downloading https://repo.maven.apache.org/maven2/jakarta/activation/jakarta.activation-api/1.2.1/jakarta.activation-api-1.2.1.jar
2025-11-16 22:51:29,606 [BasicRepositoryConnector-repo.maven.apache.org-1-4] INFO  o.e.m.c.i.e.AbstractTransferListenerAdapter - Downloaded https://repo.maven.apache.org/maven2/com/fasterxml/jackson/jaxrs/jackson-jaxrs-json-provider/2.13.3/jackson-jaxrs-json-provider-2.13.3.jar
2025-11-16 22:51:29,606 [BasicRepositoryConnector-repo.maven.apache.org-1-0] INFO  o.e.m.c.i.e.AbstractTransferListenerAdapter - Downloading https://repo.maven.apache.org/maven2/io/swagger/core/v3/swagger-integration/2.2.3/swagger-integration-2.2.3.jar
2025-11-16 22:51:29,643 [BasicRepositoryConnector-repo.maven.apache.org-1-4] INFO  o.e.m.c.i.e.AbstractTransferListenerAdapter - Downloading https://repo.maven.apache.org/maven2/io/swagger/core/v3/swagger-core/2.2.3/swagger-core-2.2.3.jar
2025-11-16 22:51:29,689 [BasicRepositoryConnector-repo.maven.apache.org-1-4] INFO  o.e.m.c.i.e.AbstractTransferListenerAdapter - Downloaded https://repo.maven.apache.org/maven2/io/swagger/core/v3/swagger-core/2.2.3/swagger-core-2.2.3.jar
2025-11-16 22:51:29,698 [BasicRepositoryConnector-repo.maven.apache.org-1-3] INFO  o.e.m.c.i.e.AbstractTransferListenerAdapter - Downloaded https://repo.maven.apache.org/maven2/com/fasterxml/jackson/jaxrs/jackson-jaxrs-base/2.13.3/jackson-jaxrs-base-2.13.3.jar
2025-11-16 22:51:29,722 [BasicRepositoryConnector-repo.maven.apache.org-1-4] INFO  o.e.m.c.i.e.AbstractTransferListenerAdapter - Downloading https://repo.maven.apache.org/maven2/jakarta/xml/bind/jakarta.xml.bind-api/2.3.2/jakarta.xml.bind-api-2.3.2.jar
2025-11-16 22:51:29,727 [BasicRepositoryConnector-repo.maven.apache.org-1-3] INFO  o.e.m.c.i.e.AbstractTransferListenerAdapter - Downloading https://repo.maven.apache.org/maven2/org/apache/commons/commons-lang3/3.12.0/commons-lang3-3.12.0.jar
2025-11-16 22:51:29,755 [BasicRepositoryConnector-repo.maven.apache.org-1-4] INFO  o.e.m.c.i.e.AbstractTransferListenerAdapter - Downloaded https://repo.maven.apache.org/maven2/jakarta/xml/bind/jakarta.xml.bind-api/2.3.2/jakarta.xml.bind-api-2.3.2.jar
2025-11-16 22:51:29,756 [BasicRepositoryConnector-repo.maven.apache.org-1-2] INFO  o.e.m.c.i.e.AbstractTransferListenerAdapter - Downloaded https://repo.maven.apache.org/maven2/com/fasterxml/jackson/module/jackson-module-jaxb-annotations/2.13.3/jackson-module-jaxb-annotations-2.13.3.jar
2025-11-16 22:51:29,792 [BasicRepositoryConnector-repo.maven.apache.org-1-2] INFO  o.e.m.c.i.e.AbstractTransferListenerAdapter - Downloading https://repo.maven.apache.org/maven2/com/fasterxml/jackson/dataformat/jackson-dataformat-yaml/2.13.3/jackson-dataformat-yaml-2.13.3.jar
2025-11-16 22:51:29,799 [BasicRepositoryConnector-repo.maven.apache.org-1-4] INFO  o.e.m.c.i.e.AbstractTransferListenerAdapter - Downloading https://repo.maven.apache.org/maven2/org/slf4j/slf4j-api/1.7.35/slf4j-api-1.7.35.jar
2025-11-16 22:51:29,806 [BasicRepositoryConnector-repo.maven.apache.org-1-3] INFO  o.e.m.c.i.e.AbstractTransferListenerAdapter - Downloaded https://repo.maven.apache.org/maven2/org/apache/commons/commons-lang3/3.12.0/commons-lang3-3.12.0.jar
2025-11-16 22:51:29,814 [BasicRepositoryConnector-repo.maven.apache.org-1-2] INFO  o.e.m.c.i.e.AbstractTransferListenerAdapter - Downloaded https://repo.maven.apache.org/maven2/com/fasterxml/jackson/dataformat/jackson-dataformat-yaml/2.13.3/jackson-dataformat-yaml-2.13.3.jar
2025-11-16 22:51:29,839 [BasicRepositoryConnector-repo.maven.apache.org-1-3] INFO  o.e.m.c.i.e.AbstractTransferListenerAdapter - Downloading https://repo.maven.apache.org/maven2/org/yaml/snakeyaml/1.30/snakeyaml-1.30.jar
2025-11-16 22:51:29,847 [BasicRepositoryConnector-repo.maven.apache.org-1-0] INFO  o.e.m.c.i.e.AbstractTransferListenerAdapter - Downloaded https://repo.maven.apache.org/maven2/io/swagger/core/v3/swagger-integration/2.2.3/swagger-integration-2.2.3.jar
2025-11-16 22:51:29,853 [BasicRepositoryConnector-repo.maven.apache.org-1-2] INFO  o.e.m.c.i.e.AbstractTransferListenerAdapter - Downloading https://repo.maven.apache.org/maven2/com/fasterxml/jackson/datatype/jackson-datatype-jsr310/2.13.3/jackson-datatype-jsr310-2.13.3.jar
2025-11-16 22:51:29,862 [BasicRepositoryConnector-repo.maven.apache.org-1-1] INFO  o.e.m.c.i.e.AbstractTransferListenerAdapter - Downloaded https://repo.maven.apache.org/maven2/jakarta/activation/jakarta.activation-api/1.2.1/jakarta.activation-api-1.2.1.jar
2025-11-16 22:51:29,897 [BasicRepositoryConnector-repo.maven.apache.org-1-2] INFO  o.e.m.c.i.e.AbstractTransferListenerAdapter - Downloaded https://repo.maven.apache.org/maven2/com/fasterxml/jackson/datatype/jackson-datatype-jsr310/2.13.3/jackson-datatype-jsr310-2.13.3.jar
2025-11-16 22:51:29,899 [BasicRepositoryConnector-repo.maven.apache.org-1-0] INFO  o.e.m.c.i.e.AbstractTransferListenerAdapter - Downloading https://repo.maven.apache.org/maven2/jakarta/validation/jakarta.validation-api/2.0.2/jakarta.validation-api-2.0.2.jar
2025-11-16 22:51:29,913 [BasicRepositoryConnector-repo.maven.apache.org-1-1] INFO  o.e.m.c.i.e.AbstractTransferListenerAdapter - Downloading https://repo.maven.apache.org/maven2/io/swagger/core/v3/swagger-annotations/2.2.3/swagger-annotations-2.2.3.jar
2025-11-16 22:51:29,931 [BasicRepositoryConnector-repo.maven.apache.org-1-2] INFO  o.e.m.c.i.e.AbstractTransferListenerAdapter - Downloading https://repo.maven.apache.org/maven2/org/apache/tomcat/tomcat-catalina/10.1.14/tomcat-catalina-10.1.14.jar
2025-11-16 22:51:29,933 [BasicRepositoryConnector-repo.maven.apache.org-1-3] INFO  o.e.m.c.i.e.AbstractTransferListenerAdapter - Downloaded https://repo.maven.apache.org/maven2/org/yaml/snakeyaml/1.30/snakeyaml-1.30.jar
2025-11-16 22:51:29,937 [BasicRepositoryConnector-repo.maven.apache.org-1-0] INFO  o.e.m.c.i.e.AbstractTransferListenerAdapter - Downloaded https://repo.maven.apache.org/maven2/jakarta/validation/jakarta.validation-api/2.0.2/jakarta.validation-api-2.0.2.jar
2025-11-16 22:51:29,969 [BasicRepositoryConnector-repo.maven.apache.org-1-3] INFO  o.e.m.c.i.e.AbstractTransferListenerAdapter - Downloading https://repo.maven.apache.org/maven2/org/apache/tomcat/tomcat-servlet-api/10.1.14/tomcat-servlet-api-10.1.14.jar
2025-11-16 22:51:29,992 [BasicRepositoryConnector-repo.maven.apache.org-1-0] INFO  o.e.m.c.i.e.AbstractTransferListenerAdapter - Downloading https://repo.maven.apache.org/maven2/org/apache/tomcat/tomcat-jsp-api/10.1.14/tomcat-jsp-api-10.1.14.jar
2025-11-16 22:51:30,036 [BasicRepositoryConnector-repo.maven.apache.org-1-0] INFO  o.e.m.c.i.e.AbstractTransferListenerAdapter - Downloaded https://repo.maven.apache.org/maven2/org/apache/tomcat/tomcat-jsp-api/10.1.14/tomcat-jsp-api-10.1.14.jar
2025-11-16 22:51:30,046 [BasicRepositoryConnector-repo.maven.apache.org-1-4] INFO  o.e.m.c.i.e.AbstractTransferListenerAdapter - Downloaded https://repo.maven.apache.org/maven2/org/slf4j/slf4j-api/1.7.35/slf4j-api-1.7.35.jar
2025-11-16 22:51:30,084 [BasicRepositoryConnector-repo.maven.apache.org-1-3] INFO  o.e.m.c.i.e.AbstractTransferListenerAdapter - Downloaded https://repo.maven.apache.org/maven2/org/apache/tomcat/tomcat-servlet-api/10.1.14/tomcat-servlet-api-10.1.14.jar
2025-11-16 22:51:30,085 [BasicRepositoryConnector-repo.maven.apache.org-1-4] INFO  o.e.m.c.i.e.AbstractTransferListenerAdapter - Downloading https://repo.maven.apache.org/maven2/org/apache/tomcat/tomcat-juli/10.1.14/tomcat-juli-10.1.14.jar
2025-11-16 22:51:30,103 [BasicRepositoryConnector-repo.maven.apache.org-1-0] INFO  o.e.m.c.i.e.AbstractTransferListenerAdapter - Downloading https://repo.maven.apache.org/maven2/org/apache/tomcat/tomcat-el-api/10.1.14/tomcat-el-api-10.1.14.jar
2025-11-16 22:51:30,130 [BasicRepositoryConnector-repo.maven.apache.org-1-3] INFO  o.e.m.c.i.e.AbstractTransferListenerAdapter - Downloading https://repo.maven.apache.org/maven2/org/apache/tomcat/tomcat-annotations-api/10.1.14/tomcat-annotations-api-10.1.14.jar
2025-11-16 22:51:30,142 [BasicRepositoryConnector-repo.maven.apache.org-1-0] INFO  o.e.m.c.i.e.AbstractTransferListenerAdapter - Downloaded https://repo.maven.apache.org/maven2/org/apache/tomcat/tomcat-el-api/10.1.14/tomcat-el-api-10.1.14.jar
2025-11-16 22:51:30,195 [BasicRepositoryConnector-repo.maven.apache.org-1-0] INFO  o.e.m.c.i.e.AbstractTransferListenerAdapter - Downloading https://repo.maven.apache.org/maven2/org/apache/tomcat/tomcat-api/10.1.14/tomcat-api-10.1.14.jar
2025-11-16 22:51:30,247 [BasicRepositoryConnector-repo.maven.apache.org-1-1] INFO  o.e.m.c.i.e.AbstractTransferListenerAdapter - Downloaded https://repo.maven.apache.org/maven2/io/swagger/core/v3/swagger-annotations/2.2.3/swagger-annotations-2.2.3.jar
2025-11-16 22:51:30,282 [BasicRepositoryConnector-repo.maven.apache.org-1-3] INFO  o.e.m.c.i.e.AbstractTransferListenerAdapter - Downloaded https://repo.maven.apache.org/maven2/org/apache/tomcat/tomcat-annotations-api/10.1.14/tomcat-annotations-api-10.1.14.jar
2025-11-16 22:51:30,305 [BasicRepositoryConnector-repo.maven.apache.org-1-0] INFO  o.e.m.c.i.e.AbstractTransferListenerAdapter - Downloaded https://repo.maven.apache.org/maven2/org/apache/tomcat/tomcat-api/10.1.14/tomcat-api-10.1.14.jar
2025-11-16 22:51:30,319 [BasicRepositoryConnector-repo.maven.apache.org-1-1] INFO  o.e.m.c.i.e.AbstractTransferListenerAdapter - Downloading https://repo.maven.apache.org/maven2/org/apache/tomcat/tomcat-jni/10.1.14/tomcat-jni-10.1.14.jar
2025-11-16 22:51:30,323 [BasicRepositoryConnector-repo.maven.apache.org-1-4] INFO  o.e.m.c.i.e.AbstractTransferListenerAdapter - Downloaded https://repo.maven.apache.org/maven2/org/apache/tomcat/tomcat-juli/10.1.14/tomcat-juli-10.1.14.jar
2025-11-16 22:51:30,342 [BasicRepositoryConnector-repo.maven.apache.org-1-3] INFO  o.e.m.c.i.e.AbstractTransferListenerAdapter - Downloading https://repo.maven.apache.org/maven2/org/apache/tomcat/tomcat-coyote/10.1.14/tomcat-coyote-10.1.14.jar
2025-11-16 22:51:30,351 [BasicRepositoryConnector-repo.maven.apache.org-1-0] INFO  o.e.m.c.i.e.AbstractTransferListenerAdapter - Downloading https://repo.maven.apache.org/maven2/org/apache/tomcat/tomcat-util/10.1.14/tomcat-util-10.1.14.jar
2025-11-16 22:51:30,360 [BasicRepositoryConnector-repo.maven.apache.org-1-4] INFO  o.e.m.c.i.e.AbstractTransferListenerAdapter - Downloading https://repo.maven.apache.org/maven2/org/apache/tomcat/tomcat-util-scan/10.1.14/tomcat-util-scan-10.1.14.jar
2025-11-16 22:51:30,361 [BasicRepositoryConnector-repo.maven.apache.org-1-2] INFO  o.e.m.c.i.e.AbstractTransferListenerAdapter - Downloaded https://repo.maven.apache.org/maven2/org/apache/tomcat/tomcat-catalina/10.1.14/tomcat-catalina-10.1.14.jar
2025-11-16 22:51:30,405 [BasicRepositoryConnector-repo.maven.apache.org-1-2] INFO  o.e.m.c.i.e.AbstractTransferListenerAdapter - Downloading https://repo.maven.apache.org/maven2/org/apache/tomcat/tomcat-jaspic-api/10.1.14/tomcat-jaspic-api-10.1.14.jar
2025-11-16 22:51:30,415 [BasicRepositoryConnector-repo.maven.apache.org-1-0] INFO  o.e.m.c.i.e.AbstractTransferListenerAdapter - Downloaded https://repo.maven.apache.org/maven2/org/apache/tomcat/tomcat-util/10.1.14/tomcat-util-10.1.14.jar
2025-11-16 22:51:30,425 [BasicRepositoryConnector-repo.maven.apache.org-1-4] INFO  o.e.m.c.i.e.AbstractTransferListenerAdapter - Downloaded https://repo.maven.apache.org/maven2/org/apache/tomcat/tomcat-util-scan/10.1.14/tomcat-util-scan-10.1.14.jar
2025-11-16 22:51:30,442 [BasicRepositoryConnector-repo.maven.apache.org-1-1] INFO  o.e.m.c.i.e.AbstractTransferListenerAdapter - Downloaded https://repo.maven.apache.org/maven2/org/apache/tomcat/tomcat-jni/10.1.14/tomcat-jni-10.1.14.jar
2025-11-16 22:51:30,500 [BasicRepositoryConnector-repo.maven.apache.org-1-3] INFO  o.e.m.c.i.e.AbstractTransferListenerAdapter - Downloaded https://repo.maven.apache.org/maven2/org/apache/tomcat/tomcat-coyote/10.1.14/tomcat-coyote-10.1.14.jar
2025-11-16 22:51:30,656 [BasicRepositoryConnector-repo.maven.apache.org-1-2] INFO  o.e.m.c.i.e.AbstractTransferListenerAdapter - Downloaded https://repo.maven.apache.org/maven2/org/apache/tomcat/tomcat-jaspic-api/10.1.14/tomcat-jaspic-api-10.1.14.jar
2025-11-16 22:51:30,757 [Worker-9: Building] INFO  o.e.m.c.i.e.AbstractTransferListenerAdapter - Downloading https://repo.maven.apache.org/maven2/org/apache/maven/plugins/maven-war-plugin/3.3.2/maven-war-plugin-3.3.2.pom
2025-11-16 22:51:30,774 [Worker-9: Building] INFO  o.e.m.c.i.e.AbstractTransferListenerAdapter - Downloaded https://repo.maven.apache.org/maven2/org/apache/maven/plugins/maven-war-plugin/3.3.2/maven-war-plugin-3.3.2.pom
2025-11-16 22:51:30,809 [Worker-9: Building] INFO  o.e.m.c.i.e.AbstractTransferListenerAdapter - Downloading https://repo.maven.apache.org/maven2/org/apache/maven/plugins/maven-plugins/34/maven-plugins-34.pom
2025-11-16 22:51:30,823 [Worker-9: Building] INFO  o.e.m.c.i.e.AbstractTransferListenerAdapter - Downloaded https://repo.maven.apache.org/maven2/org/apache/maven/plugins/maven-plugins/34/maven-plugins-34.pom
2025-11-16 22:51:30,856 [Worker-9: Building] INFO  o.e.m.c.i.e.AbstractTransferListenerAdapter - Downloading https://repo.maven.apache.org/maven2/org/apache/maven/maven-parent/34/maven-parent-34.pom
2025-11-16 22:51:30,873 [Worker-9: Building] INFO  o.e.m.c.i.e.AbstractTransferListenerAdapter - Downloaded https://repo.maven.apache.org/maven2/org/apache/maven/maven-parent/34/maven-parent-34.pom
2025-11-16 22:51:30,928 [Worker-9: Building] INFO  o.e.m.c.i.e.AbstractTransferListenerAdapter - Downloading https://repo.maven.apache.org/maven2/org/apache/maven/plugins/maven-resources-plugin/3.3.1/maven-resources-plugin-3.3.1.pom
2025-11-16 22:51:30,942 [Worker-9: Building] INFO  o.e.m.c.i.e.AbstractTransferListenerAdapter - Downloaded https://repo.maven.apache.org/maven2/org/apache/maven/plugins/maven-resources-plugin/3.3.1/maven-resources-plugin-3.3.1.pom
2025-11-16 22:51:30,982 [Worker-9: Building] INFO  o.e.m.c.i.e.AbstractTransferListenerAdapter - Downloading https://repo.maven.apache.org/maven2/org/apache/maven/plugins/maven-plugins/39/maven-plugins-39.pom
2025-11-16 22:51:31,000 [Worker-9: Building] INFO  o.e.m.c.i.e.AbstractTransferListenerAdapter - Downloaded https://repo.maven.apache.org/maven2/org/apache/maven/plugins/maven-plugins/39/maven-plugins-39.pom
2025-11-16 22:51:31,030 [Worker-9: Building] INFO  o.e.m.c.i.e.AbstractTransferListenerAdapter - Downloading https://repo.maven.apache.org/maven2/org/apache/maven/maven-parent/39/maven-parent-39.pom
2025-11-16 22:51:31,044 [Worker-9: Building] INFO  o.e.m.c.i.e.AbstractTransferListenerAdapter - Downloaded https://repo.maven.apache.org/maven2/org/apache/maven/maven-parent/39/maven-parent-39.pom
2025-11-16 22:51:31,094 [Worker-9: Building] INFO  o.e.m.c.i.e.AbstractTransferListenerAdapter - Downloading https://repo.maven.apache.org/maven2/org/apache/apache/29/apache-29.pom
2025-11-16 22:51:31,112 [Worker-9: Building] INFO  o.e.m.c.i.e.AbstractTransferListenerAdapter - Downloaded https://repo.maven.apache.org/maven2/org/apache/apache/29/apache-29.pom
2025-11-16 22:51:31,152 [Worker-9: Building] INFO  o.e.m.c.i.e.AbstractTransferListenerAdapter - Downloading https://repo.maven.apache.org/maven2/org/apache/maven/plugins/maven-surefire-plugin/3.2.5/maven-surefire-plugin-3.2.5.pom
2025-11-16 22:51:31,163 [Worker-9: Building] INFO  o.e.m.c.i.e.AbstractTransferListenerAdapter - Downloaded https://repo.maven.apache.org/maven2/org/apache/maven/plugins/maven-surefire-plugin/3.2.5/maven-surefire-plugin-3.2.5.pom
2025-11-16 22:51:31,205 [Worker-9: Building] INFO  o.e.m.c.i.e.AbstractTransferListenerAdapter - Downloading https://repo.maven.apache.org/maven2/org/apache/maven/surefire/surefire/3.2.5/surefire-3.2.5.pom
2025-11-16 22:51:31,220 [Worker-9: Building] INFO  o.e.m.c.i.e.AbstractTransferListenerAdapter - Downloaded https://repo.maven.apache.org/maven2/org/apache/maven/surefire/surefire/3.2.5/surefire-3.2.5.pom
2025-11-16 22:51:31,250 [Worker-9: Building] INFO  o.e.m.c.i.e.AbstractTransferListenerAdapter - Downloading https://repo.maven.apache.org/maven2/org/apache/maven/maven-parent/41/maven-parent-41.pom
2025-11-16 22:51:31,263 [Worker-9: Building] INFO  o.e.m.c.i.e.AbstractTransferListenerAdapter - Downloaded https://repo.maven.apache.org/maven2/org/apache/maven/maven-parent/41/maven-parent-41.pom
2025-11-16 22:51:31,309 [Worker-9: Building] INFO  o.e.m.c.i.e.AbstractTransferListenerAdapter - Downloading https://repo.maven.apache.org/maven2/org/apache/apache/31/apache-31.pom
2025-11-16 22:51:31,327 [Worker-9: Building] INFO  o.e.m.c.i.e.AbstractTransferListenerAdapter - Downloaded https://repo.maven.apache.org/maven2/org/apache/apache/31/apache-31.pom
2025-11-16 22:51:31,370 [Worker-9: Building] INFO  o.e.m.c.i.e.AbstractTransferListenerAdapter - Downloading https://repo.maven.apache.org/maven2/org/junit/junit-bom/5.9.3/junit-bom-5.9.3.pom
2025-11-16 22:51:31,381 [Worker-9: Building] INFO  o.e.m.c.i.e.AbstractTransferListenerAdapter - Downloaded https://repo.maven.apache.org/maven2/org/junit/junit-bom/5.9.3/junit-bom-5.9.3.pom
2025-11-16 22:51:31,416 [Worker-9: Building] INFO  o.e.m.c.i.e.AbstractTransferListenerAdapter - Downloading https://repo.maven.apache.org/maven2/org/apache/maven/maven-plugin-api/3.1.0/maven-plugin-api-3.1.0.pom
2025-11-16 22:51:31,429 [Worker-9: Building] INFO  o.e.m.c.i.e.AbstractTransferListenerAdapter - Downloaded https://repo.maven.apache.org/maven2/org/apache/maven/maven-plugin-api/3.1.0/maven-plugin-api-3.1.0.pom
2025-11-16 22:51:31,469 [Worker-9: Building] INFO  o.e.m.c.i.e.AbstractTransferListenerAdapter - Downloading https://repo.maven.apache.org/maven2/org/apache/maven/maven/3.1.0/maven-3.1.0.pom
2025-11-16 22:51:31,492 [Worker-9: Building] INFO  o.e.m.c.i.e.AbstractTransferListenerAdapter - Downloaded https://repo.maven.apache.org/maven2/org/apache/maven/maven/3.1.0/maven-3.1.0.pom
2025-11-16 22:51:31,545 [Worker-9: Building] INFO  o.e.m.c.i.e.AbstractTransferListenerAdapter - Downloading https://repo.maven.apache.org/maven2/org/apache/maven/maven-model/3.1.0/maven-model-3.1.0.pom
2025-11-16 22:51:31,562 [Worker-9: Building] INFO  o.e.m.c.i.e.AbstractTransferListenerAdapter - Downloaded https://repo.maven.apache.org/maven2/org/apache/maven/maven-model/3.1.0/maven-model-3.1.0.pom
2025-11-16 22:51:31,589 [Worker-9: Building] INFO  o.e.m.c.i.e.AbstractTransferListenerAdapter - Downloading https://repo.maven.apache.org/maven2/org/codehaus/plexus/plexus-utils/3.0.10/plexus-utils-3.0.10.pom
2025-11-16 22:51:31,604 [Worker-9: Building] INFO  o.e.m.c.i.e.AbstractTransferListenerAdapter - Downloaded https://repo.maven.apache.org/maven2/org/codehaus/plexus/plexus-utils/3.0.10/plexus-utils-3.0.10.pom
2025-11-16 22:51:31,651 [Worker-9: Building] INFO  o.e.m.c.i.e.AbstractTransferListenerAdapter - Downloading https://repo.maven.apache.org/maven2/org/codehaus/plexus/plexus/3.3/plexus-3.3.pom
2025-11-16 22:51:31,663 [Worker-9: Building] INFO  o.e.m.c.i.e.AbstractTransferListenerAdapter - Downloaded https://repo.maven.apache.org/maven2/org/codehaus/plexus/plexus/3.3/plexus-3.3.pom
2025-11-16 22:51:31,698 [Worker-9: Building] INFO  o.e.m.c.i.e.AbstractTransferListenerAdapter - Downloading https://repo.maven.apache.org/maven2/org/apache/maven/maven-artifact/3.1.0/maven-artifact-3.1.0.pom
2025-11-16 22:51:31,710 [Worker-9: Building] INFO  o.e.m.c.i.e.AbstractTransferListenerAdapter - Downloaded https://repo.maven.apache.org/maven2/org/apache/maven/maven-artifact/3.1.0/maven-artifact-3.1.0.pom
2025-11-16 22:51:31,736 [Worker-9: Building] INFO  o.e.m.c.i.e.AbstractTransferListenerAdapter - Downloading https://repo.maven.apache.org/maven2/org/eclipse/sisu/org.eclipse.sisu.plexus/0.0.0.M2a/org.eclipse.sisu.plexus-0.0.0.M2a.pom
2025-11-16 22:51:31,748 [Worker-9: Building] INFO  o.e.m.c.i.e.AbstractTransferListenerAdapter - Downloaded https://repo.maven.apache.org/maven2/org/eclipse/sisu/org.eclipse.sisu.plexus/0.0.0.M2a/org.eclipse.sisu.plexus-0.0.0.M2a.pom
2025-11-16 22:51:31,774 [Worker-9: Building] INFO  o.e.m.c.i.e.AbstractTransferListenerAdapter - Downloading https://repo.maven.apache.org/maven2/org/eclipse/sisu/sisu-plexus/0.0.0.M2a/sisu-plexus-0.0.0.M2a.pom
2025-11-16 22:51:31,786 [Worker-9: Building] INFO  o.e.m.c.i.e.AbstractTransferListenerAdapter - Downloaded https://repo.maven.apache.org/maven2/org/eclipse/sisu/sisu-plexus/0.0.0.M2a/sisu-plexus-0.0.0.M2a.pom
2025-11-16 22:51:31,811 [Worker-9: Building] INFO  o.e.m.c.i.e.AbstractTransferListenerAdapter - Downloading https://repo.maven.apache.org/maven2/org/sonatype/oss/oss-parent/7/oss-parent-7.pom
2025-11-16 22:51:31,824 [Worker-9: Building] INFO  o.e.m.c.i.e.AbstractTransferListenerAdapter - Downloaded https://repo.maven.apache.org/maven2/org/sonatype/oss/oss-parent/7/oss-parent-7.pom
2025-11-16 22:51:31,861 [Worker-9: Building] INFO  o.e.m.c.i.e.AbstractTransferListenerAdapter - Downloading https://repo.maven.apache.org/maven2/javax/enterprise/cdi-api/1.0/cdi-api-1.0.pom
2025-11-16 22:51:31,872 [Worker-9: Building] INFO  o.e.m.c.i.e.AbstractTransferListenerAdapter - Downloaded https://repo.maven.apache.org/maven2/javax/enterprise/cdi-api/1.0/cdi-api-1.0.pom
2025-11-16 22:51:31,901 [Worker-9: Building] INFO  o.e.m.c.i.e.AbstractTransferListenerAdapter - Downloading https://repo.maven.apache.org/maven2/org/jboss/weld/weld-api-parent/1.0/weld-api-parent-1.0.pom
2025-11-16 22:51:31,914 [Worker-9: Building] INFO  o.e.m.c.i.e.AbstractTransferListenerAdapter - Downloaded https://repo.maven.apache.org/maven2/org/jboss/weld/weld-api-parent/1.0/weld-api-parent-1.0.pom
2025-11-16 22:51:31,966 [Worker-9: Building] INFO  o.e.m.c.i.e.AbstractTransferListenerAdapter - Downloading https://repo.maven.apache.org/maven2/org/jboss/weld/weld-api-bom/1.0/weld-api-bom-1.0.pom
2025-11-16 22:51:31,978 [Worker-9: Building] INFO  o.e.m.c.i.e.AbstractTransferListenerAdapter - Downloaded https://repo.maven.apache.org/maven2/org/jboss/weld/weld-api-bom/1.0/weld-api-bom-1.0.pom
2025-11-16 22:51:32,016 [Worker-9: Building] INFO  o.e.m.c.i.e.AbstractTransferListenerAdapter - Downloading https://repo.maven.apache.org/maven2/org/jboss/weld/weld-parent/6/weld-parent-6.pom
2025-11-16 22:51:32,030 [Worker-9: Building] INFO  o.e.m.c.i.e.AbstractTransferListenerAdapter - Downloaded https://repo.maven.apache.org/maven2/org/jboss/weld/weld-parent/6/weld-parent-6.pom
2025-11-16 22:51:32,065 [Worker-9: Building] INFO  o.e.m.c.i.e.AbstractTransferListenerAdapter - Downloading https://repo.maven.apache.org/maven2/javax/annotation/jsr250-api/1.0/jsr250-api-1.0.pom
2025-11-16 22:51:32,078 [Worker-9: Building] INFO  o.e.m.c.i.e.AbstractTransferListenerAdapter - Downloaded https://repo.maven.apache.org/maven2/javax/annotation/jsr250-api/1.0/jsr250-api-1.0.pom
2025-11-16 22:51:32,104 [Worker-9: Building] INFO  o.e.m.c.i.e.AbstractTransferListenerAdapter - Downloading https://repo.maven.apache.org/maven2/javax/inject/javax.inject/1/javax.inject-1.pom
2025-11-16 22:51:32,114 [Worker-9: Building] INFO  o.e.m.c.i.e.AbstractTransferListenerAdapter - Downloaded https://repo.maven.apache.org/maven2/javax/inject/javax.inject/1/javax.inject-1.pom
2025-11-16 22:51:32,158 [Worker-9: Building] INFO  o.e.m.c.i.e.AbstractTransferListenerAdapter - Downloading https://repo.maven.apache.org/maven2/com/google/guava/guava/10.0.1/guava-10.0.1.pom
2025-11-16 22:51:32,169 [Worker-9: Building] INFO  o.e.m.c.i.e.AbstractTransferListenerAdapter - Downloaded https://repo.maven.apache.org/maven2/com/google/guava/guava/10.0.1/guava-10.0.1.pom
2025-11-16 22:51:32,201 [Worker-9: Building] INFO  o.e.m.c.i.e.AbstractTransferListenerAdapter - Downloading https://repo.maven.apache.org/maven2/com/google/guava/guava-parent/10.0.1/guava-parent-10.0.1.pom
2025-11-16 22:51:32,215 [Worker-9: Building] INFO  o.e.m.c.i.e.AbstractTransferListenerAdapter - Downloaded https://repo.maven.apache.org/maven2/com/google/guava/guava-parent/10.0.1/guava-parent-10.0.1.pom
2025-11-16 22:51:32,250 [Worker-9: Building] INFO  o.e.m.c.i.e.AbstractTransferListenerAdapter - Downloading https://repo.maven.apache.org/maven2/com/google/code/findbugs/jsr305/1.3.9/jsr305-1.3.9.pom
2025-11-16 22:51:32,262 [Worker-9: Building] INFO  o.e.m.c.i.e.AbstractTransferListenerAdapter - Downloaded https://repo.maven.apache.org/maven2/com/google/code/findbugs/jsr305/1.3.9/jsr305-1.3.9.pom
2025-11-16 22:51:32,319 [Worker-9: Building] INFO  o.e.m.c.i.e.AbstractTransferListenerAdapter - Downloading https://repo.maven.apache.org/maven2/org/sonatype/sisu/sisu-guice/3.1.0/sisu-guice-3.1.0.pom
2025-11-16 22:51:32,331 [Worker-9: Building] INFO  o.e.m.c.i.e.AbstractTransferListenerAdapter - Downloaded https://repo.maven.apache.org/maven2/org/sonatype/sisu/sisu-guice/3.1.0/sisu-guice-3.1.0.pom
2025-11-16 22:51:32,382 [Worker-9: Building] INFO  o.e.m.c.i.e.AbstractTransferListenerAdapter - Downloading https://repo.maven.apache.org/maven2/org/sonatype/sisu/inject/guice-parent/3.1.0/guice-parent-3.1.0.pom
2025-11-16 22:51:32,398 [Worker-9: Building] INFO  o.e.m.c.i.e.AbstractTransferListenerAdapter - Downloaded https://repo.maven.apache.org/maven2/org/sonatype/sisu/inject/guice-parent/3.1.0/guice-parent-3.1.0.pom
2025-11-16 22:51:32,438 [Worker-9: Building] INFO  o.e.m.c.i.e.AbstractTransferListenerAdapter - Downloading https://repo.maven.apache.org/maven2/aopalliance/aopalliance/1.0/aopalliance-1.0.pom
2025-11-16 22:51:32,448 [Worker-9: Building] INFO  o.e.m.c.i.e.AbstractTransferListenerAdapter - Downloaded https://repo.maven.apache.org/maven2/aopalliance/aopalliance/1.0/aopalliance-1.0.pom
2025-11-16 22:51:32,481 [Worker-9: Building] INFO  o.e.m.c.i.e.AbstractTransferListenerAdapter - Downloading https://repo.maven.apache.org/maven2/org/eclipse/sisu/org.eclipse.sisu.inject/0.0.0.M2a/org.eclipse.sisu.inject-0.0.0.M2a.pom
2025-11-16 22:51:32,494 [Worker-9: Building] INFO  o.e.m.c.i.e.AbstractTransferListenerAdapter - Downloaded https://repo.maven.apache.org/maven2/org/eclipse/sisu/org.eclipse.sisu.inject/0.0.0.M2a/org.eclipse.sisu.inject-0.0.0.M2a.pom
2025-11-16 22:51:32,527 [Worker-9: Building] INFO  o.e.m.c.i.e.AbstractTransferListenerAdapter - Downloading https://repo.maven.apache.org/maven2/org/eclipse/sisu/sisu-inject/0.0.0.M2a/sisu-inject-0.0.0.M2a.pom
2025-11-16 22:51:32,539 [Worker-9: Building] INFO  o.e.m.c.i.e.AbstractTransferListenerAdapter - Downloaded https://repo.maven.apache.org/maven2/org/eclipse/sisu/sisu-inject/0.0.0.M2a/sisu-inject-0.0.0.M2a.pom
2025-11-16 22:51:32,568 [Worker-9: Building] INFO  o.e.m.c.i.e.AbstractTransferListenerAdapter - Downloading https://repo.maven.apache.org/maven2/asm/asm/3.3.1/asm-3.3.1.pom
2025-11-16 22:51:32,578 [Worker-9: Building] INFO  o.e.m.c.i.e.AbstractTransferListenerAdapter - Downloaded https://repo.maven.apache.org/maven2/asm/asm/3.3.1/asm-3.3.1.pom
2025-11-16 22:51:32,607 [Worker-9: Building] INFO  o.e.m.c.i.e.AbstractTransferListenerAdapter - Downloading https://repo.maven.apache.org/maven2/asm/asm-parent/3.3.1/asm-parent-3.3.1.pom
2025-11-16 22:51:32,619 [Worker-9: Building] INFO  o.e.m.c.i.e.AbstractTransferListenerAdapter - Downloaded https://repo.maven.apache.org/maven2/asm/asm-parent/3.3.1/asm-parent-3.3.1.pom
2025-11-16 22:51:32,649 [Worker-9: Building] INFO  o.e.m.c.i.e.AbstractTransferListenerAdapter - Downloading https://repo.maven.apache.org/maven2/org/codehaus/plexus/plexus-component-annotations/2.0.0/plexus-component-annotations-2.0.0.pom
2025-11-16 22:51:32,661 [Worker-9: Building] INFO  o.e.m.c.i.e.AbstractTransferListenerAdapter - Downloaded https://repo.maven.apache.org/maven2/org/codehaus/plexus/plexus-component-annotations/2.0.0/plexus-component-annotations-2.0.0.pom
2025-11-16 22:51:32,692 [Worker-9: Building] INFO  o.e.m.c.i.e.AbstractTransferListenerAdapter - Downloading https://repo.maven.apache.org/maven2/org/codehaus/plexus/plexus-containers/2.0.0/plexus-containers-2.0.0.pom
2025-11-16 22:51:32,705 [Worker-9: Building] INFO  o.e.m.c.i.e.AbstractTransferListenerAdapter - Downloaded https://repo.maven.apache.org/maven2/org/codehaus/plexus/plexus-containers/2.0.0/plexus-containers-2.0.0.pom
2025-11-16 22:51:32,725 [Worker-9: Building] INFO  o.e.m.c.i.e.AbstractTransferListenerAdapter - Downloading https://repo.maven.apache.org/maven2/org/codehaus/plexus/plexus/5.1/plexus-5.1.pom
2025-11-16 22:51:32,739 [Worker-9: Building] INFO  o.e.m.c.i.e.AbstractTransferListenerAdapter - Downloaded https://repo.maven.apache.org/maven2/org/codehaus/plexus/plexus/5.1/plexus-5.1.pom
2025-11-16 22:51:32,787 [Worker-9: Building] INFO  o.e.m.c.i.e.AbstractTransferListenerAdapter - Downloading https://repo.maven.apache.org/maven2/org/codehaus/plexus/plexus-classworlds/2.4/plexus-classworlds-2.4.pom
2025-11-16 22:51:32,801 [Worker-9: Building] INFO  o.e.m.c.i.e.AbstractTransferListenerAdapter - Downloaded https://repo.maven.apache.org/maven2/org/codehaus/plexus/plexus-classworlds/2.4/plexus-classworlds-2.4.pom
2025-11-16 22:51:32,827 [Worker-9: Building] INFO  o.e.m.c.i.e.AbstractTransferListenerAdapter - Downloading https://repo.maven.apache.org/maven2/org/codehaus/plexus/plexus-utils/2.1/plexus-utils-2.1.pom
2025-11-16 22:51:32,842 [Worker-9: Building] INFO  o.e.m.c.i.e.AbstractTransferListenerAdapter - Downloaded https://repo.maven.apache.org/maven2/org/codehaus/plexus/plexus-utils/2.1/plexus-utils-2.1.pom
2025-11-16 22:51:32,869 [Worker-9: Building] INFO  o.e.m.c.i.e.AbstractTransferListenerAdapter - Downloading https://repo.maven.apache.org/maven2/org/sonatype/spice/spice-parent/16/spice-parent-16.pom
2025-11-16 22:51:32,882 [Worker-9: Building] INFO  o.e.m.c.i.e.AbstractTransferListenerAdapter - Downloaded https://repo.maven.apache.org/maven2/org/sonatype/spice/spice-parent/16/spice-parent-16.pom
2025-11-16 22:51:32,910 [Worker-9: Building] INFO  o.e.m.c.i.e.AbstractTransferListenerAdapter - Downloading https://repo.maven.apache.org/maven2/org/sonatype/forge/forge-parent/5/forge-parent-5.pom
2025-11-16 22:51:32,923 [Worker-9: Building] INFO  o.e.m.c.i.e.AbstractTransferListenerAdapter - Downloaded https://repo.maven.apache.org/maven2/org/sonatype/forge/forge-parent/5/forge-parent-5.pom
2025-11-16 22:51:32,970 [Worker-9: Building] INFO  o.e.m.c.i.e.AbstractTransferListenerAdapter - Downloading https://repo.maven.apache.org/maven2/org/apache/maven/maven-core/3.1.0/maven-core-3.1.0.pom
2025-11-16 22:51:32,982 [Worker-9: Building] INFO  o.e.m.c.i.e.AbstractTransferListenerAdapter - Downloaded https://repo.maven.apache.org/maven2/org/apache/maven/maven-core/3.1.0/maven-core-3.1.0.pom
2025-11-16 22:51:33,008 [Worker-9: Building] INFO  o.e.m.c.i.e.AbstractTransferListenerAdapter - Downloading https://repo.maven.apache.org/maven2/org/apache/maven/maven-settings/3.1.0/maven-settings-3.1.0.pom
2025-11-16 22:51:33,021 [Worker-9: Building] INFO  o.e.m.c.i.e.AbstractTransferListenerAdapter - Downloaded https://repo.maven.apache.org/maven2/org/apache/maven/maven-settings/3.1.0/maven-settings-3.1.0.pom
2025-11-16 22:51:33,046 [Worker-9: Building] INFO  o.e.m.c.i.e.AbstractTransferListenerAdapter - Downloading https://repo.maven.apache.org/maven2/org/apache/maven/maven-settings-builder/3.1.0/maven-settings-builder-3.1.0.pom
2025-11-16 22:51:33,058 [Worker-9: Building] INFO  o.e.m.c.i.e.AbstractTransferListenerAdapter - Downloaded https://repo.maven.apache.org/maven2/org/apache/maven/maven-settings-builder/3.1.0/maven-settings-builder-3.1.0.pom
2025-11-16 22:51:33,089 [Worker-9: Building] INFO  o.e.m.c.i.e.AbstractTransferListenerAdapter - Downloading https://repo.maven.apache.org/maven2/org/codehaus/plexus/plexus-interpolation/1.16/plexus-interpolation-1.16.pom
2025-11-16 22:51:33,101 [Worker-9: Building] INFO  o.e.m.c.i.e.AbstractTransferListenerAdapter - Downloaded https://repo.maven.apache.org/maven2/org/codehaus/plexus/plexus-interpolation/1.16/plexus-interpolation-1.16.pom
2025-11-16 22:51:33,137 [Worker-9: Building] INFO  o.e.m.c.i.e.AbstractTransferListenerAdapter - Downloading https://repo.maven.apache.org/maven2/org/codehaus/plexus/plexus-components/1.3/plexus-components-1.3.pom
2025-11-16 22:51:33,150 [Worker-9: Building] INFO  o.e.m.c.i.e.AbstractTransferListenerAdapter - Downloaded https://repo.maven.apache.org/maven2/org/codehaus/plexus/plexus-components/1.3/plexus-components-1.3.pom
2025-11-16 22:51:33,175 [Worker-9: Building] INFO  o.e.m.c.i.e.AbstractTransferListenerAdapter - Downloading https://repo.maven.apache.org/maven2/org/apache/maven/maven-repository-metadata/3.1.0/maven-repository-metadata-3.1.0.pom
2025-11-16 22:51:33,186 [Worker-9: Building] INFO  o.e.m.c.i.e.AbstractTransferListenerAdapter - Downloaded https://repo.maven.apache.org/maven2/org/apache/maven/maven-repository-metadata/3.1.0/maven-repository-metadata-3.1.0.pom
2025-11-16 22:51:33,215 [Worker-9: Building] INFO  o.e.m.c.i.e.AbstractTransferListenerAdapter - Downloading https://repo.maven.apache.org/maven2/org/apache/maven/maven-model-builder/3.1.0/maven-model-builder-3.1.0.pom
2025-11-16 22:51:33,227 [Worker-9: Building] INFO  o.e.m.c.i.e.AbstractTransferListenerAdapter - Downloaded https://repo.maven.apache.org/maven2/org/apache/maven/maven-model-builder/3.1.0/maven-model-builder-3.1.0.pom
2025-11-16 22:51:33,270 [Worker-9: Building] INFO  o.e.m.c.i.e.AbstractTransferListenerAdapter - Downloading https://repo.maven.apache.org/maven2/org/apache/maven/maven-aether-provider/3.1.0/maven-aether-provider-3.1.0.pom
2025-11-16 22:51:33,282 [Worker-9: Building] INFO  o.e.m.c.i.e.AbstractTransferListenerAdapter - Downloaded https://repo.maven.apache.org/maven2/org/apache/maven/maven-aether-provider/3.1.0/maven-aether-provider-3.1.0.pom
2025-11-16 22:51:33,317 [Worker-9: Building] INFO  o.e.m.c.i.e.AbstractTransferListenerAdapter - Downloading https://repo.maven.apache.org/maven2/org/eclipse/aether/aether-api/0.9.0.M2/aether-api-0.9.0.M2.pom
2025-11-16 22:51:33,329 [Worker-9: Building] INFO  o.e.m.c.i.e.AbstractTransferListenerAdapter - Downloaded https://repo.maven.apache.org/maven2/org/eclipse/aether/aether-api/0.9.0.M2/aether-api-0.9.0.M2.pom
2025-11-16 22:51:33,370 [Worker-9: Building] INFO  o.e.m.c.i.e.AbstractTransferListenerAdapter - Downloading https://repo.maven.apache.org/maven2/org/eclipse/aether/aether/0.9.0.M2/aether-0.9.0.M2.pom
2025-11-16 22:51:33,386 [Worker-9: Building] INFO  o.e.m.c.i.e.AbstractTransferListenerAdapter - Downloaded https://repo.maven.apache.org/maven2/org/eclipse/aether/aether/0.9.0.M2/aether-0.9.0.M2.pom
2025-11-16 22:51:33,415 [Worker-9: Building] INFO  o.e.m.c.i.e.AbstractTransferListenerAdapter - Downloading https://repo.maven.apache.org/maven2/org/eclipse/aether/aether-spi/0.9.0.M2/aether-spi-0.9.0.M2.pom
2025-11-16 22:51:33,427 [Worker-9: Building] INFO  o.e.m.c.i.e.AbstractTransferListenerAdapter - Downloaded https://repo.maven.apache.org/maven2/org/eclipse/aether/aether-spi/0.9.0.M2/aether-spi-0.9.0.M2.pom
2025-11-16 22:51:33,460 [Worker-9: Building] INFO  o.e.m.c.i.e.AbstractTransferListenerAdapter - Downloading https://repo.maven.apache.org/maven2/org/eclipse/aether/aether-util/0.9.0.M2/aether-util-0.9.0.M2.pom
2025-11-16 22:51:33,472 [Worker-9: Building] INFO  o.e.m.c.i.e.AbstractTransferListenerAdapter - Downloaded https://repo.maven.apache.org/maven2/org/eclipse/aether/aether-util/0.9.0.M2/aether-util-0.9.0.M2.pom
2025-11-16 22:51:33,517 [Worker-9: Building] INFO  o.e.m.c.i.e.AbstractTransferListenerAdapter - Downloading https://repo.maven.apache.org/maven2/org/eclipse/aether/aether-impl/0.9.0.M2/aether-impl-0.9.0.M2.pom
2025-11-16 22:51:33,530 [Worker-9: Building] INFO  o.e.m.c.i.e.AbstractTransferListenerAdapter - Downloaded https://repo.maven.apache.org/maven2/org/eclipse/aether/aether-impl/0.9.0.M2/aether-impl-0.9.0.M2.pom
2025-11-16 22:51:33,563 [Worker-9: Building] INFO  o.e.m.c.i.e.AbstractTransferListenerAdapter - Downloading https://repo.maven.apache.org/maven2/org/codehaus/plexus/plexus-classworlds/2.4.2/plexus-classworlds-2.4.2.pom
2025-11-16 22:51:33,574 [Worker-9: Building] INFO  o.e.m.c.i.e.AbstractTransferListenerAdapter - Downloaded https://repo.maven.apache.org/maven2/org/codehaus/plexus/plexus-classworlds/2.4.2/plexus-classworlds-2.4.2.pom
2025-11-16 22:51:33,602 [Worker-9: Building] INFO  o.e.m.c.i.e.AbstractTransferListenerAdapter - Downloading https://repo.maven.apache.org/maven2/org/codehaus/plexus/plexus/3.0.1/plexus-3.0.1.pom
2025-11-16 22:51:33,616 [Worker-9: Building] INFO  o.e.m.c.i.e.AbstractTransferListenerAdapter - Downloaded https://repo.maven.apache.org/maven2/org/codehaus/plexus/plexus/3.0.1/plexus-3.0.1.pom
2025-11-16 22:51:33,679 [Worker-9: Building] INFO  o.e.m.c.i.e.AbstractTransferListenerAdapter - Downloading https://repo.maven.apache.org/maven2/org/apache/maven/maven-archiver/3.5.0/maven-archiver-3.5.0.pom
2025-11-16 22:51:33,693 [Worker-9: Building] INFO  o.e.m.c.i.e.AbstractTransferListenerAdapter - Downloaded https://repo.maven.apache.org/maven2/org/apache/maven/maven-archiver/3.5.0/maven-archiver-3.5.0.pom
2025-11-16 22:51:33,718 [Worker-9: Building] INFO  o.e.m.c.i.e.AbstractTransferListenerAdapter - Downloading https://repo.maven.apache.org/maven2/org/apache/maven/shared/maven-shared-components/33/maven-shared-components-33.pom
2025-11-16 22:51:33,730 [Worker-9: Building] INFO  o.e.m.c.i.e.AbstractTransferListenerAdapter - Downloaded https://repo.maven.apache.org/maven2/org/apache/maven/shared/maven-shared-components/33/maven-shared-components-33.pom
2025-11-16 22:51:33,759 [Worker-9: Building] INFO  o.e.m.c.i.e.AbstractTransferListenerAdapter - Downloading https://repo.maven.apache.org/maven2/org/codehaus/plexus/plexus-archiver/4.2.0/plexus-archiver-4.2.0.pom
2025-11-16 22:51:33,771 [Worker-9: Building] INFO  o.e.m.c.i.e.AbstractTransferListenerAdapter - Downloaded https://repo.maven.apache.org/maven2/org/codehaus/plexus/plexus-archiver/4.2.0/plexus-archiver-4.2.0.pom
2025-11-16 22:51:33,794 [Worker-9: Building] INFO  o.e.m.c.i.e.AbstractTransferListenerAdapter - Downloading https://repo.maven.apache.org/maven2/org/codehaus/plexus/plexus-utils/3.3.0/plexus-utils-3.3.0.pom
2025-11-16 22:51:33,806 [Worker-9: Building] INFO  o.e.m.c.i.e.AbstractTransferListenerAdapter - Downloaded https://repo.maven.apache.org/maven2/org/codehaus/plexus/plexus-utils/3.3.0/plexus-utils-3.3.0.pom
2025-11-16 22:51:33,847 [Worker-9: Building] INFO  o.e.m.c.i.e.AbstractTransferListenerAdapter - Downloading https://repo.maven.apache.org/maven2/org/codehaus/plexus/plexus-io/3.2.0/plexus-io-3.2.0.pom
2025-11-16 22:51:33,858 [Worker-9: Building] INFO  o.e.m.c.i.e.AbstractTransferListenerAdapter - Downloaded https://repo.maven.apache.org/maven2/org/codehaus/plexus/plexus-io/3.2.0/plexus-io-3.2.0.pom
2025-11-16 22:51:33,889 [Worker-9: Building] INFO  o.e.m.c.i.e.AbstractTransferListenerAdapter - Downloading https://repo.maven.apache.org/maven2/commons-io/commons-io/2.6/commons-io-2.6.pom
2025-11-16 22:51:33,903 [Worker-9: Building] INFO  o.e.m.c.i.e.AbstractTransferListenerAdapter - Downloaded https://repo.maven.apache.org/maven2/commons-io/commons-io/2.6/commons-io-2.6.pom
2025-11-16 22:51:33,931 [Worker-9: Building] INFO  o.e.m.c.i.e.AbstractTransferListenerAdapter - Downloading https://repo.maven.apache.org/maven2/org/apache/commons/commons-parent/42/commons-parent-42.pom
2025-11-16 22:51:33,949 [Worker-9: Building] INFO  o.e.m.c.i.e.AbstractTransferListenerAdapter - Downloaded https://repo.maven.apache.org/maven2/org/apache/commons/commons-parent/42/commons-parent-42.pom
2025-11-16 22:51:33,994 [Worker-9: Building] INFO  o.e.m.c.i.e.AbstractTransferListenerAdapter - Downloading https://repo.maven.apache.org/maven2/org/apache/commons/commons-compress/1.19/commons-compress-1.19.pom
2025-11-16 22:51:34,007 [Worker-9: Building] INFO  o.e.m.c.i.e.AbstractTransferListenerAdapter - Downloaded https://repo.maven.apache.org/maven2/org/apache/commons/commons-compress/1.19/commons-compress-1.19.pom
2025-11-16 22:51:34,040 [Worker-9: Building] INFO  o.e.m.c.i.e.AbstractTransferListenerAdapter - Downloading https://repo.maven.apache.org/maven2/org/apache/commons/commons-parent/48/commons-parent-48.pom
2025-11-16 22:51:34,058 [Worker-9: Building] INFO  o.e.m.c.i.e.AbstractTransferListenerAdapter - Downloaded https://repo.maven.apache.org/maven2/org/apache/commons/commons-parent/48/commons-parent-48.pom
2025-11-16 22:51:34,088 [Worker-9: Building] INFO  o.e.m.c.i.e.AbstractTransferListenerAdapter - Downloading https://repo.maven.apache.org/maven2/org/iq80/snappy/snappy/0.4/snappy-0.4.pom
2025-11-16 22:51:34,100 [Worker-9: Building] INFO  o.e.m.c.i.e.AbstractTransferListenerAdapter - Downloaded https://repo.maven.apache.org/maven2/org/iq80/snappy/snappy/0.4/snappy-0.4.pom
2025-11-16 22:51:34,138 [Worker-9: Building] INFO  o.e.m.c.i.e.AbstractTransferListenerAdapter - Downloading https://repo.maven.apache.org/maven2/org/tukaani/xz/1.8/xz-1.8.pom
2025-11-16 22:51:34,150 [Worker-9: Building] INFO  o.e.m.c.i.e.AbstractTransferListenerAdapter - Downloaded https://repo.maven.apache.org/maven2/org/tukaani/xz/1.8/xz-1.8.pom
2025-11-16 22:51:34,179 [Worker-9: Building] INFO  o.e.m.c.i.e.AbstractTransferListenerAdapter - Downloading https://repo.maven.apache.org/maven2/org/codehaus/plexus/plexus-interpolation/1.25/plexus-interpolation-1.25.pom
2025-11-16 22:51:34,191 [Worker-9: Building] INFO  o.e.m.c.i.e.AbstractTransferListenerAdapter - Downloaded https://repo.maven.apache.org/maven2/org/codehaus/plexus/plexus-interpolation/1.25/plexus-interpolation-1.25.pom
2025-11-16 22:51:34,233 [Worker-9: Building] INFO  o.e.m.c.i.e.AbstractTransferListenerAdapter - Downloading https://repo.maven.apache.org/maven2/org/codehaus/plexus/plexus-archiver/4.2.2/plexus-archiver-4.2.2.pom
2025-11-16 22:51:34,246 [Worker-9: Building] INFO  o.e.m.c.i.e.AbstractTransferListenerAdapter - Downloaded https://repo.maven.apache.org/maven2/org/codehaus/plexus/plexus-archiver/4.2.2/plexus-archiver-4.2.2.pom
2025-11-16 22:51:34,278 [Worker-9: Building] INFO  o.e.m.c.i.e.AbstractTransferListenerAdapter - Downloading https://repo.maven.apache.org/maven2/org/codehaus/plexus/plexus/6.1/plexus-6.1.pom
2025-11-16 22:51:34,290 [Worker-9: Building] INFO  o.e.m.c.i.e.AbstractTransferListenerAdapter - Downloaded https://repo.maven.apache.org/maven2/org/codehaus/plexus/plexus/6.1/plexus-6.1.pom
2025-11-16 22:51:34,325 [Worker-9: Building] INFO  o.e.m.c.i.e.AbstractTransferListenerAdapter - Downloading https://repo.maven.apache.org/maven2/org/apache/commons/commons-compress/1.20/commons-compress-1.20.pom
2025-11-16 22:51:34,337 [Worker-9: Building] INFO  o.e.m.c.i.e.AbstractTransferListenerAdapter - Downloaded https://repo.maven.apache.org/maven2/org/apache/commons/commons-compress/1.20/commons-compress-1.20.pom
2025-11-16 22:51:34,376 [Worker-9: Building] INFO  o.e.m.c.i.e.AbstractTransferListenerAdapter - Downloading https://repo.maven.apache.org/maven2/org/codehaus/plexus/plexus-interpolation/1.26/plexus-interpolation-1.26.pom
2025-11-16 22:51:34,388 [Worker-9: Building] INFO  o.e.m.c.i.e.AbstractTransferListenerAdapter - Downloaded https://repo.maven.apache.org/maven2/org/codehaus/plexus/plexus-interpolation/1.26/plexus-interpolation-1.26.pom
2025-11-16 22:51:34,418 [Worker-9: Building] INFO  o.e.m.c.i.e.AbstractTransferListenerAdapter - Downloading https://repo.maven.apache.org/maven2/org/apache/maven/shared/maven-filtering/3.1.1/maven-filtering-3.1.1.pom
2025-11-16 22:51:34,431 [Worker-9: Building] INFO  o.e.m.c.i.e.AbstractTransferListenerAdapter - Downloaded https://repo.maven.apache.org/maven2/org/apache/maven/shared/maven-filtering/3.1.1/maven-filtering-3.1.1.pom
2025-11-16 22:51:34,480 [Worker-9: Building] INFO  o.e.m.c.i.e.AbstractTransferListenerAdapter - Downloading https://repo.maven.apache.org/maven2/org/apache/maven/shared/maven-shared-utils/3.0.0/maven-shared-utils-3.0.0.pom
2025-11-16 22:51:34,491 [Worker-9: Building] INFO  o.e.m.c.i.e.AbstractTransferListenerAdapter - Downloaded https://repo.maven.apache.org/maven2/org/apache/maven/shared/maven-shared-utils/3.0.0/maven-shared-utils-3.0.0.pom
2025-11-16 22:51:34,522 [Worker-9: Building] INFO  o.e.m.c.i.e.AbstractTransferListenerAdapter - Downloading https://repo.maven.apache.org/maven2/org/apache/maven/shared/maven-shared-components/21/maven-shared-components-21.pom
2025-11-16 22:51:34,537 [Worker-9: Building] INFO  o.e.m.c.i.e.AbstractTransferListenerAdapter - Downloaded https://repo.maven.apache.org/maven2/org/apache/maven/shared/maven-shared-components/21/maven-shared-components-21.pom
2025-11-16 22:51:34,569 [Worker-9: Building] INFO  o.e.m.c.i.e.AbstractTransferListenerAdapter - Downloading https://repo.maven.apache.org/maven2/org/apache/maven/maven-parent/25/maven-parent-25.pom
2025-11-16 22:51:34,583 [Worker-9: Building] INFO  o.e.m.c.i.e.AbstractTransferListenerAdapter - Downloaded https://repo.maven.apache.org/maven2/org/apache/maven/maven-parent/25/maven-parent-25.pom
2025-11-16 22:51:34,614 [Worker-9: Building] INFO  o.e.m.c.i.e.AbstractTransferListenerAdapter - Downloading https://repo.maven.apache.org/maven2/org/apache/apache/15/apache-15.pom
2025-11-16 22:51:34,628 [Worker-9: Building] INFO  o.e.m.c.i.e.AbstractTransferListenerAdapter - Downloaded https://repo.maven.apache.org/maven2/org/apache/apache/15/apache-15.pom
2025-11-16 22:51:34,666 [Worker-9: Building] INFO  o.e.m.c.i.e.AbstractTransferListenerAdapter - Downloading https://repo.maven.apache.org/maven2/commons-io/commons-io/2.4/commons-io-2.4.pom
2025-11-16 22:51:34,680 [Worker-9: Building] INFO  o.e.m.c.i.e.AbstractTransferListenerAdapter - Downloaded https://repo.maven.apache.org/maven2/commons-io/commons-io/2.4/commons-io-2.4.pom
2025-11-16 22:51:34,711 [Worker-9: Building] INFO  o.e.m.c.i.e.AbstractTransferListenerAdapter - Downloading https://repo.maven.apache.org/maven2/org/apache/commons/commons-parent/25/commons-parent-25.pom
2025-11-16 22:51:34,728 [Worker-9: Building] INFO  o.e.m.c.i.e.AbstractTransferListenerAdapter - Downloaded https://repo.maven.apache.org/maven2/org/apache/commons/commons-parent/25/commons-parent-25.pom
2025-11-16 22:51:34,760 [Worker-9: Building] INFO  o.e.m.c.i.e.AbstractTransferListenerAdapter - Downloading https://repo.maven.apache.org/maven2/org/apache/apache/9/apache-9.pom
2025-11-16 22:51:34,774 [Worker-9: Building] INFO  o.e.m.c.i.e.AbstractTransferListenerAdapter - Downloaded https://repo.maven.apache.org/maven2/org/apache/apache/9/apache-9.pom
2025-11-16 22:51:34,808 [Worker-9: Building] INFO  o.e.m.c.i.e.AbstractTransferListenerAdapter - Downloading https://repo.maven.apache.org/maven2/org/codehaus/plexus/plexus-utils/3.0.24/plexus-utils-3.0.24.pom
2025-11-16 22:51:34,822 [Worker-9: Building] INFO  o.e.m.c.i.e.AbstractTransferListenerAdapter - Downloaded https://repo.maven.apache.org/maven2/org/codehaus/plexus/plexus-utils/3.0.24/plexus-utils-3.0.24.pom
2025-11-16 22:51:34,848 [Worker-9: Building] INFO  o.e.m.c.i.e.AbstractTransferListenerAdapter - Downloading https://repo.maven.apache.org/maven2/org/codehaus/plexus/plexus-interpolation/1.22/plexus-interpolation-1.22.pom
2025-11-16 22:51:34,859 [Worker-9: Building] INFO  o.e.m.c.i.e.AbstractTransferListenerAdapter - Downloaded https://repo.maven.apache.org/maven2/org/codehaus/plexus/plexus-interpolation/1.22/plexus-interpolation-1.22.pom
2025-11-16 22:51:34,884 [Worker-9: Building] INFO  o.e.m.c.i.e.AbstractTransferListenerAdapter - Downloading https://repo.maven.apache.org/maven2/org/codehaus/plexus/plexus-components/1.3.1/plexus-components-1.3.1.pom
2025-11-16 22:51:34,897 [Worker-9: Building] INFO  o.e.m.c.i.e.AbstractTransferListenerAdapter - Downloaded https://repo.maven.apache.org/maven2/org/codehaus/plexus/plexus-components/1.3.1/plexus-components-1.3.1.pom
2025-11-16 22:51:34,923 [Worker-9: Building] INFO  o.e.m.c.i.e.AbstractTransferListenerAdapter - Downloading https://repo.maven.apache.org/maven2/org/sonatype/plexus/plexus-build-api/0.0.7/plexus-build-api-0.0.7.pom
2025-11-16 22:51:34,935 [Worker-9: Building] INFO  o.e.m.c.i.e.AbstractTransferListenerAdapter - Downloaded https://repo.maven.apache.org/maven2/org/sonatype/plexus/plexus-build-api/0.0.7/plexus-build-api-0.0.7.pom
2025-11-16 22:51:34,977 [Worker-9: Building] INFO  o.e.m.c.i.e.AbstractTransferListenerAdapter - Downloading https://repo.maven.apache.org/maven2/org/sonatype/spice/spice-parent/15/spice-parent-15.pom
2025-11-16 22:51:34,990 [Worker-9: Building] INFO  o.e.m.c.i.e.AbstractTransferListenerAdapter - Downloaded https://repo.maven.apache.org/maven2/org/sonatype/spice/spice-parent/15/spice-parent-15.pom
2025-11-16 22:51:35,022 [Worker-9: Building] INFO  o.e.m.c.i.e.AbstractTransferListenerAdapter - Downloading https://repo.maven.apache.org/maven2/org/codehaus/plexus/plexus-utils/1.5.8/plexus-utils-1.5.8.pom
2025-11-16 22:51:35,034 [Worker-9: Building] INFO  o.e.m.c.i.e.AbstractTransferListenerAdapter - Downloaded https://repo.maven.apache.org/maven2/org/codehaus/plexus/plexus-utils/1.5.8/plexus-utils-1.5.8.pom
2025-11-16 22:51:35,068 [Worker-9: Building] INFO  o.e.m.c.i.e.AbstractTransferListenerAdapter - Downloading https://repo.maven.apache.org/maven2/org/apache/maven/shared/maven-mapping/3.0.0/maven-mapping-3.0.0.pom
2025-11-16 22:51:35,082 [Worker-9: Building] INFO  o.e.m.c.i.e.AbstractTransferListenerAdapter - Downloaded https://repo.maven.apache.org/maven2/org/apache/maven/shared/maven-mapping/3.0.0/maven-mapping-3.0.0.pom
2025-11-16 22:51:35,109 [Worker-9: Building] INFO  o.e.m.c.i.e.AbstractTransferListenerAdapter - Downloading https://repo.maven.apache.org/maven2/org/apache/maven/shared/maven-shared-components/22/maven-shared-components-22.pom
2025-11-16 22:51:35,122 [Worker-9: Building] INFO  o.e.m.c.i.e.AbstractTransferListenerAdapter - Downloaded https://repo.maven.apache.org/maven2/org/apache/maven/shared/maven-shared-components/22/maven-shared-components-22.pom
2025-11-16 22:51:35,146 [Worker-9: Building] INFO  o.e.m.c.i.e.AbstractTransferListenerAdapter - Downloading https://repo.maven.apache.org/maven2/org/apache/maven/maven-parent/27/maven-parent-27.pom
2025-11-16 22:51:35,161 [Worker-9: Building] INFO  o.e.m.c.i.e.AbstractTransferListenerAdapter - Downloaded https://repo.maven.apache.org/maven2/org/apache/maven/maven-parent/27/maven-parent-27.pom
2025-11-16 22:51:35,188 [Worker-9: Building] INFO  o.e.m.c.i.e.AbstractTransferListenerAdapter - Downloading https://repo.maven.apache.org/maven2/org/apache/apache/17/apache-17.pom
2025-11-16 22:51:35,204 [Worker-9: Building] INFO  o.e.m.c.i.e.AbstractTransferListenerAdapter - Downloaded https://repo.maven.apache.org/maven2/org/apache/apache/17/apache-17.pom
2025-11-16 22:51:35,233 [Worker-9: Building] INFO  o.e.m.c.i.e.AbstractTransferListenerAdapter - Downloading https://repo.maven.apache.org/maven2/org/codehaus/plexus/plexus-interpolation/1.21/plexus-interpolation-1.21.pom
2025-11-16 22:51:35,246 [Worker-9: Building] INFO  o.e.m.c.i.e.AbstractTransferListenerAdapter - Downloaded https://repo.maven.apache.org/maven2/org/codehaus/plexus/plexus-interpolation/1.21/plexus-interpolation-1.21.pom
2025-11-16 22:51:35,287 [Worker-9: Building] INFO  o.e.m.c.i.e.AbstractTransferListenerAdapter - Downloading https://repo.maven.apache.org/maven2/org/apache/maven/maven-plugin-api/3.1.0/maven-plugin-api-3.1.0.jar
2025-11-16 22:51:35,516 [Worker-9: Building] INFO  o.e.m.c.i.e.AbstractTransferListenerAdapter - Downloaded https://repo.maven.apache.org/maven2/org/apache/maven/maven-plugin-api/3.1.0/maven-plugin-api-3.1.0.jar
2025-11-16 22:51:35,542 [BasicRepositoryConnector-repo.maven.apache.org-2-0] INFO  o.e.m.c.i.e.AbstractTransferListenerAdapter - Downloading https://repo.maven.apache.org/maven2/org/apache/maven/maven-core/3.1.0/maven-core-3.1.0.jar
2025-11-16 22:51:35,569 [BasicRepositoryConnector-repo.maven.apache.org-2-3] INFO  o.e.m.c.i.e.AbstractTransferListenerAdapter - Downloading https://repo.maven.apache.org/maven2/org/apache/maven/maven-repository-metadata/3.1.0/maven-repository-metadata-3.1.0.jar
2025-11-16 22:51:35,573 [BasicRepositoryConnector-repo.maven.apache.org-2-1] INFO  o.e.m.c.i.e.AbstractTransferListenerAdapter - Downloading https://repo.maven.apache.org/maven2/org/apache/maven/maven-settings/3.1.0/maven-settings-3.1.0.jar
2025-11-16 22:51:35,581 [BasicRepositoryConnector-repo.maven.apache.org-2-4] INFO  o.e.m.c.i.e.AbstractTransferListenerAdapter - Downloading https://repo.maven.apache.org/maven2/org/apache/maven/maven-model-builder/3.1.0/maven-model-builder-3.1.0.jar
2025-11-16 22:51:35,625 [BasicRepositoryConnector-repo.maven.apache.org-2-0] INFO  o.e.m.c.i.e.AbstractTransferListenerAdapter - Downloaded https://repo.maven.apache.org/maven2/org/apache/maven/maven-core/3.1.0/maven-core-3.1.0.jar
2025-11-16 22:51:35,633 [BasicRepositoryConnector-repo.maven.apache.org-2-4] INFO  o.e.m.c.i.e.AbstractTransferListenerAdapter - Downloaded https://repo.maven.apache.org/maven2/org/apache/maven/maven-model-builder/3.1.0/maven-model-builder-3.1.0.jar
2025-11-16 22:51:35,667 [BasicRepositoryConnector-repo.maven.apache.org-2-4] INFO  o.e.m.c.i.e.AbstractTransferListenerAdapter - Downloading https://repo.maven.apache.org/maven2/org/eclipse/aether/aether-spi/0.9.0.M2/aether-spi-0.9.0.M2.jar
2025-11-16 22:51:35,675 [BasicRepositoryConnector-repo.maven.apache.org-2-0] INFO  o.e.m.c.i.e.AbstractTransferListenerAdapter - Downloading https://repo.maven.apache.org/maven2/org/apache/maven/maven-aether-provider/3.1.0/maven-aether-provider-3.1.0.jar
2025-11-16 22:51:35,689 [BasicRepositoryConnector-repo.maven.apache.org-2-3] INFO  o.e.m.c.i.e.AbstractTransferListenerAdapter - Downloaded https://repo.maven.apache.org/maven2/org/apache/maven/maven-repository-metadata/3.1.0/maven-repository-metadata-3.1.0.jar
2025-11-16 22:51:35,693 [BasicRepositoryConnector-repo.maven.apache.org-2-0] INFO  o.e.m.c.i.e.AbstractTransferListenerAdapter - Downloaded https://repo.maven.apache.org/maven2/org/apache/maven/maven-aether-provider/3.1.0/maven-aether-provider-3.1.0.jar
2025-11-16 22:51:35,722 [BasicRepositoryConnector-repo.maven.apache.org-2-0] INFO  o.e.m.c.i.e.AbstractTransferListenerAdapter - Downloading https://repo.maven.apache.org/maven2/org/eclipse/aether/aether-util/0.9.0.M2/aether-util-0.9.0.M2.jar
2025-11-16 22:51:35,735 [BasicRepositoryConnector-repo.maven.apache.org-2-2] INFO  o.e.m.c.i.e.AbstractTransferListenerAdapter - Downloading https://repo.maven.apache.org/maven2/org/apache/maven/maven-settings-builder/3.1.0/maven-settings-builder-3.1.0.jar
2025-11-16 22:51:35,747 [BasicRepositoryConnector-repo.maven.apache.org-2-0] INFO  o.e.m.c.i.e.AbstractTransferListenerAdapter - Downloaded https://repo.maven.apache.org/maven2/org/eclipse/aether/aether-util/0.9.0.M2/aether-util-0.9.0.M2.jar
2025-11-16 22:51:35,755 [BasicRepositoryConnector-repo.maven.apache.org-2-1] INFO  o.e.m.c.i.e.AbstractTransferListenerAdapter - Downloaded https://repo.maven.apache.org/maven2/org/apache/maven/maven-settings/3.1.0/maven-settings-3.1.0.jar
2025-11-16 22:51:35,766 [BasicRepositoryConnector-repo.maven.apache.org-2-3] INFO  o.e.m.c.i.e.AbstractTransferListenerAdapter - Downloading https://repo.maven.apache.org/maven2/org/eclipse/aether/aether-impl/0.9.0.M2/aether-impl-0.9.0.M2.jar
2025-11-16 22:51:35,779 [BasicRepositoryConnector-repo.maven.apache.org-2-1] INFO  o.e.m.c.i.e.AbstractTransferListenerAdapter - Downloading https://repo.maven.apache.org/maven2/org/codehaus/plexus/plexus-component-annotations/2.0.0/plexus-component-annotations-2.0.0.jar
2025-11-16 22:51:35,796 [BasicRepositoryConnector-repo.maven.apache.org-2-3] INFO  o.e.m.c.i.e.AbstractTransferListenerAdapter - Downloaded https://repo.maven.apache.org/maven2/org/eclipse/aether/aether-impl/0.9.0.M2/aether-impl-0.9.0.M2.jar
2025-11-16 22:51:35,808 [BasicRepositoryConnector-repo.maven.apache.org-2-1] INFO  o.e.m.c.i.e.AbstractTransferListenerAdapter - Downloaded https://repo.maven.apache.org/maven2/org/codehaus/plexus/plexus-component-annotations/2.0.0/plexus-component-annotations-2.0.0.jar
2025-11-16 22:51:35,812 [BasicRepositoryConnector-repo.maven.apache.org-2-0] INFO  o.e.m.c.i.e.AbstractTransferListenerAdapter - Downloading https://repo.maven.apache.org/maven2/org/codehaus/plexus/plexus-classworlds/2.4.2/plexus-classworlds-2.4.2.jar
2025-11-16 22:51:35,821 [BasicRepositoryConnector-repo.maven.apache.org-2-4] INFO  o.e.m.c.i.e.AbstractTransferListenerAdapter - Downloaded https://repo.maven.apache.org/maven2/org/eclipse/aether/aether-spi/0.9.0.M2/aether-spi-0.9.0.M2.jar
2025-11-16 22:51:35,837 [BasicRepositoryConnector-repo.maven.apache.org-2-3] INFO  o.e.m.c.i.e.AbstractTransferListenerAdapter - Downloading https://repo.maven.apache.org/maven2/org/apache/maven/maven-model/3.1.0/maven-model-3.1.0.jar
2025-11-16 22:51:35,864 [BasicRepositoryConnector-repo.maven.apache.org-2-3] INFO  o.e.m.c.i.e.AbstractTransferListenerAdapter - Downloaded https://repo.maven.apache.org/maven2/org/apache/maven/maven-model/3.1.0/maven-model-3.1.0.jar
2025-11-16 22:51:35,865 [BasicRepositoryConnector-repo.maven.apache.org-2-1] INFO  o.e.m.c.i.e.AbstractTransferListenerAdapter - Downloading https://repo.maven.apache.org/maven2/org/apache/maven/maven-archiver/3.5.0/maven-archiver-3.5.0.jar
2025-11-16 22:51:35,890 [BasicRepositoryConnector-repo.maven.apache.org-2-3] INFO  o.e.m.c.i.e.AbstractTransferListenerAdapter - Downloading https://repo.maven.apache.org/maven2/commons-io/commons-io/2.6/commons-io-2.6.jar
2025-11-16 22:51:35,922 [BasicRepositoryConnector-repo.maven.apache.org-2-3] INFO  o.e.m.c.i.e.AbstractTransferListenerAdapter - Downloaded https://repo.maven.apache.org/maven2/commons-io/commons-io/2.6/commons-io-2.6.jar
2025-11-16 22:51:35,945 [BasicRepositoryConnector-repo.maven.apache.org-2-3] INFO  o.e.m.c.i.e.AbstractTransferListenerAdapter - Downloading https://repo.maven.apache.org/maven2/org/codehaus/plexus/plexus-archiver/4.2.2/plexus-archiver-4.2.2.jar
2025-11-16 22:51:35,978 [BasicRepositoryConnector-repo.maven.apache.org-2-3] INFO  o.e.m.c.i.e.AbstractTransferListenerAdapter - Downloaded https://repo.maven.apache.org/maven2/org/codehaus/plexus/plexus-archiver/4.2.2/plexus-archiver-4.2.2.jar
2025-11-16 22:51:35,981 [BasicRepositoryConnector-repo.maven.apache.org-2-4] INFO  o.e.m.c.i.e.AbstractTransferListenerAdapter - Downloading https://repo.maven.apache.org/maven2/org/apache/maven/maven-artifact/3.1.0/maven-artifact-3.1.0.jar
2025-11-16 22:51:35,984 [BasicRepositoryConnector-repo.maven.apache.org-2-1] INFO  o.e.m.c.i.e.AbstractTransferListenerAdapter - Downloaded https://repo.maven.apache.org/maven2/org/apache/maven/maven-archiver/3.5.0/maven-archiver-3.5.0.jar
2025-11-16 22:51:36,000 [BasicRepositoryConnector-repo.maven.apache.org-2-4] INFO  o.e.m.c.i.e.AbstractTransferListenerAdapter - Downloaded https://repo.maven.apache.org/maven2/org/apache/maven/maven-artifact/3.1.0/maven-artifact-3.1.0.jar
2025-11-16 22:51:36,010 [BasicRepositoryConnector-repo.maven.apache.org-2-3] INFO  o.e.m.c.i.e.AbstractTransferListenerAdapter - Downloading https://repo.maven.apache.org/maven2/org/codehaus/plexus/plexus-io/3.2.0/plexus-io-3.2.0.jar
2025-11-16 22:51:36,012 [BasicRepositoryConnector-repo.maven.apache.org-2-2] INFO  o.e.m.c.i.e.AbstractTransferListenerAdapter - Downloaded https://repo.maven.apache.org/maven2/org/apache/maven/maven-settings-builder/3.1.0/maven-settings-builder-3.1.0.jar
2025-11-16 22:51:36,029 [BasicRepositoryConnector-repo.maven.apache.org-2-3] INFO  o.e.m.c.i.e.AbstractTransferListenerAdapter - Downloaded https://repo.maven.apache.org/maven2/org/codehaus/plexus/plexus-io/3.2.0/plexus-io-3.2.0.jar
2025-11-16 22:51:36,045 [BasicRepositoryConnector-repo.maven.apache.org-2-4] INFO  o.e.m.c.i.e.AbstractTransferListenerAdapter - Downloading https://repo.maven.apache.org/maven2/org/iq80/snappy/snappy/0.4/snappy-0.4.jar
2025-11-16 22:51:36,049 [BasicRepositoryConnector-repo.maven.apache.org-2-2] INFO  o.e.m.c.i.e.AbstractTransferListenerAdapter - Downloading https://repo.maven.apache.org/maven2/org/tukaani/xz/1.8/xz-1.8.jar
2025-11-16 22:51:36,071 [BasicRepositoryConnector-repo.maven.apache.org-2-2] INFO  o.e.m.c.i.e.AbstractTransferListenerAdapter - Downloaded https://repo.maven.apache.org/maven2/org/tukaani/xz/1.8/xz-1.8.jar
2025-11-16 22:51:36,073 [BasicRepositoryConnector-repo.maven.apache.org-2-1] INFO  o.e.m.c.i.e.AbstractTransferListenerAdapter - Downloading https://repo.maven.apache.org/maven2/org/apache/commons/commons-compress/1.20/commons-compress-1.20.jar
2025-11-16 22:51:36,074 [BasicRepositoryConnector-repo.maven.apache.org-2-4] INFO  o.e.m.c.i.e.AbstractTransferListenerAdapter - Downloaded https://repo.maven.apache.org/maven2/org/iq80/snappy/snappy/0.4/snappy-0.4.jar
2025-11-16 22:51:36,094 [BasicRepositoryConnector-repo.maven.apache.org-2-3] INFO  o.e.m.c.i.e.AbstractTransferListenerAdapter - Downloading https://repo.maven.apache.org/maven2/org/codehaus/plexus/plexus-interpolation/1.26/plexus-interpolation-1.26.jar
2025-11-16 22:51:36,106 [BasicRepositoryConnector-repo.maven.apache.org-2-0] INFO  o.e.m.c.i.e.AbstractTransferListenerAdapter - Downloaded https://repo.maven.apache.org/maven2/org/codehaus/plexus/plexus-classworlds/2.4.2/plexus-classworlds-2.4.2.jar
2025-11-16 22:51:36,115 [BasicRepositoryConnector-repo.maven.apache.org-2-3] INFO  o.e.m.c.i.e.AbstractTransferListenerAdapter - Downloaded https://repo.maven.apache.org/maven2/org/codehaus/plexus/plexus-interpolation/1.26/plexus-interpolation-1.26.jar
2025-11-16 22:51:36,135 [BasicRepositoryConnector-repo.maven.apache.org-2-4] INFO  o.e.m.c.i.e.AbstractTransferListenerAdapter - Downloading https://repo.maven.apache.org/maven2/org/apache/maven/shared/maven-filtering/3.1.1/maven-filtering-3.1.1.jar
2025-11-16 22:51:36,138 [BasicRepositoryConnector-repo.maven.apache.org-2-0] INFO  o.e.m.c.i.e.AbstractTransferListenerAdapter - Downloading https://repo.maven.apache.org/maven2/org/sonatype/plexus/plexus-build-api/0.0.7/plexus-build-api-0.0.7.jar
2025-11-16 22:51:36,141 [BasicRepositoryConnector-repo.maven.apache.org-2-2] INFO  o.e.m.c.i.e.AbstractTransferListenerAdapter - Downloading https://repo.maven.apache.org/maven2/org/codehaus/plexus/plexus-utils/3.3.0/plexus-utils-3.3.0.jar
2025-11-16 22:51:36,149 [BasicRepositoryConnector-repo.maven.apache.org-2-3] INFO  o.e.m.c.i.e.AbstractTransferListenerAdapter - Downloading https://repo.maven.apache.org/maven2/org/apache/maven/shared/maven-mapping/3.0.0/maven-mapping-3.0.0.jar
2025-11-16 22:51:36,151 [BasicRepositoryConnector-repo.maven.apache.org-2-1] INFO  o.e.m.c.i.e.AbstractTransferListenerAdapter - Downloaded https://repo.maven.apache.org/maven2/org/apache/commons/commons-compress/1.20/commons-compress-1.20.jar
2025-11-16 22:51:36,154 [BasicRepositoryConnector-repo.maven.apache.org-2-4] INFO  o.e.m.c.i.e.AbstractTransferListenerAdapter - Downloaded https://repo.maven.apache.org/maven2/org/apache/maven/shared/maven-filtering/3.1.1/maven-filtering-3.1.1.jar
2025-11-16 22:51:36,178 [BasicRepositoryConnector-repo.maven.apache.org-2-2] INFO  o.e.m.c.i.e.AbstractTransferListenerAdapter - Downloaded https://repo.maven.apache.org/maven2/org/codehaus/plexus/plexus-utils/3.3.0/plexus-utils-3.3.0.jar
2025-11-16 22:51:36,179 [BasicRepositoryConnector-repo.maven.apache.org-2-4] INFO  o.e.m.c.i.e.AbstractTransferListenerAdapter - Downloading https://repo.maven.apache.org/maven2/org/eclipse/sisu/org.eclipse.sisu.plexus/0.0.0.M2a/org.eclipse.sisu.plexus-0.0.0.M2a.jar
2025-11-16 22:51:36,198 [BasicRepositoryConnector-repo.maven.apache.org-2-1] INFO  o.e.m.c.i.e.AbstractTransferListenerAdapter - Downloading https://repo.maven.apache.org/maven2/org/eclipse/aether/aether-api/0.9.0.M2/aether-api-0.9.0.M2.jar
2025-11-16 22:51:36,213 [BasicRepositoryConnector-repo.maven.apache.org-2-4] INFO  o.e.m.c.i.e.AbstractTransferListenerAdapter - Downloaded https://repo.maven.apache.org/maven2/org/eclipse/sisu/org.eclipse.sisu.plexus/0.0.0.M2a/org.eclipse.sisu.plexus-0.0.0.M2a.jar
2025-11-16 22:51:36,216 [BasicRepositoryConnector-repo.maven.apache.org-2-0] INFO  o.e.m.c.i.e.AbstractTransferListenerAdapter - Downloaded https://repo.maven.apache.org/maven2/org/sonatype/plexus/plexus-build-api/0.0.7/plexus-build-api-0.0.7.jar
2025-11-16 22:51:36,221 [BasicRepositoryConnector-repo.maven.apache.org-2-2] INFO  o.e.m.c.i.e.AbstractTransferListenerAdapter - Downloading https://repo.maven.apache.org/maven2/javax/enterprise/cdi-api/1.0/cdi-api-1.0.jar
2025-11-16 22:51:36,225 [BasicRepositoryConnector-repo.maven.apache.org-2-1] INFO  o.e.m.c.i.e.AbstractTransferListenerAdapter - Downloaded https://repo.maven.apache.org/maven2/org/eclipse/aether/aether-api/0.9.0.M2/aether-api-0.9.0.M2.jar
2025-11-16 22:51:36,233 [BasicRepositoryConnector-repo.maven.apache.org-2-3] INFO  o.e.m.c.i.e.AbstractTransferListenerAdapter - Downloaded https://repo.maven.apache.org/maven2/org/apache/maven/shared/maven-mapping/3.0.0/maven-mapping-3.0.0.jar
2025-11-16 22:51:36,237 [BasicRepositoryConnector-repo.maven.apache.org-2-0] INFO  o.e.m.c.i.e.AbstractTransferListenerAdapter - Downloading https://repo.maven.apache.org/maven2/javax/inject/javax.inject/1/javax.inject-1.jar
2025-11-16 22:51:36,244 [BasicRepositoryConnector-repo.maven.apache.org-2-0] INFO  o.e.m.c.i.e.AbstractTransferListenerAdapter - Downloaded https://repo.maven.apache.org/maven2/javax/inject/javax.inject/1/javax.inject-1.jar
2025-11-16 22:51:36,253 [BasicRepositoryConnector-repo.maven.apache.org-2-4] INFO  o.e.m.c.i.e.AbstractTransferListenerAdapter - Downloading https://repo.maven.apache.org/maven2/javax/annotation/jsr250-api/1.0/jsr250-api-1.0.jar
2025-11-16 22:51:36,261 [BasicRepositoryConnector-repo.maven.apache.org-2-3] INFO  o.e.m.c.i.e.AbstractTransferListenerAdapter - Downloading https://repo.maven.apache.org/maven2/com/google/code/findbugs/jsr305/1.3.9/jsr305-1.3.9.jar
2025-11-16 22:51:36,266 [BasicRepositoryConnector-repo.maven.apache.org-2-1] INFO  o.e.m.c.i.e.AbstractTransferListenerAdapter - Downloading https://repo.maven.apache.org/maven2/com/google/guava/guava/10.0.1/guava-10.0.1.jar
2025-11-16 22:51:36,272 [BasicRepositoryConnector-repo.maven.apache.org-2-0] INFO  o.e.m.c.i.e.AbstractTransferListenerAdapter - Downloading https://repo.maven.apache.org/maven2/org/sonatype/sisu/sisu-guice/3.1.0/sisu-guice-3.1.0-no_aop.jar
2025-11-16 22:51:36,295 [BasicRepositoryConnector-repo.maven.apache.org-2-4] INFO  o.e.m.c.i.e.AbstractTransferListenerAdapter - Downloaded https://repo.maven.apache.org/maven2/javax/annotation/jsr250-api/1.0/jsr250-api-1.0.jar
2025-11-16 22:51:36,318 [BasicRepositoryConnector-repo.maven.apache.org-2-0] INFO  o.e.m.c.i.e.AbstractTransferListenerAdapter - Downloaded https://repo.maven.apache.org/maven2/org/sonatype/sisu/sisu-guice/3.1.0/sisu-guice-3.1.0-no_aop.jar
2025-11-16 22:51:36,329 [BasicRepositoryConnector-repo.maven.apache.org-2-4] INFO  o.e.m.c.i.e.AbstractTransferListenerAdapter - Downloading https://repo.maven.apache.org/maven2/aopalliance/aopalliance/1.0/aopalliance-1.0.jar
2025-11-16 22:51:36,336 [BasicRepositoryConnector-repo.maven.apache.org-2-4] INFO  o.e.m.c.i.e.AbstractTransferListenerAdapter - Downloaded https://repo.maven.apache.org/maven2/aopalliance/aopalliance/1.0/aopalliance-1.0.jar
2025-11-16 22:51:36,362 [BasicRepositoryConnector-repo.maven.apache.org-2-4] INFO  o.e.m.c.i.e.AbstractTransferListenerAdapter - Downloading https://repo.maven.apache.org/maven2/asm/asm/3.3.1/asm-3.3.1.jar
2025-11-16 22:51:36,378 [BasicRepositoryConnector-repo.maven.apache.org-2-0] INFO  o.e.m.c.i.e.AbstractTransferListenerAdapter - Downloading https://repo.maven.apache.org/maven2/org/eclipse/sisu/org.eclipse.sisu.inject/0.0.0.M2a/org.eclipse.sisu.inject-0.0.0.M2a.jar
2025-11-16 22:51:36,421 [BasicRepositoryConnector-repo.maven.apache.org-2-0] INFO  o.e.m.c.i.e.AbstractTransferListenerAdapter - Downloaded https://repo.maven.apache.org/maven2/org/eclipse/sisu/org.eclipse.sisu.inject/0.0.0.M2a/org.eclipse.sisu.inject-0.0.0.M2a.jar
2025-11-16 22:51:36,468 [BasicRepositoryConnector-repo.maven.apache.org-2-1] INFO  o.e.m.c.i.e.AbstractTransferListenerAdapter - Downloaded https://repo.maven.apache.org/maven2/com/google/guava/guava/10.0.1/guava-10.0.1.jar
2025-11-16 22:51:36,543 [BasicRepositoryConnector-repo.maven.apache.org-2-4] INFO  o.e.m.c.i.e.AbstractTransferListenerAdapter - Downloaded https://repo.maven.apache.org/maven2/asm/asm/3.3.1/asm-3.3.1.jar
2025-11-16 22:51:36,641 [BasicRepositoryConnector-repo.maven.apache.org-2-3] INFO  o.e.m.c.i.e.AbstractTransferListenerAdapter - Downloaded https://repo.maven.apache.org/maven2/com/google/code/findbugs/jsr305/1.3.9/jsr305-1.3.9.jar
2025-11-16 22:51:36,668 [BasicRepositoryConnector-repo.maven.apache.org-2-2] INFO  o.e.m.c.i.e.AbstractTransferListenerAdapter - Downloaded https://repo.maven.apache.org/maven2/javax/enterprise/cdi-api/1.0/cdi-api-1.0.jar
2025-11-16 22:51:37,065 [Worker-9: Building] INFO  o.e.m.c.i.e.AbstractTransferListenerAdapter - Downloading https://repo.maven.apache.org/maven2/org/codehaus/plexus/plexus-utils/3.5.1/plexus-utils-3.5.1.pom
2025-11-16 22:51:37,081 [Worker-9: Building] INFO  o.e.m.c.i.e.AbstractTransferListenerAdapter - Downloaded https://repo.maven.apache.org/maven2/org/codehaus/plexus/plexus-utils/3.5.1/plexus-utils-3.5.1.pom
2025-11-16 22:51:37,115 [Worker-9: Building] INFO  o.e.m.c.i.e.AbstractTransferListenerAdapter - Downloading https://repo.maven.apache.org/maven2/org/codehaus/plexus/plexus/10/plexus-10.pom
2025-11-16 22:51:37,132 [Worker-9: Building] INFO  o.e.m.c.i.e.AbstractTransferListenerAdapter - Downloaded https://repo.maven.apache.org/maven2/org/codehaus/plexus/plexus/10/plexus-10.pom
2025-11-16 22:51:37,179 [Worker-9: Building] INFO  o.e.m.c.i.e.AbstractTransferListenerAdapter - Downloading https://repo.maven.apache.org/maven2/org/apache/maven/shared/maven-filtering/3.3.1/maven-filtering-3.3.1.pom
2025-11-16 22:51:37,192 [Worker-9: Building] INFO  o.e.m.c.i.e.AbstractTransferListenerAdapter - Downloaded https://repo.maven.apache.org/maven2/org/apache/maven/shared/maven-filtering/3.3.1/maven-filtering-3.3.1.pom
2025-11-16 22:51:37,246 [Worker-9: Building] INFO  o.e.m.c.i.e.AbstractTransferListenerAdapter - Downloading https://repo.maven.apache.org/maven2/org/apache/maven/shared/maven-shared-components/39/maven-shared-components-39.pom
2025-11-16 22:51:37,259 [Worker-9: Building] INFO  o.e.m.c.i.e.AbstractTransferListenerAdapter - Downloaded https://repo.maven.apache.org/maven2/org/apache/maven/shared/maven-shared-components/39/maven-shared-components-39.pom
2025-11-16 22:51:37,304 [Worker-9: Building] INFO  o.e.m.c.i.e.AbstractTransferListenerAdapter - Downloading https://repo.maven.apache.org/maven2/org/slf4j/slf4j-api/1.7.36/slf4j-api-1.7.36.pom
2025-11-16 22:51:37,316 [Worker-9: Building] INFO  o.e.m.c.i.e.AbstractTransferListenerAdapter - Downloaded https://repo.maven.apache.org/maven2/org/slf4j/slf4j-api/1.7.36/slf4j-api-1.7.36.pom
2025-11-16 22:51:37,350 [Worker-9: Building] INFO  o.e.m.c.i.e.AbstractTransferListenerAdapter - Downloading https://repo.maven.apache.org/maven2/org/slf4j/slf4j-parent/1.7.36/slf4j-parent-1.7.36.pom
2025-11-16 22:51:37,363 [Worker-9: Building] INFO  o.e.m.c.i.e.AbstractTransferListenerAdapter - Downloaded https://repo.maven.apache.org/maven2/org/slf4j/slf4j-parent/1.7.36/slf4j-parent-1.7.36.pom
2025-11-16 22:51:37,407 [Worker-9: Building] INFO  o.e.m.c.i.e.AbstractTransferListenerAdapter - Downloading https://repo.maven.apache.org/maven2/org/codehaus/plexus/plexus-utils/3.5.0/plexus-utils-3.5.0.pom
2025-11-16 22:51:37,419 [Worker-9: Building] INFO  o.e.m.c.i.e.AbstractTransferListenerAdapter - Downloaded https://repo.maven.apache.org/maven2/org/codehaus/plexus/plexus-utils/3.5.0/plexus-utils-3.5.0.pom
2025-11-16 22:51:37,459 [Worker-9: Building] INFO  o.e.m.c.i.e.AbstractTransferListenerAdapter - Downloading https://repo.maven.apache.org/maven2/commons-io/commons-io/2.11.0/commons-io-2.11.0.pom
2025-11-16 22:51:37,473 [Worker-9: Building] INFO  o.e.m.c.i.e.AbstractTransferListenerAdapter - Downloaded https://repo.maven.apache.org/maven2/commons-io/commons-io/2.11.0/commons-io-2.11.0.pom
2025-11-16 22:51:37,512 [Worker-9: Building] INFO  o.e.m.c.i.e.AbstractTransferListenerAdapter - Downloading https://repo.maven.apache.org/maven2/org/junit/junit-bom/5.7.2/junit-bom-5.7.2.pom
2025-11-16 22:51:37,527 [Worker-9: Building] INFO  o.e.m.c.i.e.AbstractTransferListenerAdapter - Downloaded https://repo.maven.apache.org/maven2/org/junit/junit-bom/5.7.2/junit-bom-5.7.2.pom
2025-11-16 22:51:37,568 [Worker-9: Building] INFO  o.e.m.c.i.e.AbstractTransferListenerAdapter - Downloading https://repo.maven.apache.org/maven2/org/codehaus/plexus/plexus-utils/3.5.1/plexus-utils-3.5.1.jar
2025-11-16 22:51:37,610 [Worker-9: Building] INFO  o.e.m.c.i.e.AbstractTransferListenerAdapter - Downloaded https://repo.maven.apache.org/maven2/org/codehaus/plexus/plexus-utils/3.5.1/plexus-utils-3.5.1.jar
2025-11-16 22:51:37,635 [BasicRepositoryConnector-repo.maven.apache.org-3-1] INFO  o.e.m.c.i.e.AbstractTransferListenerAdapter - Downloading https://repo.maven.apache.org/maven2/org/slf4j/slf4j-api/1.7.36/slf4j-api-1.7.36.jar
2025-11-16 22:51:37,647 [BasicRepositoryConnector-repo.maven.apache.org-3-2] INFO  o.e.m.c.i.e.AbstractTransferListenerAdapter - Downloading https://repo.maven.apache.org/maven2/commons-io/commons-io/2.11.0/commons-io-2.11.0.jar
2025-11-16 22:51:37,675 [BasicRepositoryConnector-repo.maven.apache.org-3-0] INFO  o.e.m.c.i.e.AbstractTransferListenerAdapter - Downloading https://repo.maven.apache.org/maven2/org/apache/maven/shared/maven-filtering/3.3.1/maven-filtering-3.3.1.jar
2025-11-16 22:51:37,690 [BasicRepositoryConnector-repo.maven.apache.org-3-2] INFO  o.e.m.c.i.e.AbstractTransferListenerAdapter - Downloaded https://repo.maven.apache.org/maven2/commons-io/commons-io/2.11.0/commons-io-2.11.0.jar
2025-11-16 22:51:37,692 [BasicRepositoryConnector-repo.maven.apache.org-3-0] INFO  o.e.m.c.i.e.AbstractTransferListenerAdapter - Downloaded https://repo.maven.apache.org/maven2/org/apache/maven/shared/maven-filtering/3.3.1/maven-filtering-3.3.1.jar
2025-11-16 22:51:37,893 [BasicRepositoryConnector-repo.maven.apache.org-3-1] INFO  o.e.m.c.i.e.AbstractTransferListenerAdapter - Downloaded https://repo.maven.apache.org/maven2/org/slf4j/slf4j-api/1.7.36/slf4j-api-1.7.36.jar
2025-11-16 22:51:37,920 [Worker-9: Building] INFO  o.a.m.s.f.DefaultMavenResourcesFiltering - Copying 1 resource from src\main\resources to target\classes
2025-11-16 22:51:37,924 [Worker-9: Building] INFO  o.a.m.s.f.DefaultMavenResourcesFiltering - skip non existing resourceDirectory C:\Users\sonjo\eclipse-workspace\BackEndGimalProject\gimalProject\src\test\resources
2025-11-16 22:51:37,930 [Worker-9: Building] WARN  o.apache.maven.project.MavenProject - Direct modification of compileSourceRoots through clear() is deprecated and will not work in Maven 4.0.0. Please use the add/remove methods instead. If you're using a plugin that causes this warning, please upgrade to the latest version and report an issue if the warning persists. To disable these warnings, set -Dmaven.project.sourceRoots.warningsDisabled=true on the command line, in the .mvn/maven.config file, or in project POM properties.
2025-11-16 22:51:37,931 [Worker-9: Building] WARN  o.apache.maven.project.MavenProject - Direct modification of compileSourceRoots through add() is deprecated and will not work in Maven 4.0.0. Please use the add/remove methods instead. If you're using a plugin that causes this warning, please upgrade to the latest version and report an issue if the warning persists. To disable these warnings, set -Dmaven.project.sourceRoots.warningsDisabled=true on the command line, in the .mvn/maven.config file, or in project POM properties.
2025-11-16 22:51:37,931 [Worker-9: Building] WARN  o.apache.maven.project.MavenProject - Direct modification of testCompileSourceRoots through clear() is deprecated and will not work in Maven 4.0.0. Please use the add/remove methods instead. If you're using a plugin that causes this warning, please upgrade to the latest version and report an issue if the warning persists. To disable these warnings, set -Dmaven.project.sourceRoots.warningsDisabled=true on the command line, in the .mvn/maven.config file, or in project POM properties.
2025-11-16 22:51:37,931 [Worker-9: Building] WARN  o.apache.maven.project.MavenProject - Direct modification of testCompileSourceRoots through add() is deprecated and will not work in Maven 4.0.0. Please use the add/remove methods instead. If you're using a plugin that causes this warning, please upgrade to the latest version and report an issue if the warning persists. To disable these warnings, set -Dmaven.project.sourceRoots.warningsDisabled=true on the command line, in the .mvn/maven.config file, or in project POM properties.
2025-11-16 22:51:38,080 [Worker-10: Download sources and javadoc] INFO  o.e.m.c.i.e.AbstractTransferListenerAdapter - Downloading https://repo.maven.apache.org/maven2/io/jsonwebtoken/jjwt-api/0.11.5/jjwt-api-0.11.5-sources.jar
2025-11-16 22:51:38,117 [Worker-10: Download sources and javadoc] INFO  o.e.m.c.i.e.AbstractTransferListenerAdapter - Downloaded https://repo.maven.apache.org/maven2/io/jsonwebtoken/jjwt-api/0.11.5/jjwt-api-0.11.5-sources.jar
2025-11-16 22:51:38,120 [Worker-10: Download sources and javadoc] INFO  o.e.m.j.internal.DownloadSourcesJob - Downloaded sources for io.jsonwebtoken:jjwt-api:0.11.5
2025-11-16 22:51:38,178 [Worker-10: Download sources and javadoc] INFO  o.e.m.c.i.e.AbstractTransferListenerAdapter - Downloading https://repo.maven.apache.org/maven2/io/jsonwebtoken/jjwt-impl/0.11.5/jjwt-impl-0.11.5-sources.jar
2025-11-16 22:51:38,203 [Worker-10: Download sources and javadoc] INFO  o.e.m.c.i.e.AbstractTransferListenerAdapter - Downloaded https://repo.maven.apache.org/maven2/io/jsonwebtoken/jjwt-impl/0.11.5/jjwt-impl-0.11.5-sources.jar
2025-11-16 22:51:38,205 [Worker-10: Download sources and javadoc] INFO  o.e.m.j.internal.DownloadSourcesJob - Downloaded sources for io.jsonwebtoken:jjwt-impl:0.11.5
2025-11-16 22:51:38,267 [Worker-10: Download sources and javadoc] INFO  o.e.m.c.i.e.AbstractTransferListenerAdapter - Downloading https://repo.maven.apache.org/maven2/io/jsonwebtoken/jjwt-jackson/0.11.5/jjwt-jackson-0.11.5-sources.jar
2025-11-16 22:51:38,311 [Worker-10: Download sources and javadoc] INFO  o.e.m.c.i.e.AbstractTransferListenerAdapter - Downloaded https://repo.maven.apache.org/maven2/io/jsonwebtoken/jjwt-jackson/0.11.5/jjwt-jackson-0.11.5-sources.jar
2025-11-16 22:51:38,312 [Worker-10: Download sources and javadoc] INFO  o.e.m.j.internal.DownloadSourcesJob - Downloaded sources for io.jsonwebtoken:jjwt-jackson:0.11.5
2025-11-16 22:51:38,382 [Worker-10: Download sources and javadoc] INFO  o.e.m.c.i.e.AbstractTransferListenerAdapter - Downloading https://repo.maven.apache.org/maven2/com/mysql/mysql-connector-j/8.4.0/mysql-connector-j-8.4.0-sources.jar
2025-11-16 22:51:38,599 [Worker-10: Download sources and javadoc] INFO  o.e.m.c.i.e.AbstractTransferListenerAdapter - Downloaded https://repo.maven.apache.org/maven2/com/mysql/mysql-connector-j/8.4.0/mysql-connector-j-8.4.0-sources.jar
2025-11-16 22:51:38,601 [Worker-10: Download sources and javadoc] INFO  o.e.m.j.internal.DownloadSourcesJob - Downloaded sources for com.mysql:mysql-connector-j:8.4.0
2025-11-16 22:51:38,672 [Worker-10: Download sources and javadoc] INFO  o.e.m.c.i.e.AbstractTransferListenerAdapter - Downloading https://repo.maven.apache.org/maven2/com/google/protobuf/protobuf-java/3.25.1/protobuf-java-3.25.1-sources.jar
2025-11-16 22:51:38,844 [Worker-10: Download sources and javadoc] INFO  o.e.m.c.i.e.AbstractTransferListenerAdapter - Downloaded https://repo.maven.apache.org/maven2/com/google/protobuf/protobuf-java/3.25.1/protobuf-java-3.25.1-sources.jar
2025-11-16 22:51:38,846 [Worker-10: Download sources and javadoc] INFO  o.e.m.j.internal.DownloadSourcesJob - Downloaded sources for com.google.protobuf:protobuf-java:3.25.1
2025-11-16 22:51:38,922 [Worker-10: Download sources and javadoc] INFO  o.e.m.c.i.e.AbstractTransferListenerAdapter - Downloading https://repo.maven.apache.org/maven2/com/fasterxml/jackson/core/jackson-annotations/2.15.2/jackson-annotations-2.15.2-sources.jar
2025-11-16 22:51:38,962 [Worker-10: Download sources and javadoc] INFO  o.e.m.c.i.e.AbstractTransferListenerAdapter - Downloaded https://repo.maven.apache.org/maven2/com/fasterxml/jackson/core/jackson-annotations/2.15.2/jackson-annotations-2.15.2-sources.jar
2025-11-16 22:51:38,964 [Worker-10: Download sources and javadoc] INFO  o.e.m.j.internal.DownloadSourcesJob - Downloaded sources for com.fasterxml.jackson.core:jackson-annotations:2.15.2
2025-11-16 22:51:39,034 [Worker-10: Download sources and javadoc] INFO  o.e.m.c.i.e.AbstractTransferListenerAdapter - Downloading https://repo.maven.apache.org/maven2/com/fasterxml/jackson/core/jackson-core/2.15.2/jackson-core-2.15.2-sources.jar
2025-11-16 22:51:39,137 [Worker-10: Download sources and javadoc] INFO  o.e.m.c.i.e.AbstractTransferListenerAdapter - Downloaded https://repo.maven.apache.org/maven2/com/fasterxml/jackson/core/jackson-core/2.15.2/jackson-core-2.15.2-sources.jar
2025-11-16 22:51:39,140 [Worker-10: Download sources and javadoc] INFO  o.e.m.j.internal.DownloadSourcesJob - Downloaded sources for com.fasterxml.jackson.core:jackson-core:2.15.2
2025-11-16 22:51:39,163 [Worker-6: Updating Maven Dependencies] INFO  o.e.m.c.i.l.LifecycleMappingFactory - Using org.maven.ide.eclipse.wtp.WarLifecycleMapping lifecycle mapping for MavenProject: gimalProject:gimalProject:0.0.1-SNAPSHOT @ C:\Users\sonjo\eclipse-workspace\BackEndGimalProject\gimalProject\pom.xml.
2025-11-16 22:51:39,224 [Worker-10: Download sources and javadoc] INFO  o.e.m.c.i.e.AbstractTransferListenerAdapter - Downloading https://repo.maven.apache.org/maven2/com/fasterxml/jackson/core/jackson-databind/2.15.2/jackson-databind-2.15.2-sources.jar
2025-11-16 22:51:39,271 [Worker-7: Building] INFO  o.a.m.s.f.DefaultMavenResourcesFiltering - Copying 1 resource from src\main\resources to target\classes
2025-11-16 22:51:39,278 [Worker-7: Building] INFO  o.a.m.s.f.DefaultMavenResourcesFiltering - skip non existing resourceDirectory C:\Users\sonjo\eclipse-workspace\BackEndGimalProject\gimalProject\src\test\resources
2025-11-16 22:51:39,407 [Worker-10: Download sources and javadoc] INFO  o.e.m.c.i.e.AbstractTransferListenerAdapter - Downloaded https://repo.maven.apache.org/maven2/com/fasterxml/jackson/core/jackson-databind/2.15.2/jackson-databind-2.15.2-sources.jar
2025-11-16 22:51:39,409 [Worker-10: Download sources and javadoc] INFO  o.e.m.j.internal.DownloadSourcesJob - Downloaded sources for com.fasterxml.jackson.core:jackson-databind:2.15.2
2025-11-16 22:51:39,481 [Worker-10: Download sources and javadoc] INFO  o.e.m.c.i.e.AbstractTransferListenerAdapter - Downloading https://repo.maven.apache.org/maven2/jakarta/servlet/jakarta.servlet-api/6.0.0/jakarta.servlet-api-6.0.0-sources.jar
2025-11-16 22:51:39,486 [Worker-7: Building] WARN  o.apache.maven.project.MavenProject - Direct modification of compileSourceRoots through clear() is deprecated and will not work in Maven 4.0.0. Please use the add/remove methods instead. If you're using a plugin that causes this warning, please upgrade to the latest version and report an issue if the warning persists. To disable these warnings, set -Dmaven.project.sourceRoots.warningsDisabled=true on the command line, in the .mvn/maven.config file, or in project POM properties.
2025-11-16 22:51:39,486 [Worker-7: Building] WARN  o.apache.maven.project.MavenProject - Direct modification of compileSourceRoots through add() is deprecated and will not work in Maven 4.0.0. Please use the add/remove methods instead. If you're using a plugin that causes this warning, please upgrade to the latest version and report an issue if the warning persists. To disable these warnings, set -Dmaven.project.sourceRoots.warningsDisabled=true on the command line, in the .mvn/maven.config file, or in project POM properties.
2025-11-16 22:51:39,486 [Worker-7: Building] WARN  o.apache.maven.project.MavenProject - Direct modification of testCompileSourceRoots through clear() is deprecated and will not work in Maven 4.0.0. Please use the add/remove methods instead. If you're using a plugin that causes this warning, please upgrade to the latest version and report an issue if the warning persists. To disable these warnings, set -Dmaven.project.sourceRoots.warningsDisabled=true on the command line, in the .mvn/maven.config file, or in project POM properties.
2025-11-16 22:51:39,486 [Worker-7: Building] WARN  o.apache.maven.project.MavenProject - Direct modification of testCompileSourceRoots through add() is deprecated and will not work in Maven 4.0.0. Please use the add/remove methods instead. If you're using a plugin that causes this warning, please upgrade to the latest version and report an issue if the warning persists. To disable these warnings, set -Dmaven.project.sourceRoots.warningsDisabled=true on the command line, in the .mvn/maven.config file, or in project POM properties.
2025-11-16 22:51:39,559 [Worker-10: Download sources and javadoc] INFO  o.e.m.c.i.e.AbstractTransferListenerAdapter - Downloaded https://repo.maven.apache.org/maven2/jakarta/servlet/jakarta.servlet-api/6.0.0/jakarta.servlet-api-6.0.0-sources.jar
2025-11-16 22:51:39,562 [Worker-10: Download sources and javadoc] INFO  o.e.m.j.internal.DownloadSourcesJob - Downloaded sources for jakarta.servlet:jakarta.servlet-api:6.0.0
2025-11-16 22:51:39,644 [Worker-10: Download sources and javadoc] INFO  o.e.m.c.i.e.AbstractTransferListenerAdapter - Downloading https://repo.maven.apache.org/maven2/jakarta/security/auth/message/jakarta.security.auth.message-api/1.1.3/jakarta.security.auth.message-api-1.1.3-sources.jar
2025-11-16 22:51:39,667 [Worker-10: Download sources and javadoc] INFO  o.e.m.c.i.e.AbstractTransferListenerAdapter - Downloaded https://repo.maven.apache.org/maven2/jakarta/security/auth/message/jakarta.security.auth.message-api/1.1.3/jakarta.security.auth.message-api-1.1.3-sources.jar
2025-11-16 22:51:39,668 [Worker-10: Download sources and javadoc] INFO  o.e.m.j.internal.DownloadSourcesJob - Downloaded sources for jakarta.security.auth.message:jakarta.security.auth.message-api:1.1.3
2025-11-16 22:51:39,727 [Worker-10: Download sources and javadoc] INFO  o.e.m.c.i.e.AbstractTransferListenerAdapter - Downloading https://repo.maven.apache.org/maven2/io/swagger/core/v3/swagger-jaxrs2/2.2.3/swagger-jaxrs2-2.2.3-sources.jar
2025-11-16 22:51:40,021 [Worker-10: Download sources and javadoc] INFO  o.e.m.c.i.e.AbstractTransferListenerAdapter - Downloaded https://repo.maven.apache.org/maven2/io/swagger/core/v3/swagger-jaxrs2/2.2.3/swagger-jaxrs2-2.2.3-sources.jar
2025-11-16 22:51:40,022 [Worker-10: Download sources and javadoc] INFO  o.e.m.j.internal.DownloadSourcesJob - Downloaded sources for io.swagger.core.v3:swagger-jaxrs2:2.2.3
2025-11-16 22:51:40,063 [Worker-10: Download sources and javadoc] INFO  o.e.m.c.i.e.AbstractTransferListenerAdapter - Downloading https://repo.maven.apache.org/maven2/io/github/classgraph/classgraph/4.8.149/classgraph-4.8.149-sources.jar
2025-11-16 22:51:40,123 [Worker-10: Download sources and javadoc] INFO  o.e.m.c.i.e.AbstractTransferListenerAdapter - Downloaded https://repo.maven.apache.org/maven2/io/github/classgraph/classgraph/4.8.149/classgraph-4.8.149-sources.jar
2025-11-16 22:51:40,124 [Worker-10: Download sources and javadoc] INFO  o.e.m.j.internal.DownloadSourcesJob - Downloaded sources for io.github.classgraph:classgraph:4.8.149
2025-11-16 22:51:40,213 [Worker-10: Download sources and javadoc] INFO  o.e.m.c.i.e.AbstractTransferListenerAdapter - Downloading https://repo.maven.apache.org/maven2/org/javassist/javassist/3.25.0-GA/javassist-3.25.0-GA-sources.jar
2025-11-16 22:51:40,277 [Worker-10: Download sources and javadoc] INFO  o.e.m.c.i.e.AbstractTransferListenerAdapter - Downloaded https://repo.maven.apache.org/maven2/org/javassist/javassist/3.25.0-GA/javassist-3.25.0-GA-sources.jar
2025-11-16 22:51:40,279 [Worker-10: Download sources and javadoc] INFO  o.e.m.j.internal.DownloadSourcesJob - Downloaded sources for org.javassist:javassist:3.25.0-GA
2025-11-16 22:51:40,326 [Worker-10: Download sources and javadoc] INFO  o.e.m.c.i.e.AbstractTransferListenerAdapter - Downloading https://repo.maven.apache.org/maven2/io/swagger/core/v3/swagger-models/2.2.3/swagger-models-2.2.3-sources.jar
2025-11-16 22:51:40,347 [Worker-10: Download sources and javadoc] INFO  o.e.m.c.i.e.AbstractTransferListenerAdapter - Downloaded https://repo.maven.apache.org/maven2/io/swagger/core/v3/swagger-models/2.2.3/swagger-models-2.2.3-sources.jar
2025-11-16 22:51:40,349 [Worker-10: Download sources and javadoc] INFO  o.e.m.j.internal.DownloadSourcesJob - Downloaded sources for io.swagger.core.v3:swagger-models:2.2.3
2025-11-16 22:51:40,395 [Worker-10: Download sources and javadoc] INFO  o.e.m.c.i.e.AbstractTransferListenerAdapter - Downloading https://repo.maven.apache.org/maven2/com/fasterxml/jackson/jaxrs/jackson-jaxrs-json-provider/2.13.3/jackson-jaxrs-json-provider-2.13.3-sources.jar
2025-11-16 22:51:40,511 [Worker-10: Download sources and javadoc] INFO  o.e.m.c.i.e.AbstractTransferListenerAdapter - Downloaded https://repo.maven.apache.org/maven2/com/fasterxml/jackson/jaxrs/jackson-jaxrs-json-provider/2.13.3/jackson-jaxrs-json-provider-2.13.3-sources.jar
2025-11-16 22:51:40,513 [Worker-10: Download sources and javadoc] INFO  o.e.m.j.internal.DownloadSourcesJob - Downloaded sources for com.fasterxml.jackson.jaxrs:jackson-jaxrs-json-provider:2.13.3
2025-11-16 22:51:40,552 [Worker-10: Download sources and javadoc] INFO  o.e.m.c.i.e.AbstractTransferListenerAdapter - Downloading https://repo.maven.apache.org/maven2/com/fasterxml/jackson/jaxrs/jackson-jaxrs-base/2.13.3/jackson-jaxrs-base-2.13.3-sources.jar
2025-11-16 22:51:40,708 [Worker-10: Download sources and javadoc] INFO  o.e.m.c.i.e.AbstractTransferListenerAdapter - Downloaded https://repo.maven.apache.org/maven2/com/fasterxml/jackson/jaxrs/jackson-jaxrs-base/2.13.3/jackson-jaxrs-base-2.13.3-sources.jar
2025-11-16 22:51:40,709 [Worker-10: Download sources and javadoc] INFO  o.e.m.j.internal.DownloadSourcesJob - Downloaded sources for com.fasterxml.jackson.jaxrs:jackson-jaxrs-base:2.13.3
2025-11-16 22:51:40,756 [Worker-10: Download sources and javadoc] INFO  o.e.m.c.i.e.AbstractTransferListenerAdapter - Downloading https://repo.maven.apache.org/maven2/com/fasterxml/jackson/module/jackson-module-jaxb-annotations/2.13.3/jackson-module-jaxb-annotations-2.13.3-sources.jar
2025-11-16 22:51:40,879 [Worker-10: Download sources and javadoc] INFO  o.e.m.c.i.e.AbstractTransferListenerAdapter - Downloaded https://repo.maven.apache.org/maven2/com/fasterxml/jackson/module/jackson-module-jaxb-annotations/2.13.3/jackson-module-jaxb-annotations-2.13.3-sources.jar
2025-11-16 22:51:40,881 [Worker-10: Download sources and javadoc] INFO  o.e.m.j.internal.DownloadSourcesJob - Downloaded sources for com.fasterxml.jackson.module:jackson-module-jaxb-annotations:2.13.3
2025-11-16 22:51:40,923 [Worker-10: Download sources and javadoc] INFO  o.e.m.c.i.e.AbstractTransferListenerAdapter - Downloading https://repo.maven.apache.org/maven2/jakarta/activation/jakarta.activation-api/1.2.1/jakarta.activation-api-1.2.1-sources.jar
2025-11-16 22:51:41,138 [Worker-10: Download sources and javadoc] INFO  o.e.m.c.i.e.AbstractTransferListenerAdapter - Downloaded https://repo.maven.apache.org/maven2/jakarta/activation/jakarta.activation-api/1.2.1/jakarta.activation-api-1.2.1-sources.jar
2025-11-16 22:51:41,139 [Worker-10: Download sources and javadoc] INFO  o.e.m.j.internal.DownloadSourcesJob - Downloaded sources for jakarta.activation:jakarta.activation-api:1.2.1
2025-11-16 22:51:41,203 [Worker-10: Download sources and javadoc] INFO  o.e.m.c.i.e.AbstractTransferListenerAdapter - Downloading https://repo.maven.apache.org/maven2/io/swagger/core/v3/swagger-integration/2.2.3/swagger-integration-2.2.3-sources.jar
2025-11-16 22:51:41,384 [Worker-10: Download sources and javadoc] INFO  o.e.m.c.i.e.AbstractTransferListenerAdapter - Downloaded https://repo.maven.apache.org/maven2/io/swagger/core/v3/swagger-integration/2.2.3/swagger-integration-2.2.3-sources.jar
2025-11-16 22:51:41,386 [Worker-10: Download sources and javadoc] INFO  o.e.m.j.internal.DownloadSourcesJob - Downloaded sources for io.swagger.core.v3:swagger-integration:2.2.3
2025-11-16 22:51:41,443 [Worker-10: Download sources and javadoc] INFO  o.e.m.c.i.e.AbstractTransferListenerAdapter - Downloading https://repo.maven.apache.org/maven2/io/swagger/core/v3/swagger-core/2.2.3/swagger-core-2.2.3-sources.jar
2025-11-16 22:51:41,468 [Worker-10: Download sources and javadoc] INFO  o.e.m.c.i.e.AbstractTransferListenerAdapter - Downloaded https://repo.maven.apache.org/maven2/io/swagger/core/v3/swagger-core/2.2.3/swagger-core-2.2.3-sources.jar
2025-11-16 22:51:41,469 [Worker-10: Download sources and javadoc] INFO  o.e.m.j.internal.DownloadSourcesJob - Downloaded sources for io.swagger.core.v3:swagger-core:2.2.3
2025-11-16 22:51:41,533 [Worker-10: Download sources and javadoc] INFO  o.e.m.c.i.e.AbstractTransferListenerAdapter - Downloading https://repo.maven.apache.org/maven2/jakarta/xml/bind/jakarta.xml.bind-api/2.3.2/jakarta.xml.bind-api-2.3.2-sources.jar
2025-11-16 22:51:41,566 [Worker-10: Download sources and javadoc] INFO  o.e.m.c.i.e.AbstractTransferListenerAdapter - Downloaded https://repo.maven.apache.org/maven2/jakarta/xml/bind/jakarta.xml.bind-api/2.3.2/jakarta.xml.bind-api-2.3.2-sources.jar
2025-11-16 22:51:41,568 [Worker-10: Download sources and javadoc] INFO  o.e.m.j.internal.DownloadSourcesJob - Downloaded sources for jakarta.xml.bind:jakarta.xml.bind-api:2.3.2
2025-11-16 22:51:41,617 [Worker-10: Download sources and javadoc] INFO  o.e.m.c.i.e.AbstractTransferListenerAdapter - Downloading https://repo.maven.apache.org/maven2/org/apache/commons/commons-lang3/3.12.0/commons-lang3-3.12.0-sources.jar
2025-11-16 22:51:41,692 [Worker-10: Download sources and javadoc] INFO  o.e.m.c.i.e.AbstractTransferListenerAdapter - Downloaded https://repo.maven.apache.org/maven2/org/apache/commons/commons-lang3/3.12.0/commons-lang3-3.12.0-sources.jar
2025-11-16 22:51:41,695 [Worker-10: Download sources and javadoc] INFO  o.e.m.j.internal.DownloadSourcesJob - Downloaded sources for org.apache.commons:commons-lang3:3.12.0
2025-11-16 22:51:41,746 [Worker-10: Download sources and javadoc] INFO  o.e.m.c.i.e.AbstractTransferListenerAdapter - Downloading https://repo.maven.apache.org/maven2/org/slf4j/slf4j-api/1.7.35/slf4j-api-1.7.35-sources.jar
2025-11-16 22:51:41,768 [Worker-10: Download sources and javadoc] INFO  o.e.m.c.i.e.AbstractTransferListenerAdapter - Downloaded https://repo.maven.apache.org/maven2/org/slf4j/slf4j-api/1.7.35/slf4j-api-1.7.35-sources.jar
2025-11-16 22:51:41,770 [Worker-10: Download sources and javadoc] INFO  o.e.m.j.internal.DownloadSourcesJob - Downloaded sources for org.slf4j:slf4j-api:1.7.35
2025-11-16 22:51:41,842 [Worker-10: Download sources and javadoc] INFO  o.e.m.c.i.e.AbstractTransferListenerAdapter - Downloading https://repo.maven.apache.org/maven2/com/fasterxml/jackson/dataformat/jackson-dataformat-yaml/2.13.3/jackson-dataformat-yaml-2.13.3-sources.jar
2025-11-16 22:51:42,015 [Worker-10: Download sources and javadoc] INFO  o.e.m.c.i.e.AbstractTransferListenerAdapter - Downloaded https://repo.maven.apache.org/maven2/com/fasterxml/jackson/dataformat/jackson-dataformat-yaml/2.13.3/jackson-dataformat-yaml-2.13.3-sources.jar
2025-11-16 22:51:42,018 [Worker-10: Download sources and javadoc] INFO  o.e.m.j.internal.DownloadSourcesJob - Downloaded sources for com.fasterxml.jackson.dataformat:jackson-dataformat-yaml:2.13.3
2025-11-16 22:51:42,068 [Worker-10: Download sources and javadoc] INFO  o.e.m.c.i.e.AbstractTransferListenerAdapter - Downloading https://repo.maven.apache.org/maven2/org/yaml/snakeyaml/1.30/snakeyaml-1.30-sources.jar
2025-11-16 22:51:42,101 [Worker-10: Download sources and javadoc] INFO  o.e.m.c.i.e.AbstractTransferListenerAdapter - Downloaded https://repo.maven.apache.org/maven2/org/yaml/snakeyaml/1.30/snakeyaml-1.30-sources.jar
2025-11-16 22:51:42,102 [Worker-10: Download sources and javadoc] INFO  o.e.m.j.internal.DownloadSourcesJob - Downloaded sources for org.yaml:snakeyaml:1.30
2025-11-16 22:51:42,148 [Worker-10: Download sources and javadoc] INFO  o.e.m.c.i.e.AbstractTransferListenerAdapter - Downloading https://repo.maven.apache.org/maven2/com/fasterxml/jackson/datatype/jackson-datatype-jsr310/2.13.3/jackson-datatype-jsr310-2.13.3-sources.jar
2025-11-16 22:51:42,170 [Worker-10: Download sources and javadoc] INFO  o.e.m.c.i.e.AbstractTransferListenerAdapter - Downloaded https://repo.maven.apache.org/maven2/com/fasterxml/jackson/datatype/jackson-datatype-jsr310/2.13.3/jackson-datatype-jsr310-2.13.3-sources.jar
2025-11-16 22:51:42,173 [Worker-10: Download sources and javadoc] INFO  o.e.m.j.internal.DownloadSourcesJob - Downloaded sources for com.fasterxml.jackson.datatype:jackson-datatype-jsr310:2.13.3
2025-11-16 22:51:42,236 [Worker-10: Download sources and javadoc] INFO  o.e.m.c.i.e.AbstractTransferListenerAdapter - Downloading https://repo.maven.apache.org/maven2/jakarta/validation/jakarta.validation-api/2.0.2/jakarta.validation-api-2.0.2-sources.jar
2025-11-16 22:51:42,258 [Worker-10: Download sources and javadoc] INFO  o.e.m.c.i.e.AbstractTransferListenerAdapter - Downloaded https://repo.maven.apache.org/maven2/jakarta/validation/jakarta.validation-api/2.0.2/jakarta.validation-api-2.0.2-sources.jar
2025-11-16 22:51:42,260 [Worker-10: Download sources and javadoc] INFO  o.e.m.j.internal.DownloadSourcesJob - Downloaded sources for jakarta.validation:jakarta.validation-api:2.0.2
2025-11-16 22:51:42,314 [Worker-10: Download sources and javadoc] INFO  o.e.m.c.i.e.AbstractTransferListenerAdapter - Downloading https://repo.maven.apache.org/maven2/io/swagger/core/v3/swagger-annotations/2.2.3/swagger-annotations-2.2.3-sources.jar
2025-11-16 22:51:42,655 [Worker-10: Download sources and javadoc] INFO  o.e.m.c.i.e.AbstractTransferListenerAdapter - Downloaded https://repo.maven.apache.org/maven2/io/swagger/core/v3/swagger-annotations/2.2.3/swagger-annotations-2.2.3-sources.jar
2025-11-16 22:51:42,656 [Worker-10: Download sources and javadoc] INFO  o.e.m.j.internal.DownloadSourcesJob - Downloaded sources for io.swagger.core.v3:swagger-annotations:2.2.3
2025-11-16 22:51:42,694 [Worker-10: Download sources and javadoc] INFO  o.e.m.c.i.e.AbstractTransferListenerAdapter - Downloading https://repo.maven.apache.org/maven2/org/apache/tomcat/tomcat-catalina/10.1.14/tomcat-catalina-10.1.14-sources.jar
2025-11-16 22:51:42,862 [Worker-10: Download sources and javadoc] INFO  o.e.m.c.i.e.AbstractTransferListenerAdapter - Downloaded https://repo.maven.apache.org/maven2/org/apache/tomcat/tomcat-catalina/10.1.14/tomcat-catalina-10.1.14-sources.jar
2025-11-16 22:51:42,864 [Worker-10: Download sources and javadoc] INFO  o.e.m.j.internal.DownloadSourcesJob - Downloaded sources for org.apache.tomcat:tomcat-catalina:10.1.14
2025-11-16 22:51:42,929 [Worker-10: Download sources and javadoc] INFO  o.e.m.c.i.e.AbstractTransferListenerAdapter - Downloading https://repo.maven.apache.org/maven2/org/apache/tomcat/tomcat-servlet-api/10.1.14/tomcat-servlet-api-10.1.14-sources.jar
2025-11-16 22:51:43,021 [Worker-10: Download sources and javadoc] INFO  o.e.m.c.i.e.AbstractTransferListenerAdapter - Downloaded https://repo.maven.apache.org/maven2/org/apache/tomcat/tomcat-servlet-api/10.1.14/tomcat-servlet-api-10.1.14-sources.jar
2025-11-16 22:51:43,022 [Worker-10: Download sources and javadoc] INFO  o.e.m.j.internal.DownloadSourcesJob - Downloaded sources for org.apache.tomcat:tomcat-servlet-api:10.1.14
2025-11-16 22:51:43,080 [Worker-10: Download sources and javadoc] INFO  o.e.m.c.i.e.AbstractTransferListenerAdapter - Downloading https://repo.maven.apache.org/maven2/org/apache/tomcat/tomcat-jsp-api/10.1.14/tomcat-jsp-api-10.1.14-sources.jar
2025-11-16 22:51:43,104 [Worker-10: Download sources and javadoc] INFO  o.e.m.c.i.e.AbstractTransferListenerAdapter - Downloaded https://repo.maven.apache.org/maven2/org/apache/tomcat/tomcat-jsp-api/10.1.14/tomcat-jsp-api-10.1.14-sources.jar
2025-11-16 22:51:43,105 [Worker-10: Download sources and javadoc] INFO  o.e.m.j.internal.DownloadSourcesJob - Downloaded sources for org.apache.tomcat:tomcat-jsp-api:10.1.14
2025-11-16 22:51:43,151 [Worker-10: Download sources and javadoc] INFO  o.e.m.c.i.e.AbstractTransferListenerAdapter - Downloading https://repo.maven.apache.org/maven2/org/apache/tomcat/tomcat-el-api/10.1.14/tomcat-el-api-10.1.14-sources.jar
2025-11-16 22:51:43,172 [Worker-10: Download sources and javadoc] INFO  o.e.m.c.i.e.AbstractTransferListenerAdapter - Downloaded https://repo.maven.apache.org/maven2/org/apache/tomcat/tomcat-el-api/10.1.14/tomcat-el-api-10.1.14-sources.jar
2025-11-16 22:51:43,173 [Worker-10: Download sources and javadoc] INFO  o.e.m.j.internal.DownloadSourcesJob - Downloaded sources for org.apache.tomcat:tomcat-el-api:10.1.14
2025-11-16 22:51:43,212 [Worker-10: Download sources and javadoc] INFO  o.e.m.c.i.e.AbstractTransferListenerAdapter - Downloading https://repo.maven.apache.org/maven2/org/apache/tomcat/tomcat-juli/10.1.14/tomcat-juli-10.1.14-sources.jar
2025-11-16 22:51:43,340 [Worker-10: Download sources and javadoc] INFO  o.e.m.c.i.e.AbstractTransferListenerAdapter - Downloaded https://repo.maven.apache.org/maven2/org/apache/tomcat/tomcat-juli/10.1.14/tomcat-juli-10.1.14-sources.jar
2025-11-16 22:51:43,341 [Worker-10: Download sources and javadoc] INFO  o.e.m.j.internal.DownloadSourcesJob - Downloaded sources for org.apache.tomcat:tomcat-juli:10.1.14
2025-11-16 22:51:43,438 [Worker-10: Download sources and javadoc] INFO  o.e.m.c.i.e.AbstractTransferListenerAdapter - Downloading https://repo.maven.apache.org/maven2/org/apache/tomcat/tomcat-annotations-api/10.1.14/tomcat-annotations-api-10.1.14-sources.jar
2025-11-16 22:51:43,571 [Worker-10: Download sources and javadoc] INFO  o.e.m.c.i.e.AbstractTransferListenerAdapter - Downloaded https://repo.maven.apache.org/maven2/org/apache/tomcat/tomcat-annotations-api/10.1.14/tomcat-annotations-api-10.1.14-sources.jar
2025-11-16 22:51:43,573 [Worker-10: Download sources and javadoc] INFO  o.e.m.j.internal.DownloadSourcesJob - Downloaded sources for org.apache.tomcat:tomcat-annotations-api:10.1.14
2025-11-16 22:51:43,608 [Worker-10: Download sources and javadoc] INFO  o.e.m.c.i.e.AbstractTransferListenerAdapter - Downloading https://repo.maven.apache.org/maven2/org/apache/tomcat/tomcat-api/10.1.14/tomcat-api-10.1.14-sources.jar
2025-11-16 22:51:43,711 [Worker-10: Download sources and javadoc] INFO  o.e.m.c.i.e.AbstractTransferListenerAdapter - Downloaded https://repo.maven.apache.org/maven2/org/apache/tomcat/tomcat-api/10.1.14/tomcat-api-10.1.14-sources.jar
2025-11-16 22:51:43,713 [Worker-10: Download sources and javadoc] INFO  o.e.m.j.internal.DownloadSourcesJob - Downloaded sources for org.apache.tomcat:tomcat-api:10.1.14
2025-11-16 22:51:43,760 [Worker-10: Download sources and javadoc] INFO  o.e.m.c.i.e.AbstractTransferListenerAdapter - Downloading https://repo.maven.apache.org/maven2/org/apache/tomcat/tomcat-jni/10.1.14/tomcat-jni-10.1.14-sources.jar
2025-11-16 22:51:43,872 [Worker-10: Download sources and javadoc] INFO  o.e.m.c.i.e.AbstractTransferListenerAdapter - Downloaded https://repo.maven.apache.org/maven2/org/apache/tomcat/tomcat-jni/10.1.14/tomcat-jni-10.1.14-sources.jar
2025-11-16 22:51:43,874 [Worker-10: Download sources and javadoc] INFO  o.e.m.j.internal.DownloadSourcesJob - Downloaded sources for org.apache.tomcat:tomcat-jni:10.1.14
2025-11-16 22:51:43,933 [Worker-10: Download sources and javadoc] INFO  o.e.m.c.i.e.AbstractTransferListenerAdapter - Downloading https://repo.maven.apache.org/maven2/org/apache/tomcat/tomcat-coyote/10.1.14/tomcat-coyote-10.1.14-sources.jar
2025-11-16 22:51:44,026 [Worker-10: Download sources and javadoc] INFO  o.e.m.c.i.e.AbstractTransferListenerAdapter - Downloaded https://repo.maven.apache.org/maven2/org/apache/tomcat/tomcat-coyote/10.1.14/tomcat-coyote-10.1.14-sources.jar
2025-11-16 22:51:44,029 [Worker-10: Download sources and javadoc] INFO  o.e.m.j.internal.DownloadSourcesJob - Downloaded sources for org.apache.tomcat:tomcat-coyote:10.1.14
2025-11-16 22:51:44,108 [Worker-10: Download sources and javadoc] INFO  o.e.m.c.i.e.AbstractTransferListenerAdapter - Downloading https://repo.maven.apache.org/maven2/org/apache/tomcat/tomcat-util/10.1.14/tomcat-util-10.1.14-sources.jar
2025-11-16 22:51:44,148 [Worker-10: Download sources and javadoc] INFO  o.e.m.c.i.e.AbstractTransferListenerAdapter - Downloaded https://repo.maven.apache.org/maven2/org/apache/tomcat/tomcat-util/10.1.14/tomcat-util-10.1.14-sources.jar
2025-11-16 22:51:44,149 [Worker-10: Download sources and javadoc] INFO  o.e.m.j.internal.DownloadSourcesJob - Downloaded sources for org.apache.tomcat:tomcat-util:10.1.14
2025-11-16 22:51:44,197 [Worker-10: Download sources and javadoc] INFO  o.e.m.c.i.e.AbstractTransferListenerAdapter - Downloading https://repo.maven.apache.org/maven2/org/apache/tomcat/tomcat-util-scan/10.1.14/tomcat-util-scan-10.1.14-sources.jar
2025-11-16 22:51:44,233 [Worker-10: Download sources and javadoc] INFO  o.e.m.c.i.e.AbstractTransferListenerAdapter - Downloaded https://repo.maven.apache.org/maven2/org/apache/tomcat/tomcat-util-scan/10.1.14/tomcat-util-scan-10.1.14-sources.jar
2025-11-16 22:51:44,235 [Worker-10: Download sources and javadoc] INFO  o.e.m.j.internal.DownloadSourcesJob - Downloaded sources for org.apache.tomcat:tomcat-util-scan:10.1.14
2025-11-16 22:51:44,283 [Worker-10: Download sources and javadoc] INFO  o.e.m.c.i.e.AbstractTransferListenerAdapter - Downloading https://repo.maven.apache.org/maven2/org/apache/tomcat/tomcat-jaspic-api/10.1.14/tomcat-jaspic-api-10.1.14-sources.jar
2025-11-16 22:51:44,476 [Worker-10: Download sources and javadoc] INFO  o.e.m.c.i.e.AbstractTransferListenerAdapter - Downloaded https://repo.maven.apache.org/maven2/org/apache/tomcat/tomcat-jaspic-api/10.1.14/tomcat-jaspic-api-10.1.14-sources.jar
2025-11-16 22:51:44,478 [Worker-10: Download sources and javadoc] INFO  o.e.m.j.internal.DownloadSourcesJob - Downloaded sources for org.apache.tomcat:tomcat-jaspic-api:10.1.14
2025-11-16 22:57:50,621 [Worker-10: Building] INFO  o.a.m.s.f.DefaultMavenResourcesFiltering - Copying 1 resource from src\main\resources to target\classes
2025-11-16 22:57:50,622 [Worker-10: Building] INFO  o.a.m.s.f.DefaultMavenResourcesFiltering - skip non existing resourceDirectory C:\Users\sonjo\eclipse-workspace\BackEndGimalProject\gimalProject\src\test\resources
2025-11-16 22:57:50,622 [Worker-10: Building] WARN  o.apache.maven.project.MavenProject - Direct modification of compileSourceRoots through clear() is deprecated and will not work in Maven 4.0.0. Please use the add/remove methods instead. If you're using a plugin that causes this warning, please upgrade to the latest version and report an issue if the warning persists. To disable these warnings, set -Dmaven.project.sourceRoots.warningsDisabled=true on the command line, in the .mvn/maven.config file, or in project POM properties.
2025-11-16 22:57:50,622 [Worker-10: Building] WARN  o.apache.maven.project.MavenProject - Direct modification of compileSourceRoots through add() is deprecated and will not work in Maven 4.0.0. Please use the add/remove methods instead. If you're using a plugin that causes this warning, please upgrade to the latest version and report an issue if the warning persists. To disable these warnings, set -Dmaven.project.sourceRoots.warningsDisabled=true on the command line, in the .mvn/maven.config file, or in project POM properties.
2025-11-16 22:57:50,624 [Worker-10: Building] WARN  o.apache.maven.project.MavenProject - Direct modification of testCompileSourceRoots through clear() is deprecated and will not work in Maven 4.0.0. Please use the add/remove methods instead. If you're using a plugin that causes this warning, please upgrade to the latest version and report an issue if the warning persists. To disable these warnings, set -Dmaven.project.sourceRoots.warningsDisabled=true on the command line, in the .mvn/maven.config file, or in project POM properties.
2025-11-16 22:57:50,624 [Worker-10: Building] WARN  o.apache.maven.project.MavenProject - Direct modification of testCompileSourceRoots through add() is deprecated and will not work in Maven 4.0.0. Please use the add/remove methods instead. If you're using a plugin that causes this warning, please upgrade to the latest version and report an issue if the warning persists. To disable these warnings, set -Dmaven.project.sourceRoots.warningsDisabled=true on the command line, in the .mvn/maven.config file, or in project POM properties.
2025-11-16 23:11:08,472 [Worker-15: Building] INFO  o.a.m.s.f.DefaultMavenResourcesFiltering - Copying 1 resource from src\main\resources to target\classes
2025-11-16 23:11:08,472 [Worker-15: Building] INFO  o.a.m.s.f.DefaultMavenResourcesFiltering - skip non existing resourceDirectory C:\Users\sonjo\eclipse-workspace\BackEndGimalProject\gimalProject\src\test\resources
2025-11-16 23:11:08,474 [Worker-15: Building] WARN  o.apache.maven.project.MavenProject - Direct modification of compileSourceRoots through clear() is deprecated and will not work in Maven 4.0.0. Please use the add/remove methods instead. If you're using a plugin that causes this warning, please upgrade to the latest version and report an issue if the warning persists. To disable these warnings, set -Dmaven.project.sourceRoots.warningsDisabled=true on the command line, in the .mvn/maven.config file, or in project POM properties.
2025-11-16 23:11:08,474 [Worker-15: Building] WARN  o.apache.maven.project.MavenProject - Direct modification of compileSourceRoots through add() is deprecated and will not work in Maven 4.0.0. Please use the add/remove methods instead. If you're using a plugin that causes this warning, please upgrade to the latest version and report an issue if the warning persists. To disable these warnings, set -Dmaven.project.sourceRoots.warningsDisabled=true on the command line, in the .mvn/maven.config file, or in project POM properties.
2025-11-16 23:11:08,474 [Worker-15: Building] WARN  o.apache.maven.project.MavenProject - Direct modification of testCompileSourceRoots through clear() is deprecated and will not work in Maven 4.0.0. Please use the add/remove methods instead. If you're using a plugin that causes this warning, please upgrade to the latest version and report an issue if the warning persists. To disable these warnings, set -Dmaven.project.sourceRoots.warningsDisabled=true on the command line, in the .mvn/maven.config file, or in project POM properties.
2025-11-16 23:11:08,474 [Worker-15: Building] WARN  o.apache.maven.project.MavenProject - Direct modification of testCompileSourceRoots through add() is deprecated and will not work in Maven 4.0.0. Please use the add/remove methods instead. If you're using a plugin that causes this warning, please upgrade to the latest version and report an issue if the warning persists. To disable these warnings, set -Dmaven.project.sourceRoots.warningsDisabled=true on the command line, in the .mvn/maven.config file, or in project POM properties.
2025-11-16 23:12:47,245 [Worker-13: Building] INFO  o.a.m.s.f.DefaultMavenResourcesFiltering - Copying 1 resource from src\main\resources to target\classes
2025-11-16 23:12:47,246 [Worker-13: Building] INFO  o.a.m.s.f.DefaultMavenResourcesFiltering - skip non existing resourceDirectory C:\Users\sonjo\eclipse-workspace\BackEndGimalProject\gimalProject\src\test\resources
2025-11-16 23:12:47,246 [Worker-13: Building] WARN  o.apache.maven.project.MavenProject - Direct modification of compileSourceRoots through clear() is deprecated and will not work in Maven 4.0.0. Please use the add/remove methods instead. If you're using a plugin that causes this warning, please upgrade to the latest version and report an issue if the warning persists. To disable these warnings, set -Dmaven.project.sourceRoots.warningsDisabled=true on the command line, in the .mvn/maven.config file, or in project POM properties.
2025-11-16 23:12:47,247 [Worker-13: Building] WARN  o.apache.maven.project.MavenProject - Direct modification of compileSourceRoots through add() is deprecated and will not work in Maven 4.0.0. Please use the add/remove methods instead. If you're using a plugin that causes this warning, please upgrade to the latest version and report an issue if the warning persists. To disable these warnings, set -Dmaven.project.sourceRoots.warningsDisabled=true on the command line, in the .mvn/maven.config file, or in project POM properties.
2025-11-16 23:12:47,247 [Worker-13: Building] WARN  o.apache.maven.project.MavenProject - Direct modification of testCompileSourceRoots through clear() is deprecated and will not work in Maven 4.0.0. Please use the add/remove methods instead. If you're using a plugin that causes this warning, please upgrade to the latest version and report an issue if the warning persists. To disable these warnings, set -Dmaven.project.sourceRoots.warningsDisabled=true on the command line, in the .mvn/maven.config file, or in project POM properties.
2025-11-16 23:12:47,247 [Worker-13: Building] WARN  o.apache.maven.project.MavenProject - Direct modification of testCompileSourceRoots through add() is deprecated and will not work in Maven 4.0.0. Please use the add/remove methods instead. If you're using a plugin that causes this warning, please upgrade to the latest version and report an issue if the warning persists. To disable these warnings, set -Dmaven.project.sourceRoots.warningsDisabled=true on the command line, in the .mvn/maven.config file, or in project POM properties.
2025-11-16 23:12:57,033 [Worker-15: Building] INFO  o.a.m.s.f.DefaultMavenResourcesFiltering - Copying 1 resource from src\main\resources to target\classes
2025-11-16 23:12:57,034 [Worker-15: Building] INFO  o.a.m.s.f.DefaultMavenResourcesFiltering - skip non existing resourceDirectory C:\Users\sonjo\eclipse-workspace\BackEndGimalProject\gimalProject\src\test\resources
2025-11-16 23:12:57,034 [Worker-15: Building] WARN  o.apache.maven.project.MavenProject - Direct modification of compileSourceRoots through clear() is deprecated and will not work in Maven 4.0.0. Please use the add/remove methods instead. If you're using a plugin that causes this warning, please upgrade to the latest version and report an issue if the warning persists. To disable these warnings, set -Dmaven.project.sourceRoots.warningsDisabled=true on the command line, in the .mvn/maven.config file, or in project POM properties.
2025-11-16 23:12:57,035 [Worker-15: Building] WARN  o.apache.maven.project.MavenProject - Direct modification of compileSourceRoots through add() is deprecated and will not work in Maven 4.0.0. Please use the add/remove methods instead. If you're using a plugin that causes this warning, please upgrade to the latest version and report an issue if the warning persists. To disable these warnings, set -Dmaven.project.sourceRoots.warningsDisabled=true on the command line, in the .mvn/maven.config file, or in project POM properties.
2025-11-16 23:12:57,035 [Worker-15: Building] WARN  o.apache.maven.project.MavenProject - Direct modification of testCompileSourceRoots through clear() is deprecated and will not work in Maven 4.0.0. Please use the add/remove methods instead. If you're using a plugin that causes this warning, please upgrade to the latest version and report an issue if the warning persists. To disable these warnings, set -Dmaven.project.sourceRoots.warningsDisabled=true on the command line, in the .mvn/maven.config file, or in project POM properties.
2025-11-16 23:12:57,035 [Worker-15: Building] WARN  o.apache.maven.project.MavenProject - Direct modification of testCompileSourceRoots through add() is deprecated and will not work in Maven 4.0.0. Please use the add/remove methods instead. If you're using a plugin that causes this warning, please upgrade to the latest version and report an issue if the warning persists. To disable these warnings, set -Dmaven.project.sourceRoots.warningsDisabled=true on the command line, in the .mvn/maven.config file, or in project POM properties.
2025-11-16 23:13:12,241 [Worker-16: Building] INFO  o.a.m.s.f.DefaultMavenResourcesFiltering - Copying 1 resource from src\main\resources to target\classes
2025-11-16 23:13:12,241 [Worker-16: Building] INFO  o.a.m.s.f.DefaultMavenResourcesFiltering - skip non existing resourceDirectory C:\Users\sonjo\eclipse-workspace\BackEndGimalProject\gimalProject\src\test\resources
2025-11-16 23:13:12,243 [Worker-16: Building] WARN  o.apache.maven.project.MavenProject - Direct modification of compileSourceRoots through clear() is deprecated and will not work in Maven 4.0.0. Please use the add/remove methods instead. If you're using a plugin that causes this warning, please upgrade to the latest version and report an issue if the warning persists. To disable these warnings, set -Dmaven.project.sourceRoots.warningsDisabled=true on the command line, in the .mvn/maven.config file, or in project POM properties.
2025-11-16 23:13:12,243 [Worker-16: Building] WARN  o.apache.maven.project.MavenProject - Direct modification of compileSourceRoots through add() is deprecated and will not work in Maven 4.0.0. Please use the add/remove methods instead. If you're using a plugin that causes this warning, please upgrade to the latest version and report an issue if the warning persists. To disable these warnings, set -Dmaven.project.sourceRoots.warningsDisabled=true on the command line, in the .mvn/maven.config file, or in project POM properties.
2025-11-16 23:13:12,243 [Worker-16: Building] WARN  o.apache.maven.project.MavenProject - Direct modification of testCompileSourceRoots through clear() is deprecated and will not work in Maven 4.0.0. Please use the add/remove methods instead. If you're using a plugin that causes this warning, please upgrade to the latest version and report an issue if the warning persists. To disable these warnings, set -Dmaven.project.sourceRoots.warningsDisabled=true on the command line, in the .mvn/maven.config file, or in project POM properties.
2025-11-16 23:13:12,243 [Worker-16: Building] WARN  o.apache.maven.project.MavenProject - Direct modification of testCompileSourceRoots through add() is deprecated and will not work in Maven 4.0.0. Please use the add/remove methods instead. If you're using a plugin that causes this warning, please upgrade to the latest version and report an issue if the warning persists. To disable these warnings, set -Dmaven.project.sourceRoots.warningsDisabled=true on the command line, in the .mvn/maven.config file, or in project POM properties.
2025-11-16 23:14:05,941 [Worker-15: Building] INFO  o.a.m.s.f.DefaultMavenResourcesFiltering - Copying 1 resource from src\main\resources to target\classes
2025-11-16 23:14:05,942 [Worker-15: Building] INFO  o.a.m.s.f.DefaultMavenResourcesFiltering - skip non existing resourceDirectory C:\Users\sonjo\eclipse-workspace\BackEndGimalProject\gimalProject\src\test\resources
2025-11-16 23:14:05,942 [Worker-15: Building] WARN  o.apache.maven.project.MavenProject - Direct modification of compileSourceRoots through clear() is deprecated and will not work in Maven 4.0.0. Please use the add/remove methods instead. If you're using a plugin that causes this warning, please upgrade to the latest version and report an issue if the warning persists. To disable these warnings, set -Dmaven.project.sourceRoots.warningsDisabled=true on the command line, in the .mvn/maven.config file, or in project POM properties.
2025-11-16 23:14:05,942 [Worker-15: Building] WARN  o.apache.maven.project.MavenProject - Direct modification of compileSourceRoots through add() is deprecated and will not work in Maven 4.0.0. Please use the add/remove methods instead. If you're using a plugin that causes this warning, please upgrade to the latest version and report an issue if the warning persists. To disable these warnings, set -Dmaven.project.sourceRoots.warningsDisabled=true on the command line, in the .mvn/maven.config file, or in project POM properties.
2025-11-16 23:14:05,943 [Worker-15: Building] WARN  o.apache.maven.project.MavenProject - Direct modification of testCompileSourceRoots through clear() is deprecated and will not work in Maven 4.0.0. Please use the add/remove methods instead. If you're using a plugin that causes this warning, please upgrade to the latest version and report an issue if the warning persists. To disable these warnings, set -Dmaven.project.sourceRoots.warningsDisabled=true on the command line, in the .mvn/maven.config file, or in project POM properties.
2025-11-16 23:14:05,943 [Worker-15: Building] WARN  o.apache.maven.project.MavenProject - Direct modification of testCompileSourceRoots through add() is deprecated and will not work in Maven 4.0.0. Please use the add/remove methods instead. If you're using a plugin that causes this warning, please upgrade to the latest version and report an issue if the warning persists. To disable these warnings, set -Dmaven.project.sourceRoots.warningsDisabled=true on the command line, in the .mvn/maven.config file, or in project POM properties.
2025-11-16 23:17:46,340 [Worker-12: Building] INFO  o.a.m.s.f.DefaultMavenResourcesFiltering - Copying 1 resource from src\main\resources to target\classes
2025-11-16 23:17:46,341 [Worker-12: Building] INFO  o.a.m.s.f.DefaultMavenResourcesFiltering - skip non existing resourceDirectory C:\Users\sonjo\eclipse-workspace\BackEndGimalProject\gimalProject\src\test\resources
2025-11-16 23:17:46,341 [Worker-12: Building] WARN  o.apache.maven.project.MavenProject - Direct modification of compileSourceRoots through clear() is deprecated and will not work in Maven 4.0.0. Please use the add/remove methods instead. If you're using a plugin that causes this warning, please upgrade to the latest version and report an issue if the warning persists. To disable these warnings, set -Dmaven.project.sourceRoots.warningsDisabled=true on the command line, in the .mvn/maven.config file, or in project POM properties.
2025-11-16 23:17:46,341 [Worker-12: Building] WARN  o.apache.maven.project.MavenProject - Direct modification of compileSourceRoots through add() is deprecated and will not work in Maven 4.0.0. Please use the add/remove methods instead. If you're using a plugin that causes this warning, please upgrade to the latest version and report an issue if the warning persists. To disable these warnings, set -Dmaven.project.sourceRoots.warningsDisabled=true on the command line, in the .mvn/maven.config file, or in project POM properties.
2025-11-16 23:17:46,341 [Worker-12: Building] WARN  o.apache.maven.project.MavenProject - Direct modification of testCompileSourceRoots through clear() is deprecated and will not work in Maven 4.0.0. Please use the add/remove methods instead. If you're using a plugin that causes this warning, please upgrade to the latest version and report an issue if the warning persists. To disable these warnings, set -Dmaven.project.sourceRoots.warningsDisabled=true on the command line, in the .mvn/maven.config file, or in project POM properties.
2025-11-16 23:17:46,342 [Worker-12: Building] WARN  o.apache.maven.project.MavenProject - Direct modification of testCompileSourceRoots through add() is deprecated and will not work in Maven 4.0.0. Please use the add/remove methods instead. If you're using a plugin that causes this warning, please upgrade to the latest version and report an issue if the warning persists. To disable these warnings, set -Dmaven.project.sourceRoots.warningsDisabled=true on the command line, in the .mvn/maven.config file, or in project POM properties.
2025-11-16 23:22:31,133 [Worker-17: Building] INFO  o.a.m.s.f.DefaultMavenResourcesFiltering - Copying 1 resource from src\main\resources to target\classes
2025-11-16 23:22:31,134 [Worker-17: Building] INFO  o.a.m.s.f.DefaultMavenResourcesFiltering - skip non existing resourceDirectory C:\Users\sonjo\eclipse-workspace\BackEndGimalProject\gimalProject\src\test\resources
2025-11-16 23:22:31,135 [Worker-17: Building] WARN  o.apache.maven.project.MavenProject - Direct modification of compileSourceRoots through clear() is deprecated and will not work in Maven 4.0.0. Please use the add/remove methods instead. If you're using a plugin that causes this warning, please upgrade to the latest version and report an issue if the warning persists. To disable these warnings, set -Dmaven.project.sourceRoots.warningsDisabled=true on the command line, in the .mvn/maven.config file, or in project POM properties.
2025-11-16 23:22:31,135 [Worker-17: Building] WARN  o.apache.maven.project.MavenProject - Direct modification of compileSourceRoots through add() is deprecated and will not work in Maven 4.0.0. Please use the add/remove methods instead. If you're using a plugin that causes this warning, please upgrade to the latest version and report an issue if the warning persists. To disable these warnings, set -Dmaven.project.sourceRoots.warningsDisabled=true on the command line, in the .mvn/maven.config file, or in project POM properties.
2025-11-16 23:22:31,135 [Worker-17: Building] WARN  o.apache.maven.project.MavenProject - Direct modification of testCompileSourceRoots through clear() is deprecated and will not work in Maven 4.0.0. Please use the add/remove methods instead. If you're using a plugin that causes this warning, please upgrade to the latest version and report an issue if the warning persists. To disable these warnings, set -Dmaven.project.sourceRoots.warningsDisabled=true on the command line, in the .mvn/maven.config file, or in project POM properties.
2025-11-16 23:22:31,135 [Worker-17: Building] WARN  o.apache.maven.project.MavenProject - Direct modification of testCompileSourceRoots through add() is deprecated and will not work in Maven 4.0.0. Please use the add/remove methods instead. If you're using a plugin that causes this warning, please upgrade to the latest version and report an issue if the warning persists. To disable these warnings, set -Dmaven.project.sourceRoots.warningsDisabled=true on the command line, in the .mvn/maven.config file, or in project POM properties.
2025-11-16 23:25:04,195 [Worker-15: Building] INFO  o.a.m.s.f.DefaultMavenResourcesFiltering - Copying 1 resource from src\main\resources to target\classes
2025-11-16 23:25:04,196 [Worker-15: Building] INFO  o.a.m.s.f.DefaultMavenResourcesFiltering - skip non existing resourceDirectory C:\Users\sonjo\eclipse-workspace\BackEndGimalProject\gimalProject\src\test\resources
2025-11-16 23:25:04,196 [Worker-15: Building] WARN  o.apache.maven.project.MavenProject - Direct modification of compileSourceRoots through clear() is deprecated and will not work in Maven 4.0.0. Please use the add/remove methods instead. If you're using a plugin that causes this warning, please upgrade to the latest version and report an issue if the warning persists. To disable these warnings, set -Dmaven.project.sourceRoots.warningsDisabled=true on the command line, in the .mvn/maven.config file, or in project POM properties.
2025-11-16 23:25:04,197 [Worker-15: Building] WARN  o.apache.maven.project.MavenProject - Direct modification of compileSourceRoots through add() is deprecated and will not work in Maven 4.0.0. Please use the add/remove methods instead. If you're using a plugin that causes this warning, please upgrade to the latest version and report an issue if the warning persists. To disable these warnings, set -Dmaven.project.sourceRoots.warningsDisabled=true on the command line, in the .mvn/maven.config file, or in project POM properties.
2025-11-16 23:25:04,197 [Worker-15: Building] WARN  o.apache.maven.project.MavenProject - Direct modification of testCompileSourceRoots through clear() is deprecated and will not work in Maven 4.0.0. Please use the add/remove methods instead. If you're using a plugin that causes this warning, please upgrade to the latest version and report an issue if the warning persists. To disable these warnings, set -Dmaven.project.sourceRoots.warningsDisabled=true on the command line, in the .mvn/maven.config file, or in project POM properties.
2025-11-16 23:25:04,197 [Worker-15: Building] WARN  o.apache.maven.project.MavenProject - Direct modification of testCompileSourceRoots through add() is deprecated and will not work in Maven 4.0.0. Please use the add/remove methods instead. If you're using a plugin that causes this warning, please upgrade to the latest version and report an issue if the warning persists. To disable these warnings, set -Dmaven.project.sourceRoots.warningsDisabled=true on the command line, in the .mvn/maven.config file, or in project POM properties.
2025-11-16 23:25:52,773 [Worker-17: Building] INFO  o.a.m.s.f.DefaultMavenResourcesFiltering - Copying 1 resource from src\main\resources to target\classes
2025-11-16 23:25:52,774 [Worker-17: Building] INFO  o.a.m.s.f.DefaultMavenResourcesFiltering - skip non existing resourceDirectory C:\Users\sonjo\eclipse-workspace\BackEndGimalProject\gimalProject\src\test\resources
2025-11-16 23:25:52,774 [Worker-17: Building] WARN  o.apache.maven.project.MavenProject - Direct modification of compileSourceRoots through clear() is deprecated and will not work in Maven 4.0.0. Please use the add/remove methods instead. If you're using a plugin that causes this warning, please upgrade to the latest version and report an issue if the warning persists. To disable these warnings, set -Dmaven.project.sourceRoots.warningsDisabled=true on the command line, in the .mvn/maven.config file, or in project POM properties.
2025-11-16 23:25:52,775 [Worker-17: Building] WARN  o.apache.maven.project.MavenProject - Direct modification of compileSourceRoots through add() is deprecated and will not work in Maven 4.0.0. Please use the add/remove methods instead. If you're using a plugin that causes this warning, please upgrade to the latest version and report an issue if the warning persists. To disable these warnings, set -Dmaven.project.sourceRoots.warningsDisabled=true on the command line, in the .mvn/maven.config file, or in project POM properties.
2025-11-16 23:25:52,775 [Worker-17: Building] WARN  o.apache.maven.project.MavenProject - Direct modification of testCompileSourceRoots through clear() is deprecated and will not work in Maven 4.0.0. Please use the add/remove methods instead. If you're using a plugin that causes this warning, please upgrade to the latest version and report an issue if the warning persists. To disable these warnings, set -Dmaven.project.sourceRoots.warningsDisabled=true on the command line, in the .mvn/maven.config file, or in project POM properties.
2025-11-16 23:25:52,775 [Worker-17: Building] WARN  o.apache.maven.project.MavenProject - Direct modification of testCompileSourceRoots through add() is deprecated and will not work in Maven 4.0.0. Please use the add/remove methods instead. If you're using a plugin that causes this warning, please upgrade to the latest version and report an issue if the warning persists. To disable these warnings, set -Dmaven.project.sourceRoots.warningsDisabled=true on the command line, in the .mvn/maven.config file, or in project POM properties.
2025-11-16 23:26:12,453 [Worker-16: Building] INFO  o.a.m.s.f.DefaultMavenResourcesFiltering - Copying 1 resource from src\main\resources to target\classes
2025-11-16 23:26:12,455 [Worker-16: Building] INFO  o.a.m.s.f.DefaultMavenResourcesFiltering - skip non existing resourceDirectory C:\Users\sonjo\eclipse-workspace\BackEndGimalProject\gimalProject\src\test\resources
2025-11-16 23:26:12,455 [Worker-16: Building] WARN  o.apache.maven.project.MavenProject - Direct modification of compileSourceRoots through clear() is deprecated and will not work in Maven 4.0.0. Please use the add/remove methods instead. If you're using a plugin that causes this warning, please upgrade to the latest version and report an issue if the warning persists. To disable these warnings, set -Dmaven.project.sourceRoots.warningsDisabled=true on the command line, in the .mvn/maven.config file, or in project POM properties.
2025-11-16 23:26:12,455 [Worker-16: Building] WARN  o.apache.maven.project.MavenProject - Direct modification of compileSourceRoots through add() is deprecated and will not work in Maven 4.0.0. Please use the add/remove methods instead. If you're using a plugin that causes this warning, please upgrade to the latest version and report an issue if the warning persists. To disable these warnings, set -Dmaven.project.sourceRoots.warningsDisabled=true on the command line, in the .mvn/maven.config file, or in project POM properties.
2025-11-16 23:26:12,455 [Worker-16: Building] WARN  o.apache.maven.project.MavenProject - Direct modification of testCompileSourceRoots through clear() is deprecated and will not work in Maven 4.0.0. Please use the add/remove methods instead. If you're using a plugin that causes this warning, please upgrade to the latest version and report an issue if the warning persists. To disable these warnings, set -Dmaven.project.sourceRoots.warningsDisabled=true on the command line, in the .mvn/maven.config file, or in project POM properties.
2025-11-16 23:26:12,456 [Worker-16: Building] WARN  o.apache.maven.project.MavenProject - Direct modification of testCompileSourceRoots through add() is deprecated and will not work in Maven 4.0.0. Please use the add/remove methods instead. If you're using a plugin that causes this warning, please upgrade to the latest version and report an issue if the warning persists. To disable these warnings, set -Dmaven.project.sourceRoots.warningsDisabled=true on the command line, in the .mvn/maven.config file, or in project POM properties.
2025-11-16 23:27:09,616 [Worker-18: Building] INFO  o.a.m.s.f.DefaultMavenResourcesFiltering - Copying 1 resource from src\main\resources to target\classes
2025-11-16 23:27:09,617 [Worker-18: Building] INFO  o.a.m.s.f.DefaultMavenResourcesFiltering - skip non existing resourceDirectory C:\Users\sonjo\eclipse-workspace\BackEndGimalProject\gimalProject\src\test\resources
2025-11-16 23:27:09,617 [Worker-18: Building] WARN  o.apache.maven.project.MavenProject - Direct modification of compileSourceRoots through clear() is deprecated and will not work in Maven 4.0.0. Please use the add/remove methods instead. If you're using a plugin that causes this warning, please upgrade to the latest version and report an issue if the warning persists. To disable these warnings, set -Dmaven.project.sourceRoots.warningsDisabled=true on the command line, in the .mvn/maven.config file, or in project POM properties.
2025-11-16 23:27:09,617 [Worker-18: Building] WARN  o.apache.maven.project.MavenProject - Direct modification of compileSourceRoots through add() is deprecated and will not work in Maven 4.0.0. Please use the add/remove methods instead. If you're using a plugin that causes this warning, please upgrade to the latest version and report an issue if the warning persists. To disable these warnings, set -Dmaven.project.sourceRoots.warningsDisabled=true on the command line, in the .mvn/maven.config file, or in project POM properties.
2025-11-16 23:27:09,619 [Worker-18: Building] WARN  o.apache.maven.project.MavenProject - Direct modification of testCompileSourceRoots through clear() is deprecated and will not work in Maven 4.0.0. Please use the add/remove methods instead. If you're using a plugin that causes this warning, please upgrade to the latest version and report an issue if the warning persists. To disable these warnings, set -Dmaven.project.sourceRoots.warningsDisabled=true on the command line, in the .mvn/maven.config file, or in project POM properties.
2025-11-16 23:27:09,619 [Worker-18: Building] WARN  o.apache.maven.project.MavenProject - Direct modification of testCompileSourceRoots through add() is deprecated and will not work in Maven 4.0.0. Please use the add/remove methods instead. If you're using a plugin that causes this warning, please upgrade to the latest version and report an issue if the warning persists. To disable these warnings, set -Dmaven.project.sourceRoots.warningsDisabled=true on the command line, in the .mvn/maven.config file, or in project POM properties.
2025-11-16 23:27:41,946 [Worker-15: Building] INFO  o.a.m.s.f.DefaultMavenResourcesFiltering - Copying 1 resource from src\main\resources to target\classes
2025-11-16 23:27:41,947 [Worker-15: Building] INFO  o.a.m.s.f.DefaultMavenResourcesFiltering - skip non existing resourceDirectory C:\Users\sonjo\eclipse-workspace\BackEndGimalProject\gimalProject\src\test\resources
2025-11-16 23:27:41,947 [Worker-15: Building] WARN  o.apache.maven.project.MavenProject - Direct modification of compileSourceRoots through clear() is deprecated and will not work in Maven 4.0.0. Please use the add/remove methods instead. If you're using a plugin that causes this warning, please upgrade to the latest version and report an issue if the warning persists. To disable these warnings, set -Dmaven.project.sourceRoots.warningsDisabled=true on the command line, in the .mvn/maven.config file, or in project POM properties.
2025-11-16 23:27:41,947 [Worker-15: Building] WARN  o.apache.maven.project.MavenProject - Direct modification of compileSourceRoots through add() is deprecated and will not work in Maven 4.0.0. Please use the add/remove methods instead. If you're using a plugin that causes this warning, please upgrade to the latest version and report an issue if the warning persists. To disable these warnings, set -Dmaven.project.sourceRoots.warningsDisabled=true on the command line, in the .mvn/maven.config file, or in project POM properties.
2025-11-16 23:27:41,948 [Worker-15: Building] WARN  o.apache.maven.project.MavenProject - Direct modification of testCompileSourceRoots through clear() is deprecated and will not work in Maven 4.0.0. Please use the add/remove methods instead. If you're using a plugin that causes this warning, please upgrade to the latest version and report an issue if the warning persists. To disable these warnings, set -Dmaven.project.sourceRoots.warningsDisabled=true on the command line, in the .mvn/maven.config file, or in project POM properties.
2025-11-16 23:27:41,948 [Worker-15: Building] WARN  o.apache.maven.project.MavenProject - Direct modification of testCompileSourceRoots through add() is deprecated and will not work in Maven 4.0.0. Please use the add/remove methods instead. If you're using a plugin that causes this warning, please upgrade to the latest version and report an issue if the warning persists. To disable these warnings, set -Dmaven.project.sourceRoots.warningsDisabled=true on the command line, in the .mvn/maven.config file, or in project POM properties.
2025-11-16 23:28:13,388 [Worker-19: Building] INFO  o.a.m.s.f.DefaultMavenResourcesFiltering - Copying 1 resource from src\main\resources to target\classes
2025-11-16 23:28:13,389 [Worker-19: Building] INFO  o.a.m.s.f.DefaultMavenResourcesFiltering - skip non existing resourceDirectory C:\Users\sonjo\eclipse-workspace\BackEndGimalProject\gimalProject\src\test\resources
2025-11-16 23:28:13,389 [Worker-19: Building] WARN  o.apache.maven.project.MavenProject - Direct modification of compileSourceRoots through clear() is deprecated and will not work in Maven 4.0.0. Please use the add/remove methods instead. If you're using a plugin that causes this warning, please upgrade to the latest version and report an issue if the warning persists. To disable these warnings, set -Dmaven.project.sourceRoots.warningsDisabled=true on the command line, in the .mvn/maven.config file, or in project POM properties.
2025-11-16 23:28:13,390 [Worker-19: Building] WARN  o.apache.maven.project.MavenProject - Direct modification of compileSourceRoots through add() is deprecated and will not work in Maven 4.0.0. Please use the add/remove methods instead. If you're using a plugin that causes this warning, please upgrade to the latest version and report an issue if the warning persists. To disable these warnings, set -Dmaven.project.sourceRoots.warningsDisabled=true on the command line, in the .mvn/maven.config file, or in project POM properties.
2025-11-16 23:28:13,390 [Worker-19: Building] WARN  o.apache.maven.project.MavenProject - Direct modification of testCompileSourceRoots through clear() is deprecated and will not work in Maven 4.0.0. Please use the add/remove methods instead. If you're using a plugin that causes this warning, please upgrade to the latest version and report an issue if the warning persists. To disable these warnings, set -Dmaven.project.sourceRoots.warningsDisabled=true on the command line, in the .mvn/maven.config file, or in project POM properties.
2025-11-16 23:28:13,390 [Worker-19: Building] WARN  o.apache.maven.project.MavenProject - Direct modification of testCompileSourceRoots through add() is deprecated and will not work in Maven 4.0.0. Please use the add/remove methods instead. If you're using a plugin that causes this warning, please upgrade to the latest version and report an issue if the warning persists. To disable these warnings, set -Dmaven.project.sourceRoots.warningsDisabled=true on the command line, in the .mvn/maven.config file, or in project POM properties.
2025-11-16 23:29:01,574 [Worker-19: Building] INFO  o.a.m.s.f.DefaultMavenResourcesFiltering - Copying 1 resource from src\main\resources to target\classes
2025-11-16 23:29:01,575 [Worker-19: Building] INFO  o.a.m.s.f.DefaultMavenResourcesFiltering - skip non existing resourceDirectory C:\Users\sonjo\eclipse-workspace\BackEndGimalProject\gimalProject\src\test\resources
2025-11-16 23:29:01,575 [Worker-19: Building] WARN  o.apache.maven.project.MavenProject - Direct modification of compileSourceRoots through clear() is deprecated and will not work in Maven 4.0.0. Please use the add/remove methods instead. If you're using a plugin that causes this warning, please upgrade to the latest version and report an issue if the warning persists. To disable these warnings, set -Dmaven.project.sourceRoots.warningsDisabled=true on the command line, in the .mvn/maven.config file, or in project POM properties.
2025-11-16 23:29:01,575 [Worker-19: Building] WARN  o.apache.maven.project.MavenProject - Direct modification of compileSourceRoots through add() is deprecated and will not work in Maven 4.0.0. Please use the add/remove methods instead. If you're using a plugin that causes this warning, please upgrade to the latest version and report an issue if the warning persists. To disable these warnings, set -Dmaven.project.sourceRoots.warningsDisabled=true on the command line, in the .mvn/maven.config file, or in project POM properties.
2025-11-16 23:29:01,575 [Worker-19: Building] WARN  o.apache.maven.project.MavenProject - Direct modification of testCompileSourceRoots through clear() is deprecated and will not work in Maven 4.0.0. Please use the add/remove methods instead. If you're using a plugin that causes this warning, please upgrade to the latest version and report an issue if the warning persists. To disable these warnings, set -Dmaven.project.sourceRoots.warningsDisabled=true on the command line, in the .mvn/maven.config file, or in project POM properties.
2025-11-16 23:29:01,575 [Worker-19: Building] WARN  o.apache.maven.project.MavenProject - Direct modification of testCompileSourceRoots through add() is deprecated and will not work in Maven 4.0.0. Please use the add/remove methods instead. If you're using a plugin that causes this warning, please upgrade to the latest version and report an issue if the warning persists. To disable these warnings, set -Dmaven.project.sourceRoots.warningsDisabled=true on the command line, in the .mvn/maven.config file, or in project POM properties.
2025-11-16 23:29:25,770 [Worker-19: Building] INFO  o.a.m.s.f.DefaultMavenResourcesFiltering - Copying 1 resource from src\main\resources to target\classes
2025-11-16 23:29:25,771 [Worker-19: Building] INFO  o.a.m.s.f.DefaultMavenResourcesFiltering - skip non existing resourceDirectory C:\Users\sonjo\eclipse-workspace\BackEndGimalProject\gimalProject\src\test\resources
2025-11-16 23:29:25,771 [Worker-19: Building] WARN  o.apache.maven.project.MavenProject - Direct modification of compileSourceRoots through clear() is deprecated and will not work in Maven 4.0.0. Please use the add/remove methods instead. If you're using a plugin that causes this warning, please upgrade to the latest version and report an issue if the warning persists. To disable these warnings, set -Dmaven.project.sourceRoots.warningsDisabled=true on the command line, in the .mvn/maven.config file, or in project POM properties.
2025-11-16 23:29:25,771 [Worker-19: Building] WARN  o.apache.maven.project.MavenProject - Direct modification of compileSourceRoots through add() is deprecated and will not work in Maven 4.0.0. Please use the add/remove methods instead. If you're using a plugin that causes this warning, please upgrade to the latest version and report an issue if the warning persists. To disable these warnings, set -Dmaven.project.sourceRoots.warningsDisabled=true on the command line, in the .mvn/maven.config file, or in project POM properties.
2025-11-16 23:29:25,771 [Worker-19: Building] WARN  o.apache.maven.project.MavenProject - Direct modification of testCompileSourceRoots through clear() is deprecated and will not work in Maven 4.0.0. Please use the add/remove methods instead. If you're using a plugin that causes this warning, please upgrade to the latest version and report an issue if the warning persists. To disable these warnings, set -Dmaven.project.sourceRoots.warningsDisabled=true on the command line, in the .mvn/maven.config file, or in project POM properties.
2025-11-16 23:29:25,772 [Worker-19: Building] WARN  o.apache.maven.project.MavenProject - Direct modification of testCompileSourceRoots through add() is deprecated and will not work in Maven 4.0.0. Please use the add/remove methods instead. If you're using a plugin that causes this warning, please upgrade to the latest version and report an issue if the warning persists. To disable these warnings, set -Dmaven.project.sourceRoots.warningsDisabled=true on the command line, in the .mvn/maven.config file, or in project POM properties.
2025-11-16 23:30:16,815 [Worker-18: Building] INFO  o.a.m.s.f.DefaultMavenResourcesFiltering - Copying 1 resource from src\main\resources to target\classes
2025-11-16 23:30:16,815 [Worker-18: Building] INFO  o.a.m.s.f.DefaultMavenResourcesFiltering - skip non existing resourceDirectory C:\Users\sonjo\eclipse-workspace\BackEndGimalProject\gimalProject\src\test\resources
2025-11-16 23:30:16,817 [Worker-18: Building] WARN  o.apache.maven.project.MavenProject - Direct modification of compileSourceRoots through clear() is deprecated and will not work in Maven 4.0.0. Please use the add/remove methods instead. If you're using a plugin that causes this warning, please upgrade to the latest version and report an issue if the warning persists. To disable these warnings, set -Dmaven.project.sourceRoots.warningsDisabled=true on the command line, in the .mvn/maven.config file, or in project POM properties.
2025-11-16 23:30:16,817 [Worker-18: Building] WARN  o.apache.maven.project.MavenProject - Direct modification of compileSourceRoots through add() is deprecated and will not work in Maven 4.0.0. Please use the add/remove methods instead. If you're using a plugin that causes this warning, please upgrade to the latest version and report an issue if the warning persists. To disable these warnings, set -Dmaven.project.sourceRoots.warningsDisabled=true on the command line, in the .mvn/maven.config file, or in project POM properties.
2025-11-16 23:30:16,817 [Worker-18: Building] WARN  o.apache.maven.project.MavenProject - Direct modification of testCompileSourceRoots through clear() is deprecated and will not work in Maven 4.0.0. Please use the add/remove methods instead. If you're using a plugin that causes this warning, please upgrade to the latest version and report an issue if the warning persists. To disable these warnings, set -Dmaven.project.sourceRoots.warningsDisabled=true on the command line, in the .mvn/maven.config file, or in project POM properties.
2025-11-16 23:30:16,817 [Worker-18: Building] WARN  o.apache.maven.project.MavenProject - Direct modification of testCompileSourceRoots through add() is deprecated and will not work in Maven 4.0.0. Please use the add/remove methods instead. If you're using a plugin that causes this warning, please upgrade to the latest version and report an issue if the warning persists. To disable these warnings, set -Dmaven.project.sourceRoots.warningsDisabled=true on the command line, in the .mvn/maven.config file, or in project POM properties.
2025-11-16 23:30:59,535 [Worker-17: Building] INFO  o.a.m.s.f.DefaultMavenResourcesFiltering - Copying 1 resource from src\main\resources to target\classes
2025-11-16 23:30:59,535 [Worker-17: Building] INFO  o.a.m.s.f.DefaultMavenResourcesFiltering - skip non existing resourceDirectory C:\Users\sonjo\eclipse-workspace\BackEndGimalProject\gimalProject\src\test\resources
2025-11-16 23:30:59,537 [Worker-17: Building] WARN  o.apache.maven.project.MavenProject - Direct modification of compileSourceRoots through clear() is deprecated and will not work in Maven 4.0.0. Please use the add/remove methods instead. If you're using a plugin that causes this warning, please upgrade to the latest version and report an issue if the warning persists. To disable these warnings, set -Dmaven.project.sourceRoots.warningsDisabled=true on the command line, in the .mvn/maven.config file, or in project POM properties.
2025-11-16 23:30:59,537 [Worker-17: Building] WARN  o.apache.maven.project.MavenProject - Direct modification of compileSourceRoots through add() is deprecated and will not work in Maven 4.0.0. Please use the add/remove methods instead. If you're using a plugin that causes this warning, please upgrade to the latest version and report an issue if the warning persists. To disable these warnings, set -Dmaven.project.sourceRoots.warningsDisabled=true on the command line, in the .mvn/maven.config file, or in project POM properties.
2025-11-16 23:30:59,537 [Worker-17: Building] WARN  o.apache.maven.project.MavenProject - Direct modification of testCompileSourceRoots through clear() is deprecated and will not work in Maven 4.0.0. Please use the add/remove methods instead. If you're using a plugin that causes this warning, please upgrade to the latest version and report an issue if the warning persists. To disable these warnings, set -Dmaven.project.sourceRoots.warningsDisabled=true on the command line, in the .mvn/maven.config file, or in project POM properties.
2025-11-16 23:30:59,537 [Worker-17: Building] WARN  o.apache.maven.project.MavenProject - Direct modification of testCompileSourceRoots through add() is deprecated and will not work in Maven 4.0.0. Please use the add/remove methods instead. If you're using a plugin that causes this warning, please upgrade to the latest version and report an issue if the warning persists. To disable these warnings, set -Dmaven.project.sourceRoots.warningsDisabled=true on the command line, in the .mvn/maven.config file, or in project POM properties.
2025-11-16 23:31:57,633 [Worker-18: Building] INFO  o.a.m.s.f.DefaultMavenResourcesFiltering - Copying 1 resource from src\main\resources to target\classes
2025-11-16 23:31:57,634 [Worker-18: Building] INFO  o.a.m.s.f.DefaultMavenResourcesFiltering - skip non existing resourceDirectory C:\Users\sonjo\eclipse-workspace\BackEndGimalProject\gimalProject\src\test\resources
2025-11-16 23:31:57,634 [Worker-18: Building] WARN  o.apache.maven.project.MavenProject - Direct modification of compileSourceRoots through clear() is deprecated and will not work in Maven 4.0.0. Please use the add/remove methods instead. If you're using a plugin that causes this warning, please upgrade to the latest version and report an issue if the warning persists. To disable these warnings, set -Dmaven.project.sourceRoots.warningsDisabled=true on the command line, in the .mvn/maven.config file, or in project POM properties.
2025-11-16 23:31:57,634 [Worker-18: Building] WARN  o.apache.maven.project.MavenProject - Direct modification of compileSourceRoots through add() is deprecated and will not work in Maven 4.0.0. Please use the add/remove methods instead. If you're using a plugin that causes this warning, please upgrade to the latest version and report an issue if the warning persists. To disable these warnings, set -Dmaven.project.sourceRoots.warningsDisabled=true on the command line, in the .mvn/maven.config file, or in project POM properties.
2025-11-16 23:31:57,634 [Worker-18: Building] WARN  o.apache.maven.project.MavenProject - Direct modification of testCompileSourceRoots through clear() is deprecated and will not work in Maven 4.0.0. Please use the add/remove methods instead. If you're using a plugin that causes this warning, please upgrade to the latest version and report an issue if the warning persists. To disable these warnings, set -Dmaven.project.sourceRoots.warningsDisabled=true on the command line, in the .mvn/maven.config file, or in project POM properties.
2025-11-16 23:31:57,635 [Worker-18: Building] WARN  o.apache.maven.project.MavenProject - Direct modification of testCompileSourceRoots through add() is deprecated and will not work in Maven 4.0.0. Please use the add/remove methods instead. If you're using a plugin that causes this warning, please upgrade to the latest version and report an issue if the warning persists. To disable these warnings, set -Dmaven.project.sourceRoots.warningsDisabled=true on the command line, in the .mvn/maven.config file, or in project POM properties.
2025-11-16 23:32:16,732 [Worker-19: Building] INFO  o.a.m.s.f.DefaultMavenResourcesFiltering - Copying 1 resource from src\main\resources to target\classes
2025-11-16 23:32:16,733 [Worker-19: Building] INFO  o.a.m.s.f.DefaultMavenResourcesFiltering - skip non existing resourceDirectory C:\Users\sonjo\eclipse-workspace\BackEndGimalProject\gimalProject\src\test\resources
2025-11-16 23:32:16,733 [Worker-19: Building] WARN  o.apache.maven.project.MavenProject - Direct modification of compileSourceRoots through clear() is deprecated and will not work in Maven 4.0.0. Please use the add/remove methods instead. If you're using a plugin that causes this warning, please upgrade to the latest version and report an issue if the warning persists. To disable these warnings, set -Dmaven.project.sourceRoots.warningsDisabled=true on the command line, in the .mvn/maven.config file, or in project POM properties.
2025-11-16 23:32:16,734 [Worker-19: Building] WARN  o.apache.maven.project.MavenProject - Direct modification of compileSourceRoots through add() is deprecated and will not work in Maven 4.0.0. Please use the add/remove methods instead. If you're using a plugin that causes this warning, please upgrade to the latest version and report an issue if the warning persists. To disable these warnings, set -Dmaven.project.sourceRoots.warningsDisabled=true on the command line, in the .mvn/maven.config file, or in project POM properties.
2025-11-16 23:32:16,734 [Worker-19: Building] WARN  o.apache.maven.project.MavenProject - Direct modification of testCompileSourceRoots through clear() is deprecated and will not work in Maven 4.0.0. Please use the add/remove methods instead. If you're using a plugin that causes this warning, please upgrade to the latest version and report an issue if the warning persists. To disable these warnings, set -Dmaven.project.sourceRoots.warningsDisabled=true on the command line, in the .mvn/maven.config file, or in project POM properties.
2025-11-16 23:32:16,734 [Worker-19: Building] WARN  o.apache.maven.project.MavenProject - Direct modification of testCompileSourceRoots through add() is deprecated and will not work in Maven 4.0.0. Please use the add/remove methods instead. If you're using a plugin that causes this warning, please upgrade to the latest version and report an issue if the warning persists. To disable these warnings, set -Dmaven.project.sourceRoots.warningsDisabled=true on the command line, in the .mvn/maven.config file, or in project POM properties.
2025-11-16 23:32:59,559 [Worker-18: Building] INFO  o.a.m.s.f.DefaultMavenResourcesFiltering - Copying 1 resource from src\main\resources to target\classes
2025-11-16 23:32:59,560 [Worker-18: Building] INFO  o.a.m.s.f.DefaultMavenResourcesFiltering - skip non existing resourceDirectory C:\Users\sonjo\eclipse-workspace\BackEndGimalProject\gimalProject\src\test\resources
2025-11-16 23:32:59,561 [Worker-18: Building] WARN  o.apache.maven.project.MavenProject - Direct modification of compileSourceRoots through clear() is deprecated and will not work in Maven 4.0.0. Please use the add/remove methods instead. If you're using a plugin that causes this warning, please upgrade to the latest version and report an issue if the warning persists. To disable these warnings, set -Dmaven.project.sourceRoots.warningsDisabled=true on the command line, in the .mvn/maven.config file, or in project POM properties.
2025-11-16 23:32:59,561 [Worker-18: Building] WARN  o.apache.maven.project.MavenProject - Direct modification of compileSourceRoots through add() is deprecated and will not work in Maven 4.0.0. Please use the add/remove methods instead. If you're using a plugin that causes this warning, please upgrade to the latest version and report an issue if the warning persists. To disable these warnings, set -Dmaven.project.sourceRoots.warningsDisabled=true on the command line, in the .mvn/maven.config file, or in project POM properties.
2025-11-16 23:32:59,561 [Worker-18: Building] WARN  o.apache.maven.project.MavenProject - Direct modification of testCompileSourceRoots through clear() is deprecated and will not work in Maven 4.0.0. Please use the add/remove methods instead. If you're using a plugin that causes this warning, please upgrade to the latest version and report an issue if the warning persists. To disable these warnings, set -Dmaven.project.sourceRoots.warningsDisabled=true on the command line, in the .mvn/maven.config file, or in project POM properties.
2025-11-16 23:32:59,561 [Worker-18: Building] WARN  o.apache.maven.project.MavenProject - Direct modification of testCompileSourceRoots through add() is deprecated and will not work in Maven 4.0.0. Please use the add/remove methods instead. If you're using a plugin that causes this warning, please upgrade to the latest version and report an issue if the warning persists. To disable these warnings, set -Dmaven.project.sourceRoots.warningsDisabled=true on the command line, in the .mvn/maven.config file, or in project POM properties.
2025-11-16 23:33:39,830 [Worker-16: Building] INFO  o.a.m.s.f.DefaultMavenResourcesFiltering - Copying 1 resource from src\main\resources to target\classes
2025-11-16 23:33:39,831 [Worker-16: Building] INFO  o.a.m.s.f.DefaultMavenResourcesFiltering - skip non existing resourceDirectory C:\Users\sonjo\eclipse-workspace\BackEndGimalProject\gimalProject\src\test\resources
2025-11-16 23:33:39,831 [Worker-16: Building] WARN  o.apache.maven.project.MavenProject - Direct modification of compileSourceRoots through clear() is deprecated and will not work in Maven 4.0.0. Please use the add/remove methods instead. If you're using a plugin that causes this warning, please upgrade to the latest version and report an issue if the warning persists. To disable these warnings, set -Dmaven.project.sourceRoots.warningsDisabled=true on the command line, in the .mvn/maven.config file, or in project POM properties.
2025-11-16 23:33:39,831 [Worker-16: Building] WARN  o.apache.maven.project.MavenProject - Direct modification of compileSourceRoots through add() is deprecated and will not work in Maven 4.0.0. Please use the add/remove methods instead. If you're using a plugin that causes this warning, please upgrade to the latest version and report an issue if the warning persists. To disable these warnings, set -Dmaven.project.sourceRoots.warningsDisabled=true on the command line, in the .mvn/maven.config file, or in project POM properties.
2025-11-16 23:33:39,832 [Worker-16: Building] WARN  o.apache.maven.project.MavenProject - Direct modification of testCompileSourceRoots through clear() is deprecated and will not work in Maven 4.0.0. Please use the add/remove methods instead. If you're using a plugin that causes this warning, please upgrade to the latest version and report an issue if the warning persists. To disable these warnings, set -Dmaven.project.sourceRoots.warningsDisabled=true on the command line, in the .mvn/maven.config file, or in project POM properties.
2025-11-16 23:33:39,832 [Worker-16: Building] WARN  o.apache.maven.project.MavenProject - Direct modification of testCompileSourceRoots through add() is deprecated and will not work in Maven 4.0.0. Please use the add/remove methods instead. If you're using a plugin that causes this warning, please upgrade to the latest version and report an issue if the warning persists. To disable these warnings, set -Dmaven.project.sourceRoots.warningsDisabled=true on the command line, in the .mvn/maven.config file, or in project POM properties.
2025-11-16 23:33:50,358 [Worker-17: Building] INFO  o.a.m.s.f.DefaultMavenResourcesFiltering - Copying 1 resource from src\main\resources to target\classes
2025-11-16 23:33:50,359 [Worker-17: Building] INFO  o.a.m.s.f.DefaultMavenResourcesFiltering - skip non existing resourceDirectory C:\Users\sonjo\eclipse-workspace\BackEndGimalProject\gimalProject\src\test\resources
2025-11-16 23:33:50,359 [Worker-17: Building] WARN  o.apache.maven.project.MavenProject - Direct modification of compileSourceRoots through clear() is deprecated and will not work in Maven 4.0.0. Please use the add/remove methods instead. If you're using a plugin that causes this warning, please upgrade to the latest version and report an issue if the warning persists. To disable these warnings, set -Dmaven.project.sourceRoots.warningsDisabled=true on the command line, in the .mvn/maven.config file, or in project POM properties.
2025-11-16 23:33:50,360 [Worker-17: Building] WARN  o.apache.maven.project.MavenProject - Direct modification of compileSourceRoots through add() is deprecated and will not work in Maven 4.0.0. Please use the add/remove methods instead. If you're using a plugin that causes this warning, please upgrade to the latest version and report an issue if the warning persists. To disable these warnings, set -Dmaven.project.sourceRoots.warningsDisabled=true on the command line, in the .mvn/maven.config file, or in project POM properties.
2025-11-16 23:33:50,360 [Worker-17: Building] WARN  o.apache.maven.project.MavenProject - Direct modification of testCompileSourceRoots through clear() is deprecated and will not work in Maven 4.0.0. Please use the add/remove methods instead. If you're using a plugin that causes this warning, please upgrade to the latest version and report an issue if the warning persists. To disable these warnings, set -Dmaven.project.sourceRoots.warningsDisabled=true on the command line, in the .mvn/maven.config file, or in project POM properties.
2025-11-16 23:33:50,360 [Worker-17: Building] WARN  o.apache.maven.project.MavenProject - Direct modification of testCompileSourceRoots through add() is deprecated and will not work in Maven 4.0.0. Please use the add/remove methods instead. If you're using a plugin that causes this warning, please upgrade to the latest version and report an issue if the warning persists. To disable these warnings, set -Dmaven.project.sourceRoots.warningsDisabled=true on the command line, in the .mvn/maven.config file, or in project POM properties.
2025-11-16 23:33:53,061 [Worker-19: Building] INFO  o.a.m.s.f.DefaultMavenResourcesFiltering - Copying 1 resource from src\main\resources to target\classes
2025-11-16 23:33:53,062 [Worker-19: Building] INFO  o.a.m.s.f.DefaultMavenResourcesFiltering - skip non existing resourceDirectory C:\Users\sonjo\eclipse-workspace\BackEndGimalProject\gimalProject\src\test\resources
2025-11-16 23:33:53,062 [Worker-19: Building] WARN  o.apache.maven.project.MavenProject - Direct modification of compileSourceRoots through clear() is deprecated and will not work in Maven 4.0.0. Please use the add/remove methods instead. If you're using a plugin that causes this warning, please upgrade to the latest version and report an issue if the warning persists. To disable these warnings, set -Dmaven.project.sourceRoots.warningsDisabled=true on the command line, in the .mvn/maven.config file, or in project POM properties.
2025-11-16 23:33:53,062 [Worker-19: Building] WARN  o.apache.maven.project.MavenProject - Direct modification of compileSourceRoots through add() is deprecated and will not work in Maven 4.0.0. Please use the add/remove methods instead. If you're using a plugin that causes this warning, please upgrade to the latest version and report an issue if the warning persists. To disable these warnings, set -Dmaven.project.sourceRoots.warningsDisabled=true on the command line, in the .mvn/maven.config file, or in project POM properties.
2025-11-16 23:33:53,062 [Worker-19: Building] WARN  o.apache.maven.project.MavenProject - Direct modification of testCompileSourceRoots through clear() is deprecated and will not work in Maven 4.0.0. Please use the add/remove methods instead. If you're using a plugin that causes this warning, please upgrade to the latest version and report an issue if the warning persists. To disable these warnings, set -Dmaven.project.sourceRoots.warningsDisabled=true on the command line, in the .mvn/maven.config file, or in project POM properties.
2025-11-16 23:33:53,062 [Worker-19: Building] WARN  o.apache.maven.project.MavenProject - Direct modification of testCompileSourceRoots through add() is deprecated and will not work in Maven 4.0.0. Please use the add/remove methods instead. If you're using a plugin that causes this warning, please upgrade to the latest version and report an issue if the warning persists. To disable these warnings, set -Dmaven.project.sourceRoots.warningsDisabled=true on the command line, in the .mvn/maven.config file, or in project POM properties.
2025-11-16 23:34:50,282 [Worker-19: Building] INFO  o.a.m.s.f.DefaultMavenResourcesFiltering - Copying 1 resource from src\main\resources to target\classes
2025-11-16 23:34:50,283 [Worker-19: Building] INFO  o.a.m.s.f.DefaultMavenResourcesFiltering - skip non existing resourceDirectory C:\Users\sonjo\eclipse-workspace\BackEndGimalProject\gimalProject\src\test\resources
2025-11-16 23:34:50,283 [Worker-19: Building] WARN  o.apache.maven.project.MavenProject - Direct modification of compileSourceRoots through clear() is deprecated and will not work in Maven 4.0.0. Please use the add/remove methods instead. If you're using a plugin that causes this warning, please upgrade to the latest version and report an issue if the warning persists. To disable these warnings, set -Dmaven.project.sourceRoots.warningsDisabled=true on the command line, in the .mvn/maven.config file, or in project POM properties.
2025-11-16 23:34:50,283 [Worker-19: Building] WARN  o.apache.maven.project.MavenProject - Direct modification of compileSourceRoots through add() is deprecated and will not work in Maven 4.0.0. Please use the add/remove methods instead. If you're using a plugin that causes this warning, please upgrade to the latest version and report an issue if the warning persists. To disable these warnings, set -Dmaven.project.sourceRoots.warningsDisabled=true on the command line, in the .mvn/maven.config file, or in project POM properties.
2025-11-16 23:34:50,283 [Worker-19: Building] WARN  o.apache.maven.project.MavenProject - Direct modification of testCompileSourceRoots through clear() is deprecated and will not work in Maven 4.0.0. Please use the add/remove methods instead. If you're using a plugin that causes this warning, please upgrade to the latest version and report an issue if the warning persists. To disable these warnings, set -Dmaven.project.sourceRoots.warningsDisabled=true on the command line, in the .mvn/maven.config file, or in project POM properties.
2025-11-16 23:34:50,284 [Worker-19: Building] WARN  o.apache.maven.project.MavenProject - Direct modification of testCompileSourceRoots through add() is deprecated and will not work in Maven 4.0.0. Please use the add/remove methods instead. If you're using a plugin that causes this warning, please upgrade to the latest version and report an issue if the warning persists. To disable these warnings, set -Dmaven.project.sourceRoots.warningsDisabled=true on the command line, in the .mvn/maven.config file, or in project POM properties.
2025-11-16 23:36:32,823 [Worker-33: Loading available Gradle versions] INFO  o.e.b.c.i.u.g.PublishedGradleVersions - Gradle version information cache is up-to-date. Trying to read.
2025-11-16 23:44:16,164 [Worker-28: Building] INFO  o.a.m.s.f.DefaultMavenResourcesFiltering - Copying 1 resource from src\main\resources to target\classes
2025-11-16 23:44:16,169 [Worker-28: Building] INFO  o.a.m.s.f.DefaultMavenResourcesFiltering - skip non existing resourceDirectory C:\Users\sonjo\eclipse-workspace\BackEndGimalProject\gimalProject\src\test\resources
2025-11-16 23:44:16,404 [Worker-28: Building] WARN  o.apache.maven.project.MavenProject - Direct modification of compileSourceRoots through clear() is deprecated and will not work in Maven 4.0.0. Please use the add/remove methods instead. If you're using a plugin that causes this warning, please upgrade to the latest version and report an issue if the warning persists. To disable these warnings, set -Dmaven.project.sourceRoots.warningsDisabled=true on the command line, in the .mvn/maven.config file, or in project POM properties.
2025-11-16 23:44:16,405 [Worker-28: Building] WARN  o.apache.maven.project.MavenProject - Direct modification of compileSourceRoots through add() is deprecated and will not work in Maven 4.0.0. Please use the add/remove methods instead. If you're using a plugin that causes this warning, please upgrade to the latest version and report an issue if the warning persists. To disable these warnings, set -Dmaven.project.sourceRoots.warningsDisabled=true on the command line, in the .mvn/maven.config file, or in project POM properties.
2025-11-16 23:44:16,405 [Worker-28: Building] WARN  o.apache.maven.project.MavenProject - Direct modification of testCompileSourceRoots through clear() is deprecated and will not work in Maven 4.0.0. Please use the add/remove methods instead. If you're using a plugin that causes this warning, please upgrade to the latest version and report an issue if the warning persists. To disable these warnings, set -Dmaven.project.sourceRoots.warningsDisabled=true on the command line, in the .mvn/maven.config file, or in project POM properties.
2025-11-16 23:44:16,405 [Worker-28: Building] WARN  o.apache.maven.project.MavenProject - Direct modification of testCompileSourceRoots through add() is deprecated and will not work in Maven 4.0.0. Please use the add/remove methods instead. If you're using a plugin that causes this warning, please upgrade to the latest version and report an issue if the warning persists. To disable these warnings, set -Dmaven.project.sourceRoots.warningsDisabled=true on the command line, in the .mvn/maven.config file, or in project POM properties.
2025-11-16 23:44:41,621 [Worker-40: Building] INFO  o.a.m.s.f.DefaultMavenResourcesFiltering - Copying 1 resource from src\main\resources to target\classes
2025-11-16 23:44:41,622 [Worker-40: Building] INFO  o.a.m.s.f.DefaultMavenResourcesFiltering - skip non existing resourceDirectory C:\Users\sonjo\eclipse-workspace\BackEndGimalProject\gimalProject\src\test\resources
2025-11-16 23:44:41,623 [Worker-40: Building] WARN  o.apache.maven.project.MavenProject - Direct modification of compileSourceRoots through clear() is deprecated and will not work in Maven 4.0.0. Please use the add/remove methods instead. If you're using a plugin that causes this warning, please upgrade to the latest version and report an issue if the warning persists. To disable these warnings, set -Dmaven.project.sourceRoots.warningsDisabled=true on the command line, in the .mvn/maven.config file, or in project POM properties.
2025-11-16 23:44:41,623 [Worker-40: Building] WARN  o.apache.maven.project.MavenProject - Direct modification of compileSourceRoots through add() is deprecated and will not work in Maven 4.0.0. Please use the add/remove methods instead. If you're using a plugin that causes this warning, please upgrade to the latest version and report an issue if the warning persists. To disable these warnings, set -Dmaven.project.sourceRoots.warningsDisabled=true on the command line, in the .mvn/maven.config file, or in project POM properties.
2025-11-16 23:44:41,623 [Worker-40: Building] WARN  o.apache.maven.project.MavenProject - Direct modification of testCompileSourceRoots through clear() is deprecated and will not work in Maven 4.0.0. Please use the add/remove methods instead. If you're using a plugin that causes this warning, please upgrade to the latest version and report an issue if the warning persists. To disable these warnings, set -Dmaven.project.sourceRoots.warningsDisabled=true on the command line, in the .mvn/maven.config file, or in project POM properties.
2025-11-16 23:44:41,624 [Worker-40: Building] WARN  o.apache.maven.project.MavenProject - Direct modification of testCompileSourceRoots through add() is deprecated and will not work in Maven 4.0.0. Please use the add/remove methods instead. If you're using a plugin that causes this warning, please upgrade to the latest version and report an issue if the warning persists. To disable these warnings, set -Dmaven.project.sourceRoots.warningsDisabled=true on the command line, in the .mvn/maven.config file, or in project POM properties.
2025-11-16 23:45:05,701 [Worker-28: Building] INFO  o.a.m.s.f.DefaultMavenResourcesFiltering - Copying 1 resource from src\main\resources to target\classes
2025-11-16 23:45:05,702 [Worker-28: Building] INFO  o.a.m.s.f.DefaultMavenResourcesFiltering - skip non existing resourceDirectory C:\Users\sonjo\eclipse-workspace\BackEndGimalProject\gimalProject\src\test\resources
2025-11-16 23:45:05,703 [Worker-28: Building] WARN  o.apache.maven.project.MavenProject - Direct modification of compileSourceRoots through clear() is deprecated and will not work in Maven 4.0.0. Please use the add/remove methods instead. If you're using a plugin that causes this warning, please upgrade to the latest version and report an issue if the warning persists. To disable these warnings, set -Dmaven.project.sourceRoots.warningsDisabled=true on the command line, in the .mvn/maven.config file, or in project POM properties.
2025-11-16 23:45:05,703 [Worker-28: Building] WARN  o.apache.maven.project.MavenProject - Direct modification of compileSourceRoots through add() is deprecated and will not work in Maven 4.0.0. Please use the add/remove methods instead. If you're using a plugin that causes this warning, please upgrade to the latest version and report an issue if the warning persists. To disable these warnings, set -Dmaven.project.sourceRoots.warningsDisabled=true on the command line, in the .mvn/maven.config file, or in project POM properties.
2025-11-16 23:45:05,703 [Worker-28: Building] WARN  o.apache.maven.project.MavenProject - Direct modification of testCompileSourceRoots through clear() is deprecated and will not work in Maven 4.0.0. Please use the add/remove methods instead. If you're using a plugin that causes this warning, please upgrade to the latest version and report an issue if the warning persists. To disable these warnings, set -Dmaven.project.sourceRoots.warningsDisabled=true on the command line, in the .mvn/maven.config file, or in project POM properties.
2025-11-16 23:45:05,704 [Worker-28: Building] WARN  o.apache.maven.project.MavenProject - Direct modification of testCompileSourceRoots through add() is deprecated and will not work in Maven 4.0.0. Please use the add/remove methods instead. If you're using a plugin that causes this warning, please upgrade to the latest version and report an issue if the warning persists. To disable these warnings, set -Dmaven.project.sourceRoots.warningsDisabled=true on the command line, in the .mvn/maven.config file, or in project POM properties.
2025-11-16 23:45:21,784 [Worker-19: Building] INFO  o.a.m.s.f.DefaultMavenResourcesFiltering - Copying 1 resource from src\main\resources to target\classes
2025-11-16 23:45:21,785 [Worker-19: Building] INFO  o.a.m.s.f.DefaultMavenResourcesFiltering - skip non existing resourceDirectory C:\Users\sonjo\eclipse-workspace\BackEndGimalProject\gimalProject\src\test\resources
2025-11-16 23:45:21,785 [Worker-19: Building] WARN  o.apache.maven.project.MavenProject - Direct modification of compileSourceRoots through clear() is deprecated and will not work in Maven 4.0.0. Please use the add/remove methods instead. If you're using a plugin that causes this warning, please upgrade to the latest version and report an issue if the warning persists. To disable these warnings, set -Dmaven.project.sourceRoots.warningsDisabled=true on the command line, in the .mvn/maven.config file, or in project POM properties.
2025-11-16 23:45:21,785 [Worker-19: Building] WARN  o.apache.maven.project.MavenProject - Direct modification of compileSourceRoots through add() is deprecated and will not work in Maven 4.0.0. Please use the add/remove methods instead. If you're using a plugin that causes this warning, please upgrade to the latest version and report an issue if the warning persists. To disable these warnings, set -Dmaven.project.sourceRoots.warningsDisabled=true on the command line, in the .mvn/maven.config file, or in project POM properties.
2025-11-16 23:45:21,785 [Worker-19: Building] WARN  o.apache.maven.project.MavenProject - Direct modification of testCompileSourceRoots through clear() is deprecated and will not work in Maven 4.0.0. Please use the add/remove methods instead. If you're using a plugin that causes this warning, please upgrade to the latest version and report an issue if the warning persists. To disable these warnings, set -Dmaven.project.sourceRoots.warningsDisabled=true on the command line, in the .mvn/maven.config file, or in project POM properties.
2025-11-16 23:45:21,787 [Worker-19: Building] WARN  o.apache.maven.project.MavenProject - Direct modification of testCompileSourceRoots through add() is deprecated and will not work in Maven 4.0.0. Please use the add/remove methods instead. If you're using a plugin that causes this warning, please upgrade to the latest version and report an issue if the warning persists. To disable these warnings, set -Dmaven.project.sourceRoots.warningsDisabled=true on the command line, in the .mvn/maven.config file, or in project POM properties.
2025-11-16 23:45:36,751 [Worker-7: Building] INFO  o.a.m.s.f.DefaultMavenResourcesFiltering - Copying 1 resource from src\main\resources to target\classes
2025-11-16 23:45:36,752 [Worker-7: Building] INFO  o.a.m.s.f.DefaultMavenResourcesFiltering - skip non existing resourceDirectory C:\Users\sonjo\eclipse-workspace\BackEndGimalProject\gimalProject\src\test\resources
2025-11-16 23:45:36,752 [Worker-7: Building] WARN  o.apache.maven.project.MavenProject - Direct modification of compileSourceRoots through clear() is deprecated and will not work in Maven 4.0.0. Please use the add/remove methods instead. If you're using a plugin that causes this warning, please upgrade to the latest version and report an issue if the warning persists. To disable these warnings, set -Dmaven.project.sourceRoots.warningsDisabled=true on the command line, in the .mvn/maven.config file, or in project POM properties.
2025-11-16 23:45:36,754 [Worker-7: Building] WARN  o.apache.maven.project.MavenProject - Direct modification of compileSourceRoots through add() is deprecated and will not work in Maven 4.0.0. Please use the add/remove methods instead. If you're using a plugin that causes this warning, please upgrade to the latest version and report an issue if the warning persists. To disable these warnings, set -Dmaven.project.sourceRoots.warningsDisabled=true on the command line, in the .mvn/maven.config file, or in project POM properties.
2025-11-16 23:45:36,754 [Worker-7: Building] WARN  o.apache.maven.project.MavenProject - Direct modification of testCompileSourceRoots through clear() is deprecated and will not work in Maven 4.0.0. Please use the add/remove methods instead. If you're using a plugin that causes this warning, please upgrade to the latest version and report an issue if the warning persists. To disable these warnings, set -Dmaven.project.sourceRoots.warningsDisabled=true on the command line, in the .mvn/maven.config file, or in project POM properties.
2025-11-16 23:45:36,754 [Worker-7: Building] WARN  o.apache.maven.project.MavenProject - Direct modification of testCompileSourceRoots through add() is deprecated and will not work in Maven 4.0.0. Please use the add/remove methods instead. If you're using a plugin that causes this warning, please upgrade to the latest version and report an issue if the warning persists. To disable these warnings, set -Dmaven.project.sourceRoots.warningsDisabled=true on the command line, in the .mvn/maven.config file, or in project POM properties.
2025-11-16 23:46:18,129 [Worker-40: Building] INFO  o.a.m.s.f.DefaultMavenResourcesFiltering - Copying 1 resource from src\main\resources to target\classes
2025-11-16 23:46:18,130 [Worker-40: Building] INFO  o.a.m.s.f.DefaultMavenResourcesFiltering - skip non existing resourceDirectory C:\Users\sonjo\eclipse-workspace\BackEndGimalProject\gimalProject\src\test\resources
2025-11-16 23:46:18,130 [Worker-40: Building] WARN  o.apache.maven.project.MavenProject - Direct modification of compileSourceRoots through clear() is deprecated and will not work in Maven 4.0.0. Please use the add/remove methods instead. If you're using a plugin that causes this warning, please upgrade to the latest version and report an issue if the warning persists. To disable these warnings, set -Dmaven.project.sourceRoots.warningsDisabled=true on the command line, in the .mvn/maven.config file, or in project POM properties.
2025-11-16 23:46:18,130 [Worker-40: Building] WARN  o.apache.maven.project.MavenProject - Direct modification of compileSourceRoots through add() is deprecated and will not work in Maven 4.0.0. Please use the add/remove methods instead. If you're using a plugin that causes this warning, please upgrade to the latest version and report an issue if the warning persists. To disable these warnings, set -Dmaven.project.sourceRoots.warningsDisabled=true on the command line, in the .mvn/maven.config file, or in project POM properties.
2025-11-16 23:46:18,131 [Worker-40: Building] WARN  o.apache.maven.project.MavenProject - Direct modification of testCompileSourceRoots through clear() is deprecated and will not work in Maven 4.0.0. Please use the add/remove methods instead. If you're using a plugin that causes this warning, please upgrade to the latest version and report an issue if the warning persists. To disable these warnings, set -Dmaven.project.sourceRoots.warningsDisabled=true on the command line, in the .mvn/maven.config file, or in project POM properties.
2025-11-16 23:46:18,131 [Worker-40: Building] WARN  o.apache.maven.project.MavenProject - Direct modification of testCompileSourceRoots through add() is deprecated and will not work in Maven 4.0.0. Please use the add/remove methods instead. If you're using a plugin that causes this warning, please upgrade to the latest version and report an issue if the warning persists. To disable these warnings, set -Dmaven.project.sourceRoots.warningsDisabled=true on the command line, in the .mvn/maven.config file, or in project POM properties.
2025-11-16 23:46:57,695 [Worker-7: Building] INFO  o.a.m.s.f.DefaultMavenResourcesFiltering - Copying 1 resource from src\main\resources to target\classes
2025-11-16 23:46:57,695 [Worker-7: Building] INFO  o.a.m.s.f.DefaultMavenResourcesFiltering - skip non existing resourceDirectory C:\Users\sonjo\eclipse-workspace\BackEndGimalProject\gimalProject\src\test\resources
2025-11-16 23:46:57,696 [Worker-7: Building] WARN  o.apache.maven.project.MavenProject - Direct modification of compileSourceRoots through clear() is deprecated and will not work in Maven 4.0.0. Please use the add/remove methods instead. If you're using a plugin that causes this warning, please upgrade to the latest version and report an issue if the warning persists. To disable these warnings, set -Dmaven.project.sourceRoots.warningsDisabled=true on the command line, in the .mvn/maven.config file, or in project POM properties.
2025-11-16 23:46:57,696 [Worker-7: Building] WARN  o.apache.maven.project.MavenProject - Direct modification of compileSourceRoots through add() is deprecated and will not work in Maven 4.0.0. Please use the add/remove methods instead. If you're using a plugin that causes this warning, please upgrade to the latest version and report an issue if the warning persists. To disable these warnings, set -Dmaven.project.sourceRoots.warningsDisabled=true on the command line, in the .mvn/maven.config file, or in project POM properties.
2025-11-16 23:46:57,696 [Worker-7: Building] WARN  o.apache.maven.project.MavenProject - Direct modification of testCompileSourceRoots through clear() is deprecated and will not work in Maven 4.0.0. Please use the add/remove methods instead. If you're using a plugin that causes this warning, please upgrade to the latest version and report an issue if the warning persists. To disable these warnings, set -Dmaven.project.sourceRoots.warningsDisabled=true on the command line, in the .mvn/maven.config file, or in project POM properties.
2025-11-16 23:46:57,696 [Worker-7: Building] WARN  o.apache.maven.project.MavenProject - Direct modification of testCompileSourceRoots through add() is deprecated and will not work in Maven 4.0.0. Please use the add/remove methods instead. If you're using a plugin that causes this warning, please upgrade to the latest version and report an issue if the warning persists. To disable these warnings, set -Dmaven.project.sourceRoots.warningsDisabled=true on the command line, in the .mvn/maven.config file, or in project POM properties.
2025-11-16 23:47:24,761 [Worker-40: Building] INFO  o.a.m.s.f.DefaultMavenResourcesFiltering - Copying 1 resource from src\main\resources to target\classes
2025-11-16 23:47:24,762 [Worker-40: Building] INFO  o.a.m.s.f.DefaultMavenResourcesFiltering - skip non existing resourceDirectory C:\Users\sonjo\eclipse-workspace\BackEndGimalProject\gimalProject\src\test\resources
2025-11-16 23:47:24,762 [Worker-40: Building] WARN  o.apache.maven.project.MavenProject - Direct modification of compileSourceRoots through clear() is deprecated and will not work in Maven 4.0.0. Please use the add/remove methods instead. If you're using a plugin that causes this warning, please upgrade to the latest version and report an issue if the warning persists. To disable these warnings, set -Dmaven.project.sourceRoots.warningsDisabled=true on the command line, in the .mvn/maven.config file, or in project POM properties.
2025-11-16 23:47:24,762 [Worker-40: Building] WARN  o.apache.maven.project.MavenProject - Direct modification of compileSourceRoots through add() is deprecated and will not work in Maven 4.0.0. Please use the add/remove methods instead. If you're using a plugin that causes this warning, please upgrade to the latest version and report an issue if the warning persists. To disable these warnings, set -Dmaven.project.sourceRoots.warningsDisabled=true on the command line, in the .mvn/maven.config file, or in project POM properties.
2025-11-16 23:47:24,762 [Worker-40: Building] WARN  o.apache.maven.project.MavenProject - Direct modification of testCompileSourceRoots through clear() is deprecated and will not work in Maven 4.0.0. Please use the add/remove methods instead. If you're using a plugin that causes this warning, please upgrade to the latest version and report an issue if the warning persists. To disable these warnings, set -Dmaven.project.sourceRoots.warningsDisabled=true on the command line, in the .mvn/maven.config file, or in project POM properties.
2025-11-16 23:47:24,763 [Worker-40: Building] WARN  o.apache.maven.project.MavenProject - Direct modification of testCompileSourceRoots through add() is deprecated and will not work in Maven 4.0.0. Please use the add/remove methods instead. If you're using a plugin that causes this warning, please upgrade to the latest version and report an issue if the warning persists. To disable these warnings, set -Dmaven.project.sourceRoots.warningsDisabled=true on the command line, in the .mvn/maven.config file, or in project POM properties.
2025-11-16 23:47:41,349 [Worker-39: Building] INFO  o.a.m.s.f.DefaultMavenResourcesFiltering - Copying 1 resource from src\main\resources to target\classes
2025-11-16 23:47:41,350 [Worker-39: Building] INFO  o.a.m.s.f.DefaultMavenResourcesFiltering - skip non existing resourceDirectory C:\Users\sonjo\eclipse-workspace\BackEndGimalProject\gimalProject\src\test\resources
2025-11-16 23:47:41,350 [Worker-39: Building] WARN  o.apache.maven.project.MavenProject - Direct modification of compileSourceRoots through clear() is deprecated and will not work in Maven 4.0.0. Please use the add/remove methods instead. If you're using a plugin that causes this warning, please upgrade to the latest version and report an issue if the warning persists. To disable these warnings, set -Dmaven.project.sourceRoots.warningsDisabled=true on the command line, in the .mvn/maven.config file, or in project POM properties.
2025-11-16 23:47:41,351 [Worker-39: Building] WARN  o.apache.maven.project.MavenProject - Direct modification of compileSourceRoots through add() is deprecated and will not work in Maven 4.0.0. Please use the add/remove methods instead. If you're using a plugin that causes this warning, please upgrade to the latest version and report an issue if the warning persists. To disable these warnings, set -Dmaven.project.sourceRoots.warningsDisabled=true on the command line, in the .mvn/maven.config file, or in project POM properties.
2025-11-16 23:47:41,351 [Worker-39: Building] WARN  o.apache.maven.project.MavenProject - Direct modification of testCompileSourceRoots through clear() is deprecated and will not work in Maven 4.0.0. Please use the add/remove methods instead. If you're using a plugin that causes this warning, please upgrade to the latest version and report an issue if the warning persists. To disable these warnings, set -Dmaven.project.sourceRoots.warningsDisabled=true on the command line, in the .mvn/maven.config file, or in project POM properties.
2025-11-16 23:47:41,351 [Worker-39: Building] WARN  o.apache.maven.project.MavenProject - Direct modification of testCompileSourceRoots through add() is deprecated and will not work in Maven 4.0.0. Please use the add/remove methods instead. If you're using a plugin that causes this warning, please upgrade to the latest version and report an issue if the warning persists. To disable these warnings, set -Dmaven.project.sourceRoots.warningsDisabled=true on the command line, in the .mvn/maven.config file, or in project POM properties.
2025-11-16 23:47:58,874 [Worker-40: Building] INFO  o.a.m.s.f.DefaultMavenResourcesFiltering - Copying 0 resource from src\main\resources to target\classes
2025-11-16 23:47:58,875 [Worker-40: Building] INFO  o.a.m.s.f.DefaultMavenResourcesFiltering - skip non existing resourceDirectory C:\Users\sonjo\eclipse-workspace\BackEndGimalProject\gimalProject\src\test\resources
2025-11-16 23:47:58,875 [Worker-40: Building] WARN  o.apache.maven.project.MavenProject - Direct modification of compileSourceRoots through clear() is deprecated and will not work in Maven 4.0.0. Please use the add/remove methods instead. If you're using a plugin that causes this warning, please upgrade to the latest version and report an issue if the warning persists. To disable these warnings, set -Dmaven.project.sourceRoots.warningsDisabled=true on the command line, in the .mvn/maven.config file, or in project POM properties.
2025-11-16 23:47:58,876 [Worker-40: Building] WARN  o.apache.maven.project.MavenProject - Direct modification of compileSourceRoots through add() is deprecated and will not work in Maven 4.0.0. Please use the add/remove methods instead. If you're using a plugin that causes this warning, please upgrade to the latest version and report an issue if the warning persists. To disable these warnings, set -Dmaven.project.sourceRoots.warningsDisabled=true on the command line, in the .mvn/maven.config file, or in project POM properties.
2025-11-16 23:47:58,876 [Worker-40: Building] WARN  o.apache.maven.project.MavenProject - Direct modification of testCompileSourceRoots through clear() is deprecated and will not work in Maven 4.0.0. Please use the add/remove methods instead. If you're using a plugin that causes this warning, please upgrade to the latest version and report an issue if the warning persists. To disable these warnings, set -Dmaven.project.sourceRoots.warningsDisabled=true on the command line, in the .mvn/maven.config file, or in project POM properties.
2025-11-16 23:47:58,876 [Worker-40: Building] WARN  o.apache.maven.project.MavenProject - Direct modification of testCompileSourceRoots through add() is deprecated and will not work in Maven 4.0.0. Please use the add/remove methods instead. If you're using a plugin that causes this warning, please upgrade to the latest version and report an issue if the warning persists. To disable these warnings, set -Dmaven.project.sourceRoots.warningsDisabled=true on the command line, in the .mvn/maven.config file, or in project POM properties.
2025-11-16 23:48:05,853 [Worker-40: Building] INFO  o.a.m.s.f.DefaultMavenResourcesFiltering - Copying 1 resource from src\main\resources to target\classes
2025-11-16 23:48:05,854 [Worker-40: Building] INFO  o.a.m.s.f.DefaultMavenResourcesFiltering - skip non existing resourceDirectory C:\Users\sonjo\eclipse-workspace\BackEndGimalProject\gimalProject\src\test\resources
2025-11-16 23:48:05,854 [Worker-40: Building] WARN  o.apache.maven.project.MavenProject - Direct modification of compileSourceRoots through clear() is deprecated and will not work in Maven 4.0.0. Please use the add/remove methods instead. If you're using a plugin that causes this warning, please upgrade to the latest version and report an issue if the warning persists. To disable these warnings, set -Dmaven.project.sourceRoots.warningsDisabled=true on the command line, in the .mvn/maven.config file, or in project POM properties.
2025-11-16 23:48:05,854 [Worker-40: Building] WARN  o.apache.maven.project.MavenProject - Direct modification of compileSourceRoots through add() is deprecated and will not work in Maven 4.0.0. Please use the add/remove methods instead. If you're using a plugin that causes this warning, please upgrade to the latest version and report an issue if the warning persists. To disable these warnings, set -Dmaven.project.sourceRoots.warningsDisabled=true on the command line, in the .mvn/maven.config file, or in project POM properties.
2025-11-16 23:48:05,854 [Worker-40: Building] WARN  o.apache.maven.project.MavenProject - Direct modification of testCompileSourceRoots through clear() is deprecated and will not work in Maven 4.0.0. Please use the add/remove methods instead. If you're using a plugin that causes this warning, please upgrade to the latest version and report an issue if the warning persists. To disable these warnings, set -Dmaven.project.sourceRoots.warningsDisabled=true on the command line, in the .mvn/maven.config file, or in project POM properties.
2025-11-16 23:48:05,854 [Worker-40: Building] WARN  o.apache.maven.project.MavenProject - Direct modification of testCompileSourceRoots through add() is deprecated and will not work in Maven 4.0.0. Please use the add/remove methods instead. If you're using a plugin that causes this warning, please upgrade to the latest version and report an issue if the warning persists. To disable these warnings, set -Dmaven.project.sourceRoots.warningsDisabled=true on the command line, in the .mvn/maven.config file, or in project POM properties.
2025-11-16 23:48:42,472 [Worker-7: Building] INFO  o.a.m.s.f.DefaultMavenResourcesFiltering - Copying 1 resource from src\main\resources to target\classes
2025-11-16 23:48:42,473 [Worker-7: Building] INFO  o.a.m.s.f.DefaultMavenResourcesFiltering - skip non existing resourceDirectory C:\Users\sonjo\eclipse-workspace\BackEndGimalProject\gimalProject\src\test\resources
2025-11-16 23:48:42,473 [Worker-7: Building] WARN  o.apache.maven.project.MavenProject - Direct modification of compileSourceRoots through clear() is deprecated and will not work in Maven 4.0.0. Please use the add/remove methods instead. If you're using a plugin that causes this warning, please upgrade to the latest version and report an issue if the warning persists. To disable these warnings, set -Dmaven.project.sourceRoots.warningsDisabled=true on the command line, in the .mvn/maven.config file, or in project POM properties.
2025-11-16 23:48:42,474 [Worker-7: Building] WARN  o.apache.maven.project.MavenProject - Direct modification of compileSourceRoots through add() is deprecated and will not work in Maven 4.0.0. Please use the add/remove methods instead. If you're using a plugin that causes this warning, please upgrade to the latest version and report an issue if the warning persists. To disable these warnings, set -Dmaven.project.sourceRoots.warningsDisabled=true on the command line, in the .mvn/maven.config file, or in project POM properties.
2025-11-16 23:48:42,474 [Worker-7: Building] WARN  o.apache.maven.project.MavenProject - Direct modification of testCompileSourceRoots through clear() is deprecated and will not work in Maven 4.0.0. Please use the add/remove methods instead. If you're using a plugin that causes this warning, please upgrade to the latest version and report an issue if the warning persists. To disable these warnings, set -Dmaven.project.sourceRoots.warningsDisabled=true on the command line, in the .mvn/maven.config file, or in project POM properties.
2025-11-16 23:48:42,474 [Worker-7: Building] WARN  o.apache.maven.project.MavenProject - Direct modification of testCompileSourceRoots through add() is deprecated and will not work in Maven 4.0.0. Please use the add/remove methods instead. If you're using a plugin that causes this warning, please upgrade to the latest version and report an issue if the warning persists. To disable these warnings, set -Dmaven.project.sourceRoots.warningsDisabled=true on the command line, in the .mvn/maven.config file, or in project POM properties.
2025-11-16 23:48:59,440 [Worker-39: Building] INFO  o.a.m.s.f.DefaultMavenResourcesFiltering - Copying 1 resource from src\main\resources to target\classes
2025-11-16 23:48:59,441 [Worker-39: Building] INFO  o.a.m.s.f.DefaultMavenResourcesFiltering - skip non existing resourceDirectory C:\Users\sonjo\eclipse-workspace\BackEndGimalProject\gimalProject\src\test\resources
2025-11-16 23:48:59,441 [Worker-39: Building] WARN  o.apache.maven.project.MavenProject - Direct modification of compileSourceRoots through clear() is deprecated and will not work in Maven 4.0.0. Please use the add/remove methods instead. If you're using a plugin that causes this warning, please upgrade to the latest version and report an issue if the warning persists. To disable these warnings, set -Dmaven.project.sourceRoots.warningsDisabled=true on the command line, in the .mvn/maven.config file, or in project POM properties.
2025-11-16 23:48:59,441 [Worker-39: Building] WARN  o.apache.maven.project.MavenProject - Direct modification of compileSourceRoots through add() is deprecated and will not work in Maven 4.0.0. Please use the add/remove methods instead. If you're using a plugin that causes this warning, please upgrade to the latest version and report an issue if the warning persists. To disable these warnings, set -Dmaven.project.sourceRoots.warningsDisabled=true on the command line, in the .mvn/maven.config file, or in project POM properties.
2025-11-16 23:48:59,442 [Worker-39: Building] WARN  o.apache.maven.project.MavenProject - Direct modification of testCompileSourceRoots through clear() is deprecated and will not work in Maven 4.0.0. Please use the add/remove methods instead. If you're using a plugin that causes this warning, please upgrade to the latest version and report an issue if the warning persists. To disable these warnings, set -Dmaven.project.sourceRoots.warningsDisabled=true on the command line, in the .mvn/maven.config file, or in project POM properties.
2025-11-16 23:48:59,442 [Worker-39: Building] WARN  o.apache.maven.project.MavenProject - Direct modification of testCompileSourceRoots through add() is deprecated and will not work in Maven 4.0.0. Please use the add/remove methods instead. If you're using a plugin that causes this warning, please upgrade to the latest version and report an issue if the warning persists. To disable these warnings, set -Dmaven.project.sourceRoots.warningsDisabled=true on the command line, in the .mvn/maven.config file, or in project POM properties.
2025-11-16 23:49:06,162 [Worker-40: Building] INFO  o.a.m.s.f.DefaultMavenResourcesFiltering - Copying 1 resource from src\main\resources to target\classes
2025-11-16 23:49:06,163 [Worker-40: Building] INFO  o.a.m.s.f.DefaultMavenResourcesFiltering - skip non existing resourceDirectory C:\Users\sonjo\eclipse-workspace\BackEndGimalProject\gimalProject\src\test\resources
2025-11-16 23:49:06,164 [Worker-40: Building] WARN  o.apache.maven.project.MavenProject - Direct modification of compileSourceRoots through clear() is deprecated and will not work in Maven 4.0.0. Please use the add/remove methods instead. If you're using a plugin that causes this warning, please upgrade to the latest version and report an issue if the warning persists. To disable these warnings, set -Dmaven.project.sourceRoots.warningsDisabled=true on the command line, in the .mvn/maven.config file, or in project POM properties.
2025-11-16 23:49:06,164 [Worker-40: Building] WARN  o.apache.maven.project.MavenProject - Direct modification of compileSourceRoots through add() is deprecated and will not work in Maven 4.0.0. Please use the add/remove methods instead. If you're using a plugin that causes this warning, please upgrade to the latest version and report an issue if the warning persists. To disable these warnings, set -Dmaven.project.sourceRoots.warningsDisabled=true on the command line, in the .mvn/maven.config file, or in project POM properties.
2025-11-16 23:49:06,164 [Worker-40: Building] WARN  o.apache.maven.project.MavenProject - Direct modification of testCompileSourceRoots through clear() is deprecated and will not work in Maven 4.0.0. Please use the add/remove methods instead. If you're using a plugin that causes this warning, please upgrade to the latest version and report an issue if the warning persists. To disable these warnings, set -Dmaven.project.sourceRoots.warningsDisabled=true on the command line, in the .mvn/maven.config file, or in project POM properties.
2025-11-16 23:49:06,164 [Worker-40: Building] WARN  o.apache.maven.project.MavenProject - Direct modification of testCompileSourceRoots through add() is deprecated and will not work in Maven 4.0.0. Please use the add/remove methods instead. If you're using a plugin that causes this warning, please upgrade to the latest version and report an issue if the warning persists. To disable these warnings, set -Dmaven.project.sourceRoots.warningsDisabled=true on the command line, in the .mvn/maven.config file, or in project POM properties.
2025-11-16 23:49:24,977 [Worker-39: Building] INFO  o.a.m.s.f.DefaultMavenResourcesFiltering - Copying 1 resource from src\main\resources to target\classes
2025-11-16 23:49:24,978 [Worker-39: Building] INFO  o.a.m.s.f.DefaultMavenResourcesFiltering - skip non existing resourceDirectory C:\Users\sonjo\eclipse-workspace\BackEndGimalProject\gimalProject\src\test\resources
2025-11-16 23:49:24,978 [Worker-39: Building] WARN  o.apache.maven.project.MavenProject - Direct modification of compileSourceRoots through clear() is deprecated and will not work in Maven 4.0.0. Please use the add/remove methods instead. If you're using a plugin that causes this warning, please upgrade to the latest version and report an issue if the warning persists. To disable these warnings, set -Dmaven.project.sourceRoots.warningsDisabled=true on the command line, in the .mvn/maven.config file, or in project POM properties.
2025-11-16 23:49:24,978 [Worker-39: Building] WARN  o.apache.maven.project.MavenProject - Direct modification of compileSourceRoots through add() is deprecated and will not work in Maven 4.0.0. Please use the add/remove methods instead. If you're using a plugin that causes this warning, please upgrade to the latest version and report an issue if the warning persists. To disable these warnings, set -Dmaven.project.sourceRoots.warningsDisabled=true on the command line, in the .mvn/maven.config file, or in project POM properties.
2025-11-16 23:49:24,979 [Worker-39: Building] WARN  o.apache.maven.project.MavenProject - Direct modification of testCompileSourceRoots through clear() is deprecated and will not work in Maven 4.0.0. Please use the add/remove methods instead. If you're using a plugin that causes this warning, please upgrade to the latest version and report an issue if the warning persists. To disable these warnings, set -Dmaven.project.sourceRoots.warningsDisabled=true on the command line, in the .mvn/maven.config file, or in project POM properties.
2025-11-16 23:49:24,979 [Worker-39: Building] WARN  o.apache.maven.project.MavenProject - Direct modification of testCompileSourceRoots through add() is deprecated and will not work in Maven 4.0.0. Please use the add/remove methods instead. If you're using a plugin that causes this warning, please upgrade to the latest version and report an issue if the warning persists. To disable these warnings, set -Dmaven.project.sourceRoots.warningsDisabled=true on the command line, in the .mvn/maven.config file, or in project POM properties.
2025-11-16 23:49:45,777 [Worker-7: Building] INFO  o.a.m.s.f.DefaultMavenResourcesFiltering - Copying 1 resource from src\main\resources to target\classes
2025-11-16 23:49:45,778 [Worker-7: Building] INFO  o.a.m.s.f.DefaultMavenResourcesFiltering - skip non existing resourceDirectory C:\Users\sonjo\eclipse-workspace\BackEndGimalProject\gimalProject\src\test\resources
2025-11-16 23:49:45,778 [Worker-7: Building] WARN  o.apache.maven.project.MavenProject - Direct modification of compileSourceRoots through clear() is deprecated and will not work in Maven 4.0.0. Please use the add/remove methods instead. If you're using a plugin that causes this warning, please upgrade to the latest version and report an issue if the warning persists. To disable these warnings, set -Dmaven.project.sourceRoots.warningsDisabled=true on the command line, in the .mvn/maven.config file, or in project POM properties.
2025-11-16 23:49:45,779 [Worker-7: Building] WARN  o.apache.maven.project.MavenProject - Direct modification of compileSourceRoots through add() is deprecated and will not work in Maven 4.0.0. Please use the add/remove methods instead. If you're using a plugin that causes this warning, please upgrade to the latest version and report an issue if the warning persists. To disable these warnings, set -Dmaven.project.sourceRoots.warningsDisabled=true on the command line, in the .mvn/maven.config file, or in project POM properties.
2025-11-16 23:49:45,779 [Worker-7: Building] WARN  o.apache.maven.project.MavenProject - Direct modification of testCompileSourceRoots through clear() is deprecated and will not work in Maven 4.0.0. Please use the add/remove methods instead. If you're using a plugin that causes this warning, please upgrade to the latest version and report an issue if the warning persists. To disable these warnings, set -Dmaven.project.sourceRoots.warningsDisabled=true on the command line, in the .mvn/maven.config file, or in project POM properties.
2025-11-16 23:49:45,779 [Worker-7: Building] WARN  o.apache.maven.project.MavenProject - Direct modification of testCompileSourceRoots through add() is deprecated and will not work in Maven 4.0.0. Please use the add/remove methods instead. If you're using a plugin that causes this warning, please upgrade to the latest version and report an issue if the warning persists. To disable these warnings, set -Dmaven.project.sourceRoots.warningsDisabled=true on the command line, in the .mvn/maven.config file, or in project POM properties.
2025-11-16 23:50:03,709 [Worker-28: Building] INFO  o.a.m.s.f.DefaultMavenResourcesFiltering - Copying 1 resource from src\main\resources to target\classes
2025-11-16 23:50:03,710 [Worker-28: Building] INFO  o.a.m.s.f.DefaultMavenResourcesFiltering - skip non existing resourceDirectory C:\Users\sonjo\eclipse-workspace\BackEndGimalProject\gimalProject\src\test\resources
2025-11-16 23:50:03,710 [Worker-28: Building] WARN  o.apache.maven.project.MavenProject - Direct modification of compileSourceRoots through clear() is deprecated and will not work in Maven 4.0.0. Please use the add/remove methods instead. If you're using a plugin that causes this warning, please upgrade to the latest version and report an issue if the warning persists. To disable these warnings, set -Dmaven.project.sourceRoots.warningsDisabled=true on the command line, in the .mvn/maven.config file, or in project POM properties.
2025-11-16 23:50:03,711 [Worker-28: Building] WARN  o.apache.maven.project.MavenProject - Direct modification of compileSourceRoots through add() is deprecated and will not work in Maven 4.0.0. Please use the add/remove methods instead. If you're using a plugin that causes this warning, please upgrade to the latest version and report an issue if the warning persists. To disable these warnings, set -Dmaven.project.sourceRoots.warningsDisabled=true on the command line, in the .mvn/maven.config file, or in project POM properties.
2025-11-16 23:50:03,711 [Worker-28: Building] WARN  o.apache.maven.project.MavenProject - Direct modification of testCompileSourceRoots through clear() is deprecated and will not work in Maven 4.0.0. Please use the add/remove methods instead. If you're using a plugin that causes this warning, please upgrade to the latest version and report an issue if the warning persists. To disable these warnings, set -Dmaven.project.sourceRoots.warningsDisabled=true on the command line, in the .mvn/maven.config file, or in project POM properties.
2025-11-16 23:50:03,711 [Worker-28: Building] WARN  o.apache.maven.project.MavenProject - Direct modification of testCompileSourceRoots through add() is deprecated and will not work in Maven 4.0.0. Please use the add/remove methods instead. If you're using a plugin that causes this warning, please upgrade to the latest version and report an issue if the warning persists. To disable these warnings, set -Dmaven.project.sourceRoots.warningsDisabled=true on the command line, in the .mvn/maven.config file, or in project POM properties.
2025-11-16 23:50:07,642 [Worker-41: Building] INFO  o.a.m.s.f.DefaultMavenResourcesFiltering - Copying 1 resource from src\main\resources to target\classes
2025-11-16 23:50:07,643 [Worker-41: Building] INFO  o.a.m.s.f.DefaultMavenResourcesFiltering - skip non existing resourceDirectory C:\Users\sonjo\eclipse-workspace\BackEndGimalProject\gimalProject\src\test\resources
2025-11-16 23:50:07,643 [Worker-41: Building] WARN  o.apache.maven.project.MavenProject - Direct modification of compileSourceRoots through clear() is deprecated and will not work in Maven 4.0.0. Please use the add/remove methods instead. If you're using a plugin that causes this warning, please upgrade to the latest version and report an issue if the warning persists. To disable these warnings, set -Dmaven.project.sourceRoots.warningsDisabled=true on the command line, in the .mvn/maven.config file, or in project POM properties.
2025-11-16 23:50:07,644 [Worker-41: Building] WARN  o.apache.maven.project.MavenProject - Direct modification of compileSourceRoots through add() is deprecated and will not work in Maven 4.0.0. Please use the add/remove methods instead. If you're using a plugin that causes this warning, please upgrade to the latest version and report an issue if the warning persists. To disable these warnings, set -Dmaven.project.sourceRoots.warningsDisabled=true on the command line, in the .mvn/maven.config file, or in project POM properties.
2025-11-16 23:50:07,644 [Worker-41: Building] WARN  o.apache.maven.project.MavenProject - Direct modification of testCompileSourceRoots through clear() is deprecated and will not work in Maven 4.0.0. Please use the add/remove methods instead. If you're using a plugin that causes this warning, please upgrade to the latest version and report an issue if the warning persists. To disable these warnings, set -Dmaven.project.sourceRoots.warningsDisabled=true on the command line, in the .mvn/maven.config file, or in project POM properties.
2025-11-16 23:50:07,644 [Worker-41: Building] WARN  o.apache.maven.project.MavenProject - Direct modification of testCompileSourceRoots through add() is deprecated and will not work in Maven 4.0.0. Please use the add/remove methods instead. If you're using a plugin that causes this warning, please upgrade to the latest version and report an issue if the warning persists. To disable these warnings, set -Dmaven.project.sourceRoots.warningsDisabled=true on the command line, in the .mvn/maven.config file, or in project POM properties.
2025-11-16 23:50:14,107 [Worker-19: Building] INFO  o.a.m.s.f.DefaultMavenResourcesFiltering - Copying 1 resource from src\main\resources to target\classes
2025-11-16 23:50:14,108 [Worker-19: Building] INFO  o.a.m.s.f.DefaultMavenResourcesFiltering - skip non existing resourceDirectory C:\Users\sonjo\eclipse-workspace\BackEndGimalProject\gimalProject\src\test\resources
2025-11-16 23:50:14,109 [Worker-19: Building] WARN  o.apache.maven.project.MavenProject - Direct modification of compileSourceRoots through clear() is deprecated and will not work in Maven 4.0.0. Please use the add/remove methods instead. If you're using a plugin that causes this warning, please upgrade to the latest version and report an issue if the warning persists. To disable these warnings, set -Dmaven.project.sourceRoots.warningsDisabled=true on the command line, in the .mvn/maven.config file, or in project POM properties.
2025-11-16 23:50:14,109 [Worker-19: Building] WARN  o.apache.maven.project.MavenProject - Direct modification of compileSourceRoots through add() is deprecated and will not work in Maven 4.0.0. Please use the add/remove methods instead. If you're using a plugin that causes this warning, please upgrade to the latest version and report an issue if the warning persists. To disable these warnings, set -Dmaven.project.sourceRoots.warningsDisabled=true on the command line, in the .mvn/maven.config file, or in project POM properties.
2025-11-16 23:50:14,109 [Worker-19: Building] WARN  o.apache.maven.project.MavenProject - Direct modification of testCompileSourceRoots through clear() is deprecated and will not work in Maven 4.0.0. Please use the add/remove methods instead. If you're using a plugin that causes this warning, please upgrade to the latest version and report an issue if the warning persists. To disable these warnings, set -Dmaven.project.sourceRoots.warningsDisabled=true on the command line, in the .mvn/maven.config file, or in project POM properties.
2025-11-16 23:50:14,109 [Worker-19: Building] WARN  o.apache.maven.project.MavenProject - Direct modification of testCompileSourceRoots through add() is deprecated and will not work in Maven 4.0.0. Please use the add/remove methods instead. If you're using a plugin that causes this warning, please upgrade to the latest version and report an issue if the warning persists. To disable these warnings, set -Dmaven.project.sourceRoots.warningsDisabled=true on the command line, in the .mvn/maven.config file, or in project POM properties.
2025-11-16 23:50:25,873 [Worker-19: Building] INFO  o.a.m.s.f.DefaultMavenResourcesFiltering - Copying 1 resource from src\main\resources to target\classes
2025-11-16 23:50:25,874 [Worker-19: Building] INFO  o.a.m.s.f.DefaultMavenResourcesFiltering - skip non existing resourceDirectory C:\Users\sonjo\eclipse-workspace\BackEndGimalProject\gimalProject\src\test\resources
2025-11-16 23:50:25,874 [Worker-19: Building] WARN  o.apache.maven.project.MavenProject - Direct modification of compileSourceRoots through clear() is deprecated and will not work in Maven 4.0.0. Please use the add/remove methods instead. If you're using a plugin that causes this warning, please upgrade to the latest version and report an issue if the warning persists. To disable these warnings, set -Dmaven.project.sourceRoots.warningsDisabled=true on the command line, in the .mvn/maven.config file, or in project POM properties.
2025-11-16 23:50:25,874 [Worker-19: Building] WARN  o.apache.maven.project.MavenProject - Direct modification of compileSourceRoots through add() is deprecated and will not work in Maven 4.0.0. Please use the add/remove methods instead. If you're using a plugin that causes this warning, please upgrade to the latest version and report an issue if the warning persists. To disable these warnings, set -Dmaven.project.sourceRoots.warningsDisabled=true on the command line, in the .mvn/maven.config file, or in project POM properties.
2025-11-16 23:50:25,875 [Worker-19: Building] WARN  o.apache.maven.project.MavenProject - Direct modification of testCompileSourceRoots through clear() is deprecated and will not work in Maven 4.0.0. Please use the add/remove methods instead. If you're using a plugin that causes this warning, please upgrade to the latest version and report an issue if the warning persists. To disable these warnings, set -Dmaven.project.sourceRoots.warningsDisabled=true on the command line, in the .mvn/maven.config file, or in project POM properties.
2025-11-16 23:50:25,875 [Worker-19: Building] WARN  o.apache.maven.project.MavenProject - Direct modification of testCompileSourceRoots through add() is deprecated and will not work in Maven 4.0.0. Please use the add/remove methods instead. If you're using a plugin that causes this warning, please upgrade to the latest version and report an issue if the warning persists. To disable these warnings, set -Dmaven.project.sourceRoots.warningsDisabled=true on the command line, in the .mvn/maven.config file, or in project POM properties.
2025-11-16 23:51:34,071 [Worker-41: Building] INFO  o.a.m.s.f.DefaultMavenResourcesFiltering - Copying 1 resource from src\main\resources to target\classes
2025-11-16 23:51:34,072 [Worker-41: Building] INFO  o.a.m.s.f.DefaultMavenResourcesFiltering - skip non existing resourceDirectory C:\Users\sonjo\eclipse-workspace\BackEndGimalProject\gimalProject\src\test\resources
2025-11-16 23:51:34,072 [Worker-41: Building] WARN  o.apache.maven.project.MavenProject - Direct modification of compileSourceRoots through clear() is deprecated and will not work in Maven 4.0.0. Please use the add/remove methods instead. If you're using a plugin that causes this warning, please upgrade to the latest version and report an issue if the warning persists. To disable these warnings, set -Dmaven.project.sourceRoots.warningsDisabled=true on the command line, in the .mvn/maven.config file, or in project POM properties.
2025-11-16 23:51:34,072 [Worker-41: Building] WARN  o.apache.maven.project.MavenProject - Direct modification of compileSourceRoots through add() is deprecated and will not work in Maven 4.0.0. Please use the add/remove methods instead. If you're using a plugin that causes this warning, please upgrade to the latest version and report an issue if the warning persists. To disable these warnings, set -Dmaven.project.sourceRoots.warningsDisabled=true on the command line, in the .mvn/maven.config file, or in project POM properties.
2025-11-16 23:51:34,072 [Worker-41: Building] WARN  o.apache.maven.project.MavenProject - Direct modification of testCompileSourceRoots through clear() is deprecated and will not work in Maven 4.0.0. Please use the add/remove methods instead. If you're using a plugin that causes this warning, please upgrade to the latest version and report an issue if the warning persists. To disable these warnings, set -Dmaven.project.sourceRoots.warningsDisabled=true on the command line, in the .mvn/maven.config file, or in project POM properties.
2025-11-16 23:51:34,074 [Worker-41: Building] WARN  o.apache.maven.project.MavenProject - Direct modification of testCompileSourceRoots through add() is deprecated and will not work in Maven 4.0.0. Please use the add/remove methods instead. If you're using a plugin that causes this warning, please upgrade to the latest version and report an issue if the warning persists. To disable these warnings, set -Dmaven.project.sourceRoots.warningsDisabled=true on the command line, in the .mvn/maven.config file, or in project POM properties.
2025-11-16 23:51:36,248 [Worker-7: Building] INFO  o.a.m.s.f.DefaultMavenResourcesFiltering - Copying 1 resource from src\main\resources to target\classes
2025-11-16 23:51:36,249 [Worker-7: Building] INFO  o.a.m.s.f.DefaultMavenResourcesFiltering - skip non existing resourceDirectory C:\Users\sonjo\eclipse-workspace\BackEndGimalProject\gimalProject\src\test\resources
2025-11-16 23:51:36,249 [Worker-7: Building] WARN  o.apache.maven.project.MavenProject - Direct modification of compileSourceRoots through clear() is deprecated and will not work in Maven 4.0.0. Please use the add/remove methods instead. If you're using a plugin that causes this warning, please upgrade to the latest version and report an issue if the warning persists. To disable these warnings, set -Dmaven.project.sourceRoots.warningsDisabled=true on the command line, in the .mvn/maven.config file, or in project POM properties.
2025-11-16 23:51:36,249 [Worker-7: Building] WARN  o.apache.maven.project.MavenProject - Direct modification of compileSourceRoots through add() is deprecated and will not work in Maven 4.0.0. Please use the add/remove methods instead. If you're using a plugin that causes this warning, please upgrade to the latest version and report an issue if the warning persists. To disable these warnings, set -Dmaven.project.sourceRoots.warningsDisabled=true on the command line, in the .mvn/maven.config file, or in project POM properties.
2025-11-16 23:51:36,250 [Worker-7: Building] WARN  o.apache.maven.project.MavenProject - Direct modification of testCompileSourceRoots through clear() is deprecated and will not work in Maven 4.0.0. Please use the add/remove methods instead. If you're using a plugin that causes this warning, please upgrade to the latest version and report an issue if the warning persists. To disable these warnings, set -Dmaven.project.sourceRoots.warningsDisabled=true on the command line, in the .mvn/maven.config file, or in project POM properties.
2025-11-16 23:51:36,250 [Worker-7: Building] WARN  o.apache.maven.project.MavenProject - Direct modification of testCompileSourceRoots through add() is deprecated and will not work in Maven 4.0.0. Please use the add/remove methods instead. If you're using a plugin that causes this warning, please upgrade to the latest version and report an issue if the warning persists. To disable these warnings, set -Dmaven.project.sourceRoots.warningsDisabled=true on the command line, in the .mvn/maven.config file, or in project POM properties.
2025-11-16 23:51:41,258 [Worker-39: Building] INFO  o.a.m.s.f.DefaultMavenResourcesFiltering - Copying 1 resource from src\main\resources to target\classes
2025-11-16 23:51:41,259 [Worker-39: Building] INFO  o.a.m.s.f.DefaultMavenResourcesFiltering - skip non existing resourceDirectory C:\Users\sonjo\eclipse-workspace\BackEndGimalProject\gimalProject\src\test\resources
2025-11-16 23:51:41,259 [Worker-39: Building] WARN  o.apache.maven.project.MavenProject - Direct modification of compileSourceRoots through clear() is deprecated and will not work in Maven 4.0.0. Please use the add/remove methods instead. If you're using a plugin that causes this warning, please upgrade to the latest version and report an issue if the warning persists. To disable these warnings, set -Dmaven.project.sourceRoots.warningsDisabled=true on the command line, in the .mvn/maven.config file, or in project POM properties.
2025-11-16 23:51:41,259 [Worker-39: Building] WARN  o.apache.maven.project.MavenProject - Direct modification of compileSourceRoots through add() is deprecated and will not work in Maven 4.0.0. Please use the add/remove methods instead. If you're using a plugin that causes this warning, please upgrade to the latest version and report an issue if the warning persists. To disable these warnings, set -Dmaven.project.sourceRoots.warningsDisabled=true on the command line, in the .mvn/maven.config file, or in project POM properties.
2025-11-16 23:51:41,260 [Worker-39: Building] WARN  o.apache.maven.project.MavenProject - Direct modification of testCompileSourceRoots through clear() is deprecated and will not work in Maven 4.0.0. Please use the add/remove methods instead. If you're using a plugin that causes this warning, please upgrade to the latest version and report an issue if the warning persists. To disable these warnings, set -Dmaven.project.sourceRoots.warningsDisabled=true on the command line, in the .mvn/maven.config file, or in project POM properties.
2025-11-16 23:51:41,260 [Worker-39: Building] WARN  o.apache.maven.project.MavenProject - Direct modification of testCompileSourceRoots through add() is deprecated and will not work in Maven 4.0.0. Please use the add/remove methods instead. If you're using a plugin that causes this warning, please upgrade to the latest version and report an issue if the warning persists. To disable these warnings, set -Dmaven.project.sourceRoots.warningsDisabled=true on the command line, in the .mvn/maven.config file, or in project POM properties.
2025-11-16 23:53:17,616 [Worker-40: Building] INFO  o.a.m.s.f.DefaultMavenResourcesFiltering - Copying 1 resource from src\main\resources to target\classes
2025-11-16 23:53:17,617 [Worker-40: Building] INFO  o.a.m.s.f.DefaultMavenResourcesFiltering - skip non existing resourceDirectory C:\Users\sonjo\eclipse-workspace\BackEndGimalProject\gimalProject\src\test\resources
2025-11-16 23:53:17,617 [Worker-40: Building] WARN  o.apache.maven.project.MavenProject - Direct modification of compileSourceRoots through clear() is deprecated and will not work in Maven 4.0.0. Please use the add/remove methods instead. If you're using a plugin that causes this warning, please upgrade to the latest version and report an issue if the warning persists. To disable these warnings, set -Dmaven.project.sourceRoots.warningsDisabled=true on the command line, in the .mvn/maven.config file, or in project POM properties.
2025-11-16 23:53:17,617 [Worker-40: Building] WARN  o.apache.maven.project.MavenProject - Direct modification of compileSourceRoots through add() is deprecated and will not work in Maven 4.0.0. Please use the add/remove methods instead. If you're using a plugin that causes this warning, please upgrade to the latest version and report an issue if the warning persists. To disable these warnings, set -Dmaven.project.sourceRoots.warningsDisabled=true on the command line, in the .mvn/maven.config file, or in project POM properties.
2025-11-16 23:53:17,618 [Worker-40: Building] WARN  o.apache.maven.project.MavenProject - Direct modification of testCompileSourceRoots through clear() is deprecated and will not work in Maven 4.0.0. Please use the add/remove methods instead. If you're using a plugin that causes this warning, please upgrade to the latest version and report an issue if the warning persists. To disable these warnings, set -Dmaven.project.sourceRoots.warningsDisabled=true on the command line, in the .mvn/maven.config file, or in project POM properties.
2025-11-16 23:53:17,618 [Worker-40: Building] WARN  o.apache.maven.project.MavenProject - Direct modification of testCompileSourceRoots through add() is deprecated and will not work in Maven 4.0.0. Please use the add/remove methods instead. If you're using a plugin that causes this warning, please upgrade to the latest version and report an issue if the warning persists. To disable these warnings, set -Dmaven.project.sourceRoots.warningsDisabled=true on the command line, in the .mvn/maven.config file, or in project POM properties.
2025-11-16 23:55:23,709 [Worker-7: Building] INFO  o.a.m.s.f.DefaultMavenResourcesFiltering - Copying 1 resource from src\main\resources to target\classes
2025-11-16 23:55:23,710 [Worker-7: Building] INFO  o.a.m.s.f.DefaultMavenResourcesFiltering - skip non existing resourceDirectory C:\Users\sonjo\eclipse-workspace\BackEndGimalProject\gimalProject\src\test\resources
2025-11-16 23:55:23,710 [Worker-7: Building] WARN  o.apache.maven.project.MavenProject - Direct modification of compileSourceRoots through clear() is deprecated and will not work in Maven 4.0.0. Please use the add/remove methods instead. If you're using a plugin that causes this warning, please upgrade to the latest version and report an issue if the warning persists. To disable these warnings, set -Dmaven.project.sourceRoots.warningsDisabled=true on the command line, in the .mvn/maven.config file, or in project POM properties.
2025-11-16 23:55:23,711 [Worker-7: Building] WARN  o.apache.maven.project.MavenProject - Direct modification of compileSourceRoots through add() is deprecated and will not work in Maven 4.0.0. Please use the add/remove methods instead. If you're using a plugin that causes this warning, please upgrade to the latest version and report an issue if the warning persists. To disable these warnings, set -Dmaven.project.sourceRoots.warningsDisabled=true on the command line, in the .mvn/maven.config file, or in project POM properties.
2025-11-16 23:55:23,711 [Worker-7: Building] WARN  o.apache.maven.project.MavenProject - Direct modification of testCompileSourceRoots through clear() is deprecated and will not work in Maven 4.0.0. Please use the add/remove methods instead. If you're using a plugin that causes this warning, please upgrade to the latest version and report an issue if the warning persists. To disable these warnings, set -Dmaven.project.sourceRoots.warningsDisabled=true on the command line, in the .mvn/maven.config file, or in project POM properties.
2025-11-16 23:55:23,711 [Worker-7: Building] WARN  o.apache.maven.project.MavenProject - Direct modification of testCompileSourceRoots through add() is deprecated and will not work in Maven 4.0.0. Please use the add/remove methods instead. If you're using a plugin that causes this warning, please upgrade to the latest version and report an issue if the warning persists. To disable these warnings, set -Dmaven.project.sourceRoots.warningsDisabled=true on the command line, in the .mvn/maven.config file, or in project POM properties.
2025-11-16 23:55:43,999 [Worker-39: Building] INFO  o.a.m.s.f.DefaultMavenResourcesFiltering - Copying 1 resource from src\main\resources to target\classes
2025-11-16 23:55:44,000 [Worker-39: Building] INFO  o.a.m.s.f.DefaultMavenResourcesFiltering - skip non existing resourceDirectory C:\Users\sonjo\eclipse-workspace\BackEndGimalProject\gimalProject\src\test\resources
2025-11-16 23:55:44,000 [Worker-39: Building] WARN  o.apache.maven.project.MavenProject - Direct modification of compileSourceRoots through clear() is deprecated and will not work in Maven 4.0.0. Please use the add/remove methods instead. If you're using a plugin that causes this warning, please upgrade to the latest version and report an issue if the warning persists. To disable these warnings, set -Dmaven.project.sourceRoots.warningsDisabled=true on the command line, in the .mvn/maven.config file, or in project POM properties.
2025-11-16 23:55:44,000 [Worker-39: Building] WARN  o.apache.maven.project.MavenProject - Direct modification of compileSourceRoots through add() is deprecated and will not work in Maven 4.0.0. Please use the add/remove methods instead. If you're using a plugin that causes this warning, please upgrade to the latest version and report an issue if the warning persists. To disable these warnings, set -Dmaven.project.sourceRoots.warningsDisabled=true on the command line, in the .mvn/maven.config file, or in project POM properties.
2025-11-16 23:55:44,000 [Worker-39: Building] WARN  o.apache.maven.project.MavenProject - Direct modification of testCompileSourceRoots through clear() is deprecated and will not work in Maven 4.0.0. Please use the add/remove methods instead. If you're using a plugin that causes this warning, please upgrade to the latest version and report an issue if the warning persists. To disable these warnings, set -Dmaven.project.sourceRoots.warningsDisabled=true on the command line, in the .mvn/maven.config file, or in project POM properties.
2025-11-16 23:55:44,001 [Worker-39: Building] WARN  o.apache.maven.project.MavenProject - Direct modification of testCompileSourceRoots through add() is deprecated and will not work in Maven 4.0.0. Please use the add/remove methods instead. If you're using a plugin that causes this warning, please upgrade to the latest version and report an issue if the warning persists. To disable these warnings, set -Dmaven.project.sourceRoots.warningsDisabled=true on the command line, in the .mvn/maven.config file, or in project POM properties.
2025-11-16 23:55:54,673 [Worker-7: Building] INFO  o.a.m.s.f.DefaultMavenResourcesFiltering - Copying 1 resource from src\main\resources to target\classes
2025-11-16 23:55:54,674 [Worker-7: Building] INFO  o.a.m.s.f.DefaultMavenResourcesFiltering - skip non existing resourceDirectory C:\Users\sonjo\eclipse-workspace\BackEndGimalProject\gimalProject\src\test\resources
2025-11-16 23:55:54,674 [Worker-7: Building] WARN  o.apache.maven.project.MavenProject - Direct modification of compileSourceRoots through clear() is deprecated and will not work in Maven 4.0.0. Please use the add/remove methods instead. If you're using a plugin that causes this warning, please upgrade to the latest version and report an issue if the warning persists. To disable these warnings, set -Dmaven.project.sourceRoots.warningsDisabled=true on the command line, in the .mvn/maven.config file, or in project POM properties.
2025-11-16 23:55:54,674 [Worker-7: Building] WARN  o.apache.maven.project.MavenProject - Direct modification of compileSourceRoots through add() is deprecated and will not work in Maven 4.0.0. Please use the add/remove methods instead. If you're using a plugin that causes this warning, please upgrade to the latest version and report an issue if the warning persists. To disable these warnings, set -Dmaven.project.sourceRoots.warningsDisabled=true on the command line, in the .mvn/maven.config file, or in project POM properties.
2025-11-16 23:55:54,675 [Worker-7: Building] WARN  o.apache.maven.project.MavenProject - Direct modification of testCompileSourceRoots through clear() is deprecated and will not work in Maven 4.0.0. Please use the add/remove methods instead. If you're using a plugin that causes this warning, please upgrade to the latest version and report an issue if the warning persists. To disable these warnings, set -Dmaven.project.sourceRoots.warningsDisabled=true on the command line, in the .mvn/maven.config file, or in project POM properties.
2025-11-16 23:55:54,675 [Worker-7: Building] WARN  o.apache.maven.project.MavenProject - Direct modification of testCompileSourceRoots through add() is deprecated and will not work in Maven 4.0.0. Please use the add/remove methods instead. If you're using a plugin that causes this warning, please upgrade to the latest version and report an issue if the warning persists. To disable these warnings, set -Dmaven.project.sourceRoots.warningsDisabled=true on the command line, in the .mvn/maven.config file, or in project POM properties.
2025-11-16 23:57:13,215 [Worker-19: Building] INFO  o.a.m.s.f.DefaultMavenResourcesFiltering - Copying 1 resource from src\main\resources to target\classes
2025-11-16 23:57:13,216 [Worker-19: Building] INFO  o.a.m.s.f.DefaultMavenResourcesFiltering - skip non existing resourceDirectory C:\Users\sonjo\eclipse-workspace\BackEndGimalProject\gimalProject\src\test\resources
2025-11-16 23:57:13,216 [Worker-19: Building] WARN  o.apache.maven.project.MavenProject - Direct modification of compileSourceRoots through clear() is deprecated and will not work in Maven 4.0.0. Please use the add/remove methods instead. If you're using a plugin that causes this warning, please upgrade to the latest version and report an issue if the warning persists. To disable these warnings, set -Dmaven.project.sourceRoots.warningsDisabled=true on the command line, in the .mvn/maven.config file, or in project POM properties.
2025-11-16 23:57:13,217 [Worker-19: Building] WARN  o.apache.maven.project.MavenProject - Direct modification of compileSourceRoots through add() is deprecated and will not work in Maven 4.0.0. Please use the add/remove methods instead. If you're using a plugin that causes this warning, please upgrade to the latest version and report an issue if the warning persists. To disable these warnings, set -Dmaven.project.sourceRoots.warningsDisabled=true on the command line, in the .mvn/maven.config file, or in project POM properties.
2025-11-16 23:57:13,217 [Worker-19: Building] WARN  o.apache.maven.project.MavenProject - Direct modification of testCompileSourceRoots through clear() is deprecated and will not work in Maven 4.0.0. Please use the add/remove methods instead. If you're using a plugin that causes this warning, please upgrade to the latest version and report an issue if the warning persists. To disable these warnings, set -Dmaven.project.sourceRoots.warningsDisabled=true on the command line, in the .mvn/maven.config file, or in project POM properties.
2025-11-16 23:57:13,217 [Worker-19: Building] WARN  o.apache.maven.project.MavenProject - Direct modification of testCompileSourceRoots through add() is deprecated and will not work in Maven 4.0.0. Please use the add/remove methods instead. If you're using a plugin that causes this warning, please upgrade to the latest version and report an issue if the warning persists. To disable these warnings, set -Dmaven.project.sourceRoots.warningsDisabled=true on the command line, in the .mvn/maven.config file, or in project POM properties.
2025-11-16 23:57:46,488 [Worker-41: Building] INFO  o.a.m.s.f.DefaultMavenResourcesFiltering - Copying 1 resource from src\main\resources to target\classes
2025-11-16 23:57:46,489 [Worker-41: Building] INFO  o.a.m.s.f.DefaultMavenResourcesFiltering - skip non existing resourceDirectory C:\Users\sonjo\eclipse-workspace\BackEndGimalProject\gimalProject\src\test\resources
2025-11-16 23:57:46,490 [Worker-41: Building] WARN  o.apache.maven.project.MavenProject - Direct modification of compileSourceRoots through clear() is deprecated and will not work in Maven 4.0.0. Please use the add/remove methods instead. If you're using a plugin that causes this warning, please upgrade to the latest version and report an issue if the warning persists. To disable these warnings, set -Dmaven.project.sourceRoots.warningsDisabled=true on the command line, in the .mvn/maven.config file, or in project POM properties.
2025-11-16 23:57:46,490 [Worker-41: Building] WARN  o.apache.maven.project.MavenProject - Direct modification of compileSourceRoots through add() is deprecated and will not work in Maven 4.0.0. Please use the add/remove methods instead. If you're using a plugin that causes this warning, please upgrade to the latest version and report an issue if the warning persists. To disable these warnings, set -Dmaven.project.sourceRoots.warningsDisabled=true on the command line, in the .mvn/maven.config file, or in project POM properties.
2025-11-16 23:57:46,490 [Worker-41: Building] WARN  o.apache.maven.project.MavenProject - Direct modification of testCompileSourceRoots through clear() is deprecated and will not work in Maven 4.0.0. Please use the add/remove methods instead. If you're using a plugin that causes this warning, please upgrade to the latest version and report an issue if the warning persists. To disable these warnings, set -Dmaven.project.sourceRoots.warningsDisabled=true on the command line, in the .mvn/maven.config file, or in project POM properties.
2025-11-16 23:57:46,490 [Worker-41: Building] WARN  o.apache.maven.project.MavenProject - Direct modification of testCompileSourceRoots through add() is deprecated and will not work in Maven 4.0.0. Please use the add/remove methods instead. If you're using a plugin that causes this warning, please upgrade to the latest version and report an issue if the warning persists. To disable these warnings, set -Dmaven.project.sourceRoots.warningsDisabled=true on the command line, in the .mvn/maven.config file, or in project POM properties.
2025-11-17 00:03:18,180 [Worker-40: Building] INFO  o.a.m.s.f.DefaultMavenResourcesFiltering - Copying 1 resource from src\main\resources to target\classes
2025-11-17 00:03:18,181 [Worker-40: Building] INFO  o.a.m.s.f.DefaultMavenResourcesFiltering - skip non existing resourceDirectory C:\Users\sonjo\eclipse-workspace\BackEndGimalProject\gimalProject\src\test\resources
2025-11-17 00:03:18,181 [Worker-40: Building] WARN  o.apache.maven.project.MavenProject - Direct modification of compileSourceRoots through clear() is deprecated and will not work in Maven 4.0.0. Please use the add/remove methods instead. If you're using a plugin that causes this warning, please upgrade to the latest version and report an issue if the warning persists. To disable these warnings, set -Dmaven.project.sourceRoots.warningsDisabled=true on the command line, in the .mvn/maven.config file, or in project POM properties.
2025-11-17 00:03:18,181 [Worker-40: Building] WARN  o.apache.maven.project.MavenProject - Direct modification of compileSourceRoots through add() is deprecated and will not work in Maven 4.0.0. Please use the add/remove methods instead. If you're using a plugin that causes this warning, please upgrade to the latest version and report an issue if the warning persists. To disable these warnings, set -Dmaven.project.sourceRoots.warningsDisabled=true on the command line, in the .mvn/maven.config file, or in project POM properties.
2025-11-17 00:03:18,181 [Worker-40: Building] WARN  o.apache.maven.project.MavenProject - Direct modification of testCompileSourceRoots through clear() is deprecated and will not work in Maven 4.0.0. Please use the add/remove methods instead. If you're using a plugin that causes this warning, please upgrade to the latest version and report an issue if the warning persists. To disable these warnings, set -Dmaven.project.sourceRoots.warningsDisabled=true on the command line, in the .mvn/maven.config file, or in project POM properties.
2025-11-17 00:03:18,182 [Worker-40: Building] WARN  o.apache.maven.project.MavenProject - Direct modification of testCompileSourceRoots through add() is deprecated and will not work in Maven 4.0.0. Please use the add/remove methods instead. If you're using a plugin that causes this warning, please upgrade to the latest version and report an issue if the warning persists. To disable these warnings, set -Dmaven.project.sourceRoots.warningsDisabled=true on the command line, in the .mvn/maven.config file, or in project POM properties.
